backend_key,backend_label,category,workload,case_id,num_qubits,num_modes,cutoff,runtime_ms,memory_bytes,memory_kind,status,source,hardware,note
hybridcvdv,Gantry,hybrid_dv_cv,jch,sc26_jch_nq3_nm2_c4,3,2,4,4.89923,5376.0,peak_gpu,ok,scaling_full_20260405,1x NVIDIA L20,
hybridcvdv,Gantry,hybrid_dv_cv,jch,sc26_jch_nq3_nm2_c8,3,2,8,4.924824,13824.0,peak_gpu,ok,scaling_full_20260405,1x NVIDIA L20,
hybridcvdv,Gantry,hybrid_dv_cv,jch,sc26_jch_nq3_nm2_c16,3,2,16,13.84226,47616.0,peak_gpu,ok,scaling_full_20260405,1x NVIDIA L20,
hybridcvdv,Gantry,hybrid_dv_cv,jch,sc26_jch_nq3_nm2_c32,3,2,32,12.776465,182784.0,peak_gpu,ok,scaling_full_20260405,1x NVIDIA L20,
hybridcvdv,Gantry,hybrid_dv_cv,jch,sc26_jch_nq3_nm3_c4,3,3,4,6.808471,13824.0,peak_gpu,ok,scaling_full_20260405,1x NVIDIA L20,
bqsim,BQSim,hybrid_dv_cv,jch,sc26_jch_nq3_nm3_c4,3,3,4,15.0,131899392.0,reported,ok,bqsim_csv,Archived GPU baseline,
bosonic_gpu,Bosonic-GPU,hybrid_dv_cv,jch,jch_simulation_circuit|num_qubits=3|num_modes=3,3,3,4,257.073,4096.0,reported,ok,bosonic_csv,Archived GPU baseline,
atlas,Atlas,hybrid_dv_cv,jch,sc26_jch_nq3_nm3_c4,3,3,4,322.288636,274464768.0,reported,ok,atlas_csv,Archived Atlas Baseline,
hybridcvdv,Gantry,hybrid_dv_cv,jch,sc26_jch_nq3_nm3_c8,3,3,8,7.078534,92672.0,peak_gpu,ok,scaling_full_20260405,1x NVIDIA L20,
bqsim,BQSim,hybrid_dv_cv,jch,sc26_jch_nq3_nm3_c8,3,3,8,32.0,132169728.0,reported,ok,bqsim_csv,Archived GPU baseline,
bosonic_gpu,Bosonic-GPU,hybrid_dv_cv,jch,jch_simulation_circuit|num_qubits=3|num_modes=3,3,3,8,228.211,32768.0,reported,ok,bosonic_csv,Archived GPU baseline,
atlas,Atlas,hybrid_dv_cv,jch,sc26_jch_nq3_nm3_c8,3,3,8,360.886404,275148800.0,reported,ok,atlas_csv,Archived Atlas Baseline,
hybridcvdv,Gantry,hybrid_dv_cv,jch,sc26_jch_nq3_nm3_c16,3,3,16,7.086099,723456.0,peak_gpu,ok,scaling_full_20260405,1x NVIDIA L20,
bqsim,BQSim,hybrid_dv_cv,jch,sc26_jch_nq3_nm3_c16,3,3,16,157.0,132440064.0,reported,ok,bqsim_csv,Archived GPU baseline,
bosonic_gpu,Bosonic-GPU,hybrid_dv_cv,jch,jch_simulation_circuit|num_qubits=3|num_modes=3,3,3,16,3074.98,262144.0,reported,ok,bosonic_csv,Archived GPU baseline,
atlas,Atlas,hybrid_dv_cv,jch,sc26_jch_nq3_nm3_c16,3,3,16,814.877444,454184960.0,reported,ok,atlas_csv,Archived Atlas Baseline,
hybridcvdv,Gantry,hybrid_dv_cv,jch,sc26_jch_nq3_nm3_c32,3,3,32,14.978784,5769728.0,peak_gpu,ok,scaling_full_20260405,1x NVIDIA L20,
hybridcvdv,Gantry,hybrid_dv_cv,jch,sc26_jch_nq3_nm4_c4,3,4,4,7.392099,47616.0,peak_gpu,ok,scaling_full_20260405,1x NVIDIA L20,
bqsim,BQSim,hybrid_dv_cv,jch,sc26_jch_nq3_nm4_c4,3,4,4,23.0,131907584.0,reported,ok,bqsim_csv,Archived GPU baseline,
bosonic_gpu,Bosonic-GPU,hybrid_dv_cv,jch,jch_simulation_circuit|num_qubits=3|num_modes=4,3,4,4,277.301,16384.0,reported,ok,bosonic_csv,Archived GPU baseline,
atlas,Atlas,hybrid_dv_cv,jch,sc26_jch_nq3_nm4_c4,3,4,4,616.652402,275484672.0,reported,ok,atlas_csv,Archived Atlas Baseline,
hybridcvdv,Gantry,hybrid_dv_cv,jch,sc26_jch_nq3_nm4_c8,3,4,8,7.548066,723456.0,peak_gpu,ok,scaling_full_20260405,1x NVIDIA L20,
bqsim,BQSim,hybrid_dv_cv,jch,sc26_jch_nq3_nm4_c8,3,4,8,240.0,132444160.0,reported,ok,bqsim_csv,Archived GPU baseline,
bosonic_gpu,Bosonic-GPU,hybrid_dv_cv,jch,jch_simulation_circuit|num_qubits=3|num_modes=4,3,4,8,282.326,262144.0,reported,ok,bosonic_csv,Archived GPU baseline,
atlas,Atlas,hybrid_dv_cv,jch,sc26_jch_nq3_nm4_c8,3,4,8,1118.165356,454225920.0,reported,ok,atlas_csv,Archived Atlas Baseline,
hybridcvdv,Gantry,hybrid_dv_cv,jch,sc26_jch_nq3_nm4_c16,3,4,16,8.936283,11536896.0,peak_gpu,ok,scaling_full_20260405,1x NVIDIA L20,
bqsim,BQSim,hybrid_dv_cv,jch,sc26_jch_nq3_nm4_c16,3,4,16,9087.0,148865024.0,reported,ok,bqsim_csv,Archived GPU baseline,
bosonic_gpu,Bosonic-GPU,hybrid_dv_cv,jch,jch_simulation_circuit|num_qubits=3|num_modes=4,3,4,16,404.121,4194304.0,reported,ok,bosonic_csv,Archived GPU baseline,
atlas,Atlas,hybrid_dv_cv,jch,sc26_jch_nq3_nm4_c16,3,4,16,,,reported,failed,atlas_csv,Archived Atlas Baseline,
hybridcvdv,Gantry,hybrid_dv_cv,jch,sc26_jch_nq3_nm4_c32,3,4,32,35.757674,184551936.0,peak_gpu,ok,scaling_full_20260405,1x NVIDIA L20,
hybridcvdv,Gantry,hybrid_dv_cv,jch,sc26_jch_nq3_nm5_c4,3,5,4,7.915696,182784.0,peak_gpu,ok,scaling_full_20260405,1x NVIDIA L20,
bqsim,BQSim,hybrid_dv_cv,jch,sc26_jch_nq3_nm5_c4,3,5,4,55.0,132440064.0,reported,ok,bqsim_csv,Archived GPU baseline,
bosonic_gpu,Bosonic-GPU,hybrid_dv_cv,jch,jch_simulation_circuit|num_qubits=3|num_modes=5,3,5,4,326.477,65536.0,reported,ok,bosonic_csv,Archived GPU baseline,
atlas,Atlas,hybrid_dv_cv,jch,sc26_jch_nq3_nm5_c4,3,5,4,508.360567,275546112.0,reported,ok,atlas_csv,Archived Atlas Baseline,
hybridcvdv,Gantry,hybrid_dv_cv,jch,sc26_jch_nq3_nm5_c8,3,5,8,8.677948,5769728.0,peak_gpu,ok,scaling_full_20260405,1x NVIDIA L20,
bqsim,BQSim,hybrid_dv_cv,jch,sc26_jch_nq3_nm5_c8,3,5,8,1977.0,139010048.0,reported,ok,bqsim_csv,Archived GPU baseline,
bosonic_gpu,Bosonic-GPU,hybrid_dv_cv,jch,jch_simulation_circuit|num_qubits=3|num_modes=5,3,5,8,124.849,2097152.0,reported,ok,bosonic_csv,Archived GPU baseline,
atlas,Atlas,hybrid_dv_cv,jch,sc26_jch_nq3_nm5_c8,3,5,8,43207.190523,17365516288.0,reported,ok,atlas_csv,Archived Atlas Baseline,
hybridcvdv,Gantry,hybrid_dv_cv,jch,sc26_jch_nq3_nm5_c16,3,5,16,34.725949,184551936.0,peak_gpu,ok,scaling_full_20260405,1x NVIDIA L20,
bqsim,BQSim,hybrid_dv_cv,jch,sc26_jch_nq3_nm5_c16,3,5,16,329381.0,399593472.0,reported,ok,bqsim_csv,Archived GPU baseline,
bosonic_gpu,Bosonic-GPU,hybrid_dv_cv,jch,jch_simulation_circuit|num_qubits=3|num_modes=5,3,5,16,7155.96,67108864.0,reported,ok,bosonic_csv,Archived GPU baseline,
atlas,Atlas,hybrid_dv_cv,jch,sc26_jch_nq3_nm5_c16,3,5,16,,,reported,failed,atlas_csv,Archived Atlas Baseline,
hybridcvdv,Gantry,hybrid_dv_cv,jch,sc26_jch_nq3_nm5_c32,3,5,32,1079.460366,5905581252.0,peak_gpu,ok,scaling_full_20260405,1x NVIDIA L20,
hybridcvdv,Gantry,hybrid_dv_cv,jch,sc26_jch_nq3_nm6_c4,3,6,4,8.388257,723456.0,peak_gpu,ok,scaling_full_20260405,1x NVIDIA L20,
bqsim,BQSim,hybrid_dv_cv,jch,sc26_jch_nq3_nm6_c4,3,6,4,184.0,132440064.0,reported,ok,bqsim_csv,Archived GPU baseline,
bosonic_gpu,Bosonic-GPU,hybrid_dv_cv,jch,jch_simulation_circuit|num_qubits=3|num_modes=6,3,6,4,275.207,262144.0,reported,ok,bosonic_csv,Archived GPU baseline,
atlas,Atlas,hybrid_dv_cv,jch,sc26_jch_nq3_nm6_c4,3,6,4,984.76011,454205440.0,reported,ok,atlas_csv,Archived Atlas Baseline,
hybridcvdv,Gantry,hybrid_dv_cv,jch,sc26_jch_nq3_nm6_c8,3,6,8,14.272498,46139904.0,peak_gpu,ok,scaling_full_20260405,1x NVIDIA L20,
bqsim,BQSim,hybrid_dv_cv,jch,sc26_jch_nq3_nm6_c8,3,6,8,29249.0,198254592.0,reported,ok,bqsim_csv,Archived GPU baseline,
bosonic_gpu,Bosonic-GPU,hybrid_dv_cv,jch,jch_simulation_circuit|num_qubits=3|num_modes=6,3,6,8,306.217,16777216.0,reported,ok,bosonic_csv,Archived GPU baseline,
atlas,Atlas,hybrid_dv_cv,jch,sc26_jch_nq3_nm6_c8,3,6,8,,,reported,failed,atlas_csv,Archived Atlas Baseline,
hybridcvdv,Gantry,hybrid_dv_cv,jch,sc26_jch_nq3_nm6_c16,3,6,16,505.56486,2952792476.0,peak_gpu,ok,scaling_full_20260405,1x NVIDIA L20,
bqsim,BQSim,hybrid_dv_cv,jch,sc26_jch_nq3_nm6_c16,3,6,16,,,reported,failed,bqsim_csv,Archived GPU baseline,
bosonic_gpu,Bosonic-GPU,hybrid_dv_cv,jch,jch_simulation_circuit|num_qubits=3|num_modes=6,3,6,16,6824.57,1073741824.0,reported,ok,bosonic_csv,Archived GPU baseline,
atlas,Atlas,hybrid_dv_cv,jch,sc26_jch_nq3_nm6_c16,3,6,16,,,reported,failed,atlas_csv,Archived Atlas Baseline,
hybridcvdv,Gantry,hybrid_dv_cv,jch,sc26_jch_nq3_nm6_c32,3,6,32,,,peak_gpu,failed,scaling_full_20260405,1x NVIDIA L20,
hybridcvdv,Gantry,hybrid_dv_cv,jch,sc26_jch_nq3_nm7_c4,3,7,4,9.151224,2886144.0,peak_gpu,ok,scaling_full_20260405,1x NVIDIA L20,
bqsim,BQSim,hybrid_dv_cv,jch,sc26_jch_nq3_nm7_c4,3,7,4,790.0,134811648.0,reported,ok,bqsim_csv,Archived GPU baseline,
bosonic_gpu,Bosonic-GPU,hybrid_dv_cv,jch,jch_simulation_circuit|num_qubits=3|num_modes=7,3,7,4,242.381,1048576.0,reported,ok,bosonic_csv,Archived GPU baseline,
atlas,Atlas,hybrid_dv_cv,jch,sc26_jch_nq3_nm7_c4,3,7,4,8814.539676,4480475136.0,reported,ok,atlas_csv,Archived Atlas Baseline,
hybridcvdv,Gantry,hybrid_dv_cv,jch,sc26_jch_nq3_nm7_c8,3,7,8,63.867479,369101312.0,peak_gpu,ok,scaling_full_20260405,1x NVIDIA L20,
bqsim,BQSim,hybrid_dv_cv,jch,sc26_jch_nq3_nm7_c8,3,7,8,,,reported,failed,bqsim_csv,Archived GPU baseline,
bosonic_gpu,Bosonic-GPU,hybrid_dv_cv,jch,jch_simulation_circuit|num_qubits=3|num_modes=7,3,7,8,10426.1,134217728.0,reported,ok,bosonic_csv,Archived GPU baseline,
atlas,Atlas,hybrid_dv_cv,jch,sc26_jch_nq3_nm7_c8,3,7,8,,,reported,failed,atlas_csv,Archived Atlas Baseline,
hybridcvdv,Gantry,hybrid_dv_cv,jch,sc26_jch_nq3_nm7_c16,3,7,16,,,peak_gpu,failed,scaling_full_20260405,1x NVIDIA L20,
bqsim,BQSim,hybrid_dv_cv,jch,sc26_jch_nq3_nm7_c16,3,7,16,,,reported,failed,bqsim_csv,Archived GPU baseline,
bosonic_gpu,Bosonic-GPU,hybrid_dv_cv,jch,jch_simulation_circuit|num_qubits=3|num_modes=7,3,7,16,,,reported,failed,bosonic_csv,Archived GPU baseline,Failed to allocate GPU memory
atlas,Atlas,hybrid_dv_cv,jch,sc26_jch_nq3_nm7_c16,3,7,16,,,reported,failed,atlas_csv,Archived Atlas Baseline,
hybridcvdv,Gantry,hybrid_dv_cv,jch,sc26_jch_nq4_nm2_c4,4,2,4,4.893302,5376.0,peak_gpu,ok,scaling_full_20260405,1x NVIDIA L20,
hybridcvdv,Gantry,hybrid_dv_cv,jch,sc26_jch_nq4_nm2_c8,4,2,8,4.99374,13824.0,peak_gpu,ok,scaling_full_20260405,1x NVIDIA L20,
hybridcvdv,Gantry,hybrid_dv_cv,jch,sc26_jch_nq4_nm2_c16,4,2,16,9.622743,47616.0,peak_gpu,ok,scaling_full_20260405,1x NVIDIA L20,
hybridcvdv,Gantry,hybrid_dv_cv,jch,sc26_jch_nq4_nm2_c32,4,2,32,10.672279,182784.0,peak_gpu,ok,scaling_full_20260405,1x NVIDIA L20,
hybridcvdv,Gantry,hybrid_dv_cv,jch,sc26_jch_nq4_nm3_c4,4,3,4,9.072407,24064.0,peak_gpu,ok,scaling_full_20260405,1x NVIDIA L20,
bqsim,BQSim,hybrid_dv_cv,jch,sc26_jch_nq4_nm3_c4,4,3,4,16.0,131899392.0,reported,ok,bqsim_csv,Archived GPU baseline,
bosonic_gpu,Bosonic-GPU,hybrid_dv_cv,jch,jch_simulation_circuit|num_qubits=4|num_modes=3,4,3,4,270.872,8192.0,reported,ok,bosonic_csv,Archived GPU baseline,
atlas,Atlas,hybrid_dv_cv,jch,sc26_jch_nq4_nm3_c4,4,3,4,520.05373,274665472.0,reported,ok,atlas_csv,Archived Atlas Baseline,
hybridcvdv,Gantry,hybrid_dv_cv,jch,sc26_jch_nq4_nm3_c8,4,3,8,9.412599,174592.0,peak_gpu,ok,scaling_full_20260405,1x NVIDIA L20,
bqsim,BQSim,hybrid_dv_cv,jch,sc26_jch_nq4_nm3_c8,4,3,8,41.0,132423680.0,reported,ok,bqsim_csv,Archived GPU baseline,
bosonic_gpu,Bosonic-GPU,hybrid_dv_cv,jch,jch_simulation_circuit|num_qubits=4|num_modes=3,4,3,8,170.891,65536.0,reported,ok,bosonic_csv,Archived GPU baseline,
atlas,Atlas,hybrid_dv_cv,jch,sc26_jch_nq4_nm3_c8,4,3,8,564.984126,275574784.0,reported,ok,atlas_csv,Archived Atlas Baseline,
hybridcvdv,Gantry,hybrid_dv_cv,jch,sc26_jch_nq4_nm3_c16,4,3,16,15.155425,1378816.0,peak_gpu,ok,scaling_full_20260405,1x NVIDIA L20,
bqsim,BQSim,hybrid_dv_cv,jch,sc26_jch_nq4_nm3_c16,4,3,16,285.0,132440064.0,reported,ok,bqsim_csv,Archived GPU baseline,
bosonic_gpu,Bosonic-GPU,hybrid_dv_cv,jch,jch_simulation_circuit|num_qubits=4|num_modes=3,4,3,16,4221.56,524288.0,reported,ok,bosonic_csv,Archived GPU baseline,
atlas,Atlas,hybrid_dv_cv,jch,sc26_jch_nq4_nm3_c16,4,3,16,1253.148175,454238208.0,reported,ok,atlas_csv,Archived Atlas Baseline,
hybridcvdv,Gantry,hybrid_dv_cv,jch,sc26_jch_nq4_nm3_c32,4,3,32,20.516735,11012608.0,peak_gpu,ok,scaling_full_20260405,1x NVIDIA L20,
hybridcvdv,Gantry,hybrid_dv_cv,jch,sc26_jch_nq4_nm4_c4,4,4,4,12.524783,88576.0,peak_gpu,ok,scaling_full_20260405,1x NVIDIA L20,
bqsim,BQSim,hybrid_dv_cv,jch,sc26_jch_nq4_nm4_c4,4,4,4,31.0,131907584.0,reported,ok,bqsim_csv,Archived GPU baseline,
bosonic_gpu,Bosonic-GPU,hybrid_dv_cv,jch,jch_simulation_circuit|num_qubits=4|num_modes=4,4,4,4,337.79,32768.0,reported,ok,bosonic_csv,Archived GPU baseline,
atlas,Atlas,hybrid_dv_cv,jch,sc26_jch_nq4_nm4_c4,4,4,4,546.524445,275402752.0,reported,ok,atlas_csv,Archived Atlas Baseline,
hybridcvdv,Gantry,hybrid_dv_cv,jch,sc26_jch_nq4_nm4_c8,4,4,8,12.991094,1378816.0,peak_gpu,ok,scaling_full_20260405,1x NVIDIA L20,
bqsim,BQSim,hybrid_dv_cv,jch,sc26_jch_nq4_nm4_c8,4,4,8,403.0,132448256.0,reported,ok,bqsim_csv,Archived GPU baseline,
bosonic_gpu,Bosonic-GPU,hybrid_dv_cv,jch,jch_simulation_circuit|num_qubits=4|num_modes=4,4,4,8,300.341,524288.0,reported,ok,bosonic_csv,Archived GPU baseline,
atlas,Atlas,hybrid_dv_cv,jch,sc26_jch_nq4_nm4_c8,4,4,8,1390.203178,454164480.0,reported,ok,atlas_csv,Archived Atlas Baseline,
hybridcvdv,Gantry,hybrid_dv_cv,jch,sc26_jch_nq4_nm4_c16,4,4,16,26.845565,22022656.0,peak_gpu,ok,scaling_full_20260405,1x NVIDIA L20,
bqsim,BQSim,hybrid_dv_cv,jch,sc26_jch_nq4_nm4_c16,4,4,16,18100.0,165482496.0,reported,ok,bqsim_csv,Archived GPU baseline,
bosonic_gpu,Bosonic-GPU,hybrid_dv_cv,jch,jch_simulation_circuit|num_qubits=4|num_modes=4,4,4,16,11197.7,8388608.0,reported,ok,bosonic_csv,Archived GPU baseline,
atlas,Atlas,hybrid_dv_cv,jch,sc26_jch_nq4_nm4_c16,4,4,16,,,reported,failed,atlas_csv,Archived Atlas Baseline,
hybridcvdv,Gantry,hybrid_dv_cv,jch,sc26_jch_nq4_nm4_c32,4,4,32,70.902287,352324096.0,peak_gpu,ok,scaling_full_20260405,1x NVIDIA L20,
hybridcvdv,Gantry,hybrid_dv_cv,jch,sc26_jch_nq4_nm5_c4,4,5,4,13.118903,346624.0,peak_gpu,ok,scaling_full_20260405,1x NVIDIA L20,
bqsim,BQSim,hybrid_dv_cv,jch,sc26_jch_nq4_nm5_c4,4,5,4,96.0,132435968.0,reported,ok,bqsim_csv,Archived GPU baseline,
bosonic_gpu,Bosonic-GPU,hybrid_dv_cv,jch,jch_simulation_circuit|num_qubits=4|num_modes=5,4,5,4,154.354,131072.0,reported,ok,bosonic_csv,Archived GPU baseline,
atlas,Atlas,hybrid_dv_cv,jch,sc26_jch_nq4_nm5_c4,4,5,4,600.778286,275869696.0,reported,ok,atlas_csv,Archived Atlas Baseline,
hybridcvdv,Gantry,hybrid_dv_cv,jch,sc26_jch_nq4_nm5_c8,4,5,8,14.650968,11012608.0,peak_gpu,ok,scaling_full_20260405,1x NVIDIA L20,
bqsim,BQSim,hybrid_dv_cv,jch,sc26_jch_nq4_nm5_c8,4,5,8,5034.0,147664896.0,reported,ok,bqsim_csv,Archived GPU baseline,
bosonic_gpu,Bosonic-GPU,hybrid_dv_cv,jch,jch_simulation_circuit|num_qubits=4|num_modes=5,4,5,8,755.855,4194304.0,reported,ok,bosonic_csv,Archived GPU baseline,
atlas,Atlas,hybrid_dv_cv,jch,sc26_jch_nq4_nm5_c8,4,5,8,45188.565771,17365901312.0,reported,ok,atlas_csv,Archived Atlas Baseline,
hybridcvdv,Gantry,hybrid_dv_cv,jch,sc26_jch_nq4_nm5_c16,4,5,16,69.199357,352324096.0,peak_gpu,ok,scaling_full_20260405,1x NVIDIA L20,
bqsim,BQSim,hybrid_dv_cv,jch,sc26_jch_nq4_nm5_c16,4,5,16,,,reported,failed,bqsim_csv,Archived GPU baseline,
bosonic_gpu,Bosonic-GPU,hybrid_dv_cv,jch,jch_simulation_circuit|num_qubits=4|num_modes=5,4,5,16,2615.62,134217728.0,reported,ok,bosonic_csv,Archived GPU baseline,
atlas,Atlas,hybrid_dv_cv,jch,sc26_jch_nq4_nm5_c16,4,5,16,,,reported,failed,atlas_csv,Archived Atlas Baseline,
hybridcvdv,Gantry,hybrid_dv_cv,jch,sc26_jch_nq4_nm5_c32,4,5,32,2010.92785,11274290372.0,peak_gpu,ok,scaling_full_20260405,1x NVIDIA L20,
hybridcvdv,Gantry,hybrid_dv_cv,jch,sc26_jch_nq4_nm6_c4,4,6,4,13.772504,1378816.0,peak_gpu,ok,scaling_full_20260405,1x NVIDIA L20,
bqsim,BQSim,hybrid_dv_cv,jch,sc26_jch_nq4_nm6_c4,4,6,4,402.0,132182016.0,reported,ok,bqsim_csv,Archived GPU baseline,
bosonic_gpu,Bosonic-GPU,hybrid_dv_cv,jch,jch_simulation_circuit|num_qubits=4|num_modes=6,4,6,4,186.459,524288.0,reported,ok,bosonic_csv,Archived GPU baseline,
atlas,Atlas,hybrid_dv_cv,jch,sc26_jch_nq4_nm6_c4,4,6,4,1128.980608,454201344.0,reported,ok,atlas_csv,Archived Atlas Baseline,
hybridcvdv,Gantry,hybrid_dv_cv,jch,sc26_jch_nq4_nm6_c8,4,6,8,25.651706,88082944.0,peak_gpu,ok,scaling_full_20260405,1x NVIDIA L20,
bqsim,BQSim,hybrid_dv_cv,jch,sc26_jch_nq4_nm6_c8,4,6,8,88239.0,265375744.0,reported,ok,bqsim_csv,Archived GPU baseline,
bosonic_gpu,Bosonic-GPU,hybrid_dv_cv,jch,jch_simulation_circuit|num_qubits=4|num_modes=6,4,6,8,3328.23,33554432.0,reported,ok,bosonic_csv,Archived GPU baseline,
atlas,Atlas,hybrid_dv_cv,jch,sc26_jch_nq4_nm6_c8,4,6,8,,,reported,failed,atlas_csv,Archived Atlas Baseline,
hybridcvdv,Gantry,hybrid_dv_cv,jch,sc26_jch_nq4_nm6_c16,4,6,16,968.685071,5637147036.0,peak_gpu,ok,scaling_full_20260405,1x NVIDIA L20,
bqsim,BQSim,hybrid_dv_cv,jch,sc26_jch_nq4_nm6_c16,4,6,16,,,reported,failed,bqsim_csv,Archived GPU baseline,
bosonic_gpu,Bosonic-GPU,hybrid_dv_cv,jch,jch_simulation_circuit|num_qubits=4|num_modes=6,4,6,16,,,reported,failed,bosonic_csv,Archived GPU baseline,Failed to allocate GPU memory
atlas,Atlas,hybrid_dv_cv,jch,sc26_jch_nq4_nm6_c16,4,6,16,,,reported,failed,atlas_csv,Archived Atlas Baseline,
hybridcvdv,Gantry,hybrid_dv_cv,jch,sc26_jch_nq4_nm6_c32,4,6,32,,,peak_gpu,failed,scaling_full_20260405,1x NVIDIA L20,
hybridcvdv,Gantry,hybrid_dv_cv,jch,sc26_jch_nq4_nm7_c4,4,7,4,14.799475,5507584.0,peak_gpu,ok,scaling_full_20260405,1x NVIDIA L20,
bqsim,BQSim,hybrid_dv_cv,jch,sc26_jch_nq4_nm7_c4,4,7,4,1780.0,139001856.0,reported,ok,bqsim_csv,Archived GPU baseline,
bosonic_gpu,Bosonic-GPU,hybrid_dv_cv,jch,jch_simulation_circuit|num_qubits=4|num_modes=7,4,7,4,271.677,2097152.0,reported,ok,bosonic_csv,Archived GPU baseline,
atlas,Atlas,hybrid_dv_cv,jch,sc26_jch_nq4_nm7_c4,4,7,4,10975.007085,4480806912.0,reported,ok,atlas_csv,Archived Atlas Baseline,
hybridcvdv,Gantry,hybrid_dv_cv,jch,sc26_jch_nq4_nm7_c8,4,7,8,127.099158,704645632.0,peak_gpu,ok,scaling_full_20260405,1x NVIDIA L20,
bqsim,BQSim,hybrid_dv_cv,jch,sc26_jch_nq4_nm7_c8,4,7,8,,,reported,failed,bqsim_csv,Archived GPU baseline,
bosonic_gpu,Bosonic-GPU,hybrid_dv_cv,jch,jch_simulation_circuit|num_qubits=4|num_modes=7,4,7,8,6182.73,268435456.0,reported,ok,bosonic_csv,Archived GPU baseline,
atlas,Atlas,hybrid_dv_cv,jch,sc26_jch_nq4_nm7_c8,4,7,8,,,reported,failed,atlas_csv,Archived Atlas Baseline,
hybridcvdv,Gantry,hybrid_dv_cv,jch,sc26_jch_nq4_nm7_c16,4,7,16,,,peak_gpu,failed,scaling_full_20260405,1x NVIDIA L20,
bqsim,BQSim,hybrid_dv_cv,jch,sc26_jch_nq4_nm7_c16,4,7,16,,,reported,failed,bqsim_csv,Archived GPU baseline,
bosonic_gpu,Bosonic-GPU,hybrid_dv_cv,jch,jch_simulation_circuit|num_qubits=4|num_modes=7,4,7,16,60.9711,34359738368.0,reported,ok,bosonic_csv,Archived GPU baseline,
atlas,Atlas,hybrid_dv_cv,jch,sc26_jch_nq4_nm7_c16,4,7,16,,,reported,failed,atlas_csv,Archived Atlas Baseline,
hybridcvdv,Gantry,hybrid_dv_cv,jch,sc26_jch_nq5_nm2_c4,5,2,4,4.926335,5376.0,peak_gpu,ok,scaling_full_20260405,1x NVIDIA L20,
hybridcvdv,Gantry,hybrid_dv_cv,jch,sc26_jch_nq5_nm2_c8,5,2,8,4.994451,13824.0,peak_gpu,ok,scaling_full_20260405,1x NVIDIA L20,
hybridcvdv,Gantry,hybrid_dv_cv,jch,sc26_jch_nq5_nm2_c16,5,2,16,9.618941,47616.0,peak_gpu,ok,scaling_full_20260405,1x NVIDIA L20,
hybridcvdv,Gantry,hybrid_dv_cv,jch,sc26_jch_nq5_nm2_c32,5,2,32,9.624066,182784.0,peak_gpu,ok,scaling_full_20260405,1x NVIDIA L20,
hybridcvdv,Gantry,hybrid_dv_cv,jch,sc26_jch_nq5_nm3_c4,5,3,4,9.126022,24064.0,peak_gpu,ok,scaling_full_20260405,1x NVIDIA L20,
bqsim,BQSim,hybrid_dv_cv,jch,sc26_jch_nq5_nm3_c4,5,3,4,17.0,131899392.0,reported,ok,bqsim_csv,Archived GPU baseline,
bosonic_gpu,Bosonic-GPU,hybrid_dv_cv,jch,jch_simulation_circuit|num_qubits=5|num_modes=3,5,3,4,293.117,16384.0,reported,ok,bosonic_csv,Archived GPU baseline,
atlas,Atlas,hybrid_dv_cv,jch,sc26_jch_nq5_nm3_c4,5,3,4,761.255296,274194432.0,reported,ok,atlas_csv,Archived Atlas Baseline,
hybridcvdv,Gantry,hybrid_dv_cv,jch,sc26_jch_nq5_nm3_c8,5,3,8,9.418208,174592.0,peak_gpu,ok,scaling_full_20260405,1x NVIDIA L20,
bqsim,BQSim,hybrid_dv_cv,jch,sc26_jch_nq5_nm3_c8,5,3,8,68.0,132354048.0,reported,ok,bqsim_csv,Archived GPU baseline,
bosonic_gpu,Bosonic-GPU,hybrid_dv_cv,jch,jch_simulation_circuit|num_qubits=5|num_modes=3,5,3,8,556.047,131072.0,reported,ok,bosonic_csv,Archived GPU baseline,
atlas,Atlas,hybrid_dv_cv,jch,sc26_jch_nq5_nm3_c8,5,3,8,779.433765,275582976.0,reported,ok,atlas_csv,Archived Atlas Baseline,
hybridcvdv,Gantry,hybrid_dv_cv,jch,sc26_jch_nq5_nm3_c16,5,3,16,14.104217,1378816.0,peak_gpu,ok,scaling_full_20260405,1x NVIDIA L20,
bqsim,BQSim,hybrid_dv_cv,jch,sc26_jch_nq5_nm3_c16,5,3,16,533.0,134545408.0,reported,ok,bqsim_csv,Archived GPU baseline,
bosonic_gpu,Bosonic-GPU,hybrid_dv_cv,jch,jch_simulation_circuit|num_qubits=5|num_modes=3,5,3,16,290.652,1048576.0,reported,ok,bosonic_csv,Archived GPU baseline,
atlas,Atlas,hybrid_dv_cv,jch,sc26_jch_nq5_nm3_c16,5,3,16,1499.115769,454180864.0,reported,ok,atlas_csv,Archived Atlas Baseline,
hybridcvdv,Gantry,hybrid_dv_cv,jch,sc26_jch_nq5_nm3_c32,5,3,32,20.517292,11012608.0,peak_gpu,ok,scaling_full_20260405,1x NVIDIA L20,
hybridcvdv,Gantry,hybrid_dv_cv,jch,sc26_jch_nq5_nm4_c4,5,4,4,17.098515,150016.0,peak_gpu,ok,scaling_full_20260405,1x NVIDIA L20,
bqsim,BQSim,hybrid_dv_cv,jch,sc26_jch_nq5_nm4_c4,5,4,4,37.0,131907584.0,reported,ok,bqsim_csv,Archived GPU baseline,
bosonic_gpu,Bosonic-GPU,hybrid_dv_cv,jch,jch_simulation_circuit|num_qubits=5|num_modes=4,5,4,4,353.138,65536.0,reported,ok,bosonic_csv,Archived GPU baseline,
atlas,Atlas,hybrid_dv_cv,jch,sc26_jch_nq5_nm4_c4,5,4,4,412.889129,275615744.0,reported,ok,atlas_csv,Archived Atlas Baseline,
hybridcvdv,Gantry,hybrid_dv_cv,jch,sc26_jch_nq5_nm4_c8,5,4,8,17.809612,2361856.0,peak_gpu,ok,scaling_full_20260405,1x NVIDIA L20,
bqsim,BQSim,hybrid_dv_cv,jch,sc26_jch_nq5_nm4_c8,5,4,8,774.0,134541312.0,reported,ok,bqsim_csv,Archived GPU baseline,
bosonic_gpu,Bosonic-GPU,hybrid_dv_cv,jch,jch_simulation_circuit|num_qubits=5|num_modes=4,5,4,8,189.865,1048576.0,reported,ok,bosonic_csv,Archived GPU baseline,
atlas,Atlas,hybrid_dv_cv,jch,sc26_jch_nq5_nm4_c8,5,4,8,1144.133162,454258688.0,reported,ok,atlas_csv,Archived Atlas Baseline,
hybridcvdv,Gantry,hybrid_dv_cv,jch,sc26_jch_nq5_nm4_c16,5,4,16,26.034897,37751296.0,peak_gpu,ok,scaling_full_20260405,1x NVIDIA L20,
bqsim,BQSim,hybrid_dv_cv,jch,sc26_jch_nq5_nm4_c16,5,4,16,36145.0,199147520.0,reported,ok,bqsim_csv,Archived GPU baseline,
bosonic_gpu,Bosonic-GPU,hybrid_dv_cv,jch,jch_simulation_circuit|num_qubits=5|num_modes=4,5,4,16,4689.28,16777216.0,reported,ok,bosonic_csv,Archived GPU baseline,
atlas,Atlas,hybrid_dv_cv,jch,sc26_jch_nq5_nm4_c16,5,4,16,,,reported,failed,atlas_csv,Archived Atlas Baseline,
hybridcvdv,Gantry,hybrid_dv_cv,jch,sc26_jch_nq5_nm4_c32,5,4,32,109.146673,603982336.0,peak_gpu,ok,scaling_full_20260405,1x NVIDIA L20,
hybridcvdv,Gantry,hybrid_dv_cv,jch,sc26_jch_nq5_nm5_c4,5,5,4,23.407043,592384.0,peak_gpu,ok,scaling_full_20260405,1x NVIDIA L20,
bqsim,BQSim,hybrid_dv_cv,jch,sc26_jch_nq5_nm5_c4,5,5,4,149.0,132444160.0,reported,ok,bqsim_csv,Archived GPU baseline,
bosonic_gpu,Bosonic-GPU,hybrid_dv_cv,jch,jch_simulation_circuit|num_qubits=5|num_modes=5,5,5,4,279.714,262144.0,reported,ok,bosonic_csv,Archived GPU baseline,
atlas,Atlas,hybrid_dv_cv,jch,sc26_jch_nq5_nm5_c4,5,5,4,651.333145,275505152.0,reported,ok,atlas_csv,Archived Atlas Baseline,
hybridcvdv,Gantry,hybrid_dv_cv,jch,sc26_jch_nq5_nm5_c8,5,5,8,26.59776,18876928.0,peak_gpu,ok,scaling_full_20260405,1x NVIDIA L20,
bqsim,BQSim,hybrid_dv_cv,jch,sc26_jch_nq5_nm5_c8,5,5,8,9982.0,164704256.0,reported,ok,bqsim_csv,Archived GPU baseline,
bosonic_gpu,Bosonic-GPU,hybrid_dv_cv,jch,jch_simulation_circuit|num_qubits=5|num_modes=5,5,5,8,593.67,8388608.0,reported,ok,bosonic_csv,Archived GPU baseline,
atlas,Atlas,hybrid_dv_cv,jch,sc26_jch_nq5_nm5_c8,5,5,8,46800.516635,17365921792.0,reported,ok,atlas_csv,Archived Atlas Baseline,
hybridcvdv,Gantry,hybrid_dv_cv,jch,sc26_jch_nq5_nm5_c16,5,5,16,144.16562,603982336.0,peak_gpu,ok,scaling_full_20260405,1x NVIDIA L20,
bqsim,BQSim,hybrid_dv_cv,jch,sc26_jch_nq5_nm5_c16,5,5,16,,,reported,failed,bqsim_csv,Archived GPU baseline,
bosonic_gpu,Bosonic-GPU,hybrid_dv_cv,jch,jch_simulation_circuit|num_qubits=5|num_modes=5,5,5,16,3332.52,268435456.0,reported,ok,bosonic_csv,Archived GPU baseline,
atlas,Atlas,hybrid_dv_cv,jch,sc26_jch_nq5_nm5_c16,5,5,16,,,reported,failed,atlas_csv,Archived Atlas Baseline,
hybridcvdv,Gantry,hybrid_dv_cv,jch,sc26_jch_nq5_nm5_c32,5,5,32,4757.387376,19327354052.0,peak_gpu,ok,scaling_full_20260405,1x NVIDIA L20,
hybridcvdv,Gantry,hybrid_dv_cv,jch,sc26_jch_nq5_nm6_c4,5,6,4,24.475249,2361856.0,peak_gpu,ok,scaling_full_20260405,1x NVIDIA L20,
bqsim,BQSim,hybrid_dv_cv,jch,sc26_jch_nq5_nm6_c4,5,6,4,773.0,134549504.0,reported,ok,bqsim_csv,Archived GPU baseline,
bosonic_gpu,Bosonic-GPU,hybrid_dv_cv,jch,jch_simulation_circuit|num_qubits=5|num_modes=6,5,6,4,127.135,1048576.0,reported,ok,bosonic_csv,Archived GPU baseline,
atlas,Atlas,hybrid_dv_cv,jch,sc26_jch_nq5_nm6_c4,5,6,4,1214.470558,454115328.0,reported,ok,atlas_csv,Archived Atlas Baseline,
hybridcvdv,Gantry,hybrid_dv_cv,jch,sc26_jch_nq5_nm6_c8,5,6,8,51.49051,150997504.0,peak_gpu,ok,scaling_full_20260405,1x NVIDIA L20,
bqsim,BQSim,hybrid_dv_cv,jch,sc26_jch_nq5_nm6_c8,5,6,8,196742.0,399073280.0,reported,ok,bqsim_csv,Archived GPU baseline,
bosonic_gpu,Bosonic-GPU,hybrid_dv_cv,jch,jch_simulation_circuit|num_qubits=5|num_modes=6,5,6,8,926.947,67108864.0,reported,ok,bosonic_csv,Archived GPU baseline,
atlas,Atlas,hybrid_dv_cv,jch,sc26_jch_nq5_nm6_c8,5,6,8,,,reported,failed,atlas_csv,Archived Atlas Baseline,
hybridcvdv,Gantry,hybrid_dv_cv,jch,sc26_jch_nq5_nm6_c16,5,6,16,1915.992884,9663678876.0,peak_gpu,ok,scaling_full_20260405,1x NVIDIA L20,
bqsim,BQSim,hybrid_dv_cv,jch,sc26_jch_nq5_nm6_c16,5,6,16,,,reported,failed,bqsim_csv,Archived GPU baseline,
bosonic_gpu,Bosonic-GPU,hybrid_dv_cv,jch,jch_simulation_circuit|num_qubits=5|num_modes=6,5,6,16,,,reported,failed,bosonic_csv,Archived GPU baseline,Failed to allocate GPU memory
atlas,Atlas,hybrid_dv_cv,jch,sc26_jch_nq5_nm6_c16,5,6,16,,,reported,failed,atlas_csv,Archived Atlas Baseline,
hybridcvdv,Gantry,hybrid_dv_cv,jch,sc26_jch_nq5_nm6_c32,5,6,32,,,peak_gpu,failed,scaling_full_20260405,1x NVIDIA L20,
hybridcvdv,Gantry,hybrid_dv_cv,jch,sc26_jch_nq5_nm7_c4,5,7,4,25.852423,9439744.0,peak_gpu,ok,scaling_full_20260405,1x NVIDIA L20,
bqsim,BQSim,hybrid_dv_cv,jch,sc26_jch_nq5_nm7_c4,5,7,4,4085.0,147394560.0,reported,ok,bqsim_csv,Archived GPU baseline,
bosonic_gpu,Bosonic-GPU,hybrid_dv_cv,jch,jch_simulation_circuit|num_qubits=5|num_modes=7,5,7,4,239.891,4194304.0,reported,ok,bosonic_csv,Archived GPU baseline,
atlas,Atlas,hybrid_dv_cv,jch,sc26_jch_nq5_nm7_c4,5,7,4,12693.10101,4480405504.0,reported,ok,atlas_csv,Archived Atlas Baseline,
hybridcvdv,Gantry,hybrid_dv_cv,jch,sc26_jch_nq5_nm7_c8,5,7,8,258.026979,1207962112.0,peak_gpu,ok,scaling_full_20260405,1x NVIDIA L20,
bqsim,BQSim,hybrid_dv_cv,jch,sc26_jch_nq5_nm7_c8,5,7,8,,,reported,failed,bqsim_csv,Archived GPU baseline,
bosonic_gpu,Bosonic-GPU,hybrid_dv_cv,jch,jch_simulation_circuit|num_qubits=5|num_modes=7,5,7,8,6941.43,536870912.0,reported,ok,bosonic_csv,Archived GPU baseline,
atlas,Atlas,hybrid_dv_cv,jch,sc26_jch_nq5_nm7_c8,5,7,8,,,reported,failed,atlas_csv,Archived Atlas Baseline,
hybridcvdv,Gantry,hybrid_dv_cv,jch,sc26_jch_nq5_nm7_c16,5,7,16,,,peak_gpu,failed,scaling_full_20260405,1x NVIDIA L20,
bqsim,BQSim,hybrid_dv_cv,jch,sc26_jch_nq5_nm7_c16,5,7,16,,,reported,failed,bqsim_csv,Archived GPU baseline,
bosonic_gpu,Bosonic-GPU,hybrid_dv_cv,jch,jch_simulation_circuit|num_qubits=5|num_modes=7,5,7,16,4916.33,68719476736.0,reported,ok,bosonic_csv,Archived GPU baseline,
atlas,Atlas,hybrid_dv_cv,jch,sc26_jch_nq5_nm7_c16,5,7,16,,,reported,failed,atlas_csv,Archived Atlas Baseline,
hybridcvdv,Gantry,hybrid_dv_cv,jch,sc26_jch_nq6_nm2_c4,6,2,4,4.984568,5376.0,peak_gpu,ok,scaling_full_20260405,1x NVIDIA L20,
hybridcvdv,Gantry,hybrid_dv_cv,jch,sc26_jch_nq6_nm2_c8,6,2,8,5.025471,13824.0,peak_gpu,ok,scaling_full_20260405,1x NVIDIA L20,
hybridcvdv,Gantry,hybrid_dv_cv,jch,sc26_jch_nq6_nm2_c16,6,2,16,9.608179,47616.0,peak_gpu,ok,scaling_full_20260405,1x NVIDIA L20,
hybridcvdv,Gantry,hybrid_dv_cv,jch,sc26_jch_nq6_nm2_c32,6,2,32,9.618749,182784.0,peak_gpu,ok,scaling_full_20260405,1x NVIDIA L20,
hybridcvdv,Gantry,hybrid_dv_cv,jch,sc26_jch_nq6_nm3_c4,6,3,4,9.23987,24064.0,peak_gpu,ok,scaling_full_20260405,1x NVIDIA L20,
bqsim,BQSim,hybrid_dv_cv,jch,sc26_jch_nq6_nm3_c4,6,3,4,20.0,131903488.0,reported,ok,bqsim_csv,Archived GPU baseline,
bosonic_gpu,Bosonic-GPU,hybrid_dv_cv,jch,jch_simulation_circuit|num_qubits=6|num_modes=3,6,3,4,299.728,32768.0,reported,ok,bosonic_csv,Archived GPU baseline,
atlas,Atlas,hybrid_dv_cv,jch,sc26_jch_nq6_nm3_c4,6,3,4,590.35231,274587648.0,reported,ok,atlas_csv,Archived Atlas Baseline,
hybridcvdv,Gantry,hybrid_dv_cv,jch,sc26_jch_nq6_nm3_c8,6,3,8,9.493981,174592.0,peak_gpu,ok,scaling_full_20260405,1x NVIDIA L20,
bqsim,BQSim,hybrid_dv_cv,jch,sc26_jch_nq6_nm3_c8,6,3,8,113.0,132440064.0,reported,ok,bqsim_csv,Archived GPU baseline,
bosonic_gpu,Bosonic-GPU,hybrid_dv_cv,jch,jch_simulation_circuit|num_qubits=6|num_modes=3,6,3,8,624.6,262144.0,reported,ok,bosonic_csv,Archived GPU baseline,
atlas,Atlas,hybrid_dv_cv,jch,sc26_jch_nq6_nm3_c8,6,3,8,519.028553,275435520.0,reported,ok,atlas_csv,Archived Atlas Baseline,
hybridcvdv,Gantry,hybrid_dv_cv,jch,sc26_jch_nq6_nm3_c16,6,3,16,13.06083,1378816.0,peak_gpu,ok,scaling_full_20260405,1x NVIDIA L20,
bqsim,BQSim,hybrid_dv_cv,jch,sc26_jch_nq6_nm3_c16,6,3,16,1026.0,138903552.0,reported,ok,bqsim_csv,Archived GPU baseline,
bosonic_gpu,Bosonic-GPU,hybrid_dv_cv,jch,jch_simulation_circuit|num_qubits=6|num_modes=3,6,3,16,325.763,2097152.0,reported,ok,bosonic_csv,Archived GPU baseline,
atlas,Atlas,hybrid_dv_cv,jch,sc26_jch_nq6_nm3_c16,6,3,16,1539.520484,454160384.0,reported,ok,atlas_csv,Archived Atlas Baseline,
hybridcvdv,Gantry,hybrid_dv_cv,jch,sc26_jch_nq6_nm3_c32,6,3,32,20.522909,11012608.0,peak_gpu,ok,scaling_full_20260405,1x NVIDIA L20,
hybridcvdv,Gantry,hybrid_dv_cv,jch,sc26_jch_nq6_nm4_c4,6,4,4,17.258434,150016.0,peak_gpu,ok,scaling_full_20260405,1x NVIDIA L20,
bqsim,BQSim,hybrid_dv_cv,jch,sc26_jch_nq6_nm4_c4,6,4,4,54.0,131919872.0,reported,ok,bqsim_csv,Archived GPU baseline,
bosonic_gpu,Bosonic-GPU,hybrid_dv_cv,jch,jch_simulation_circuit|num_qubits=6|num_modes=4,6,4,4,354.455,131072.0,reported,ok,bosonic_csv,Archived GPU baseline,
atlas,Atlas,hybrid_dv_cv,jch,sc26_jch_nq6_nm4_c4,6,4,4,541.918037,275542016.0,reported,ok,atlas_csv,Archived Atlas Baseline,
hybridcvdv,Gantry,hybrid_dv_cv,jch,sc26_jch_nq6_nm4_c8,6,4,8,17.859624,2361856.0,peak_gpu,ok,scaling_full_20260405,1x NVIDIA L20,
bqsim,BQSim,hybrid_dv_cv,jch,sc26_jch_nq6_nm4_c8,6,4,8,1515.0,139010048.0,reported,ok,bqsim_csv,Archived GPU baseline,
bosonic_gpu,Bosonic-GPU,hybrid_dv_cv,jch,jch_simulation_circuit|num_qubits=6|num_modes=4,6,4,8,165.074,2097152.0,reported,ok,bosonic_csv,Archived GPU baseline,
atlas,Atlas,hybrid_dv_cv,jch,sc26_jch_nq6_nm4_c8,6,4,8,1236.410202,454266880.0,reported,ok,atlas_csv,Archived Atlas Baseline,
hybridcvdv,Gantry,hybrid_dv_cv,jch,sc26_jch_nq6_nm4_c16,6,4,16,33.675811,37751296.0,peak_gpu,ok,scaling_full_20260405,1x NVIDIA L20,
bqsim,BQSim,hybrid_dv_cv,jch,sc26_jch_nq6_nm4_c16,6,4,16,72228.0,266416128.0,reported,ok,bqsim_csv,Archived GPU baseline,
bosonic_gpu,Bosonic-GPU,hybrid_dv_cv,jch,jch_simulation_circuit|num_qubits=6|num_modes=4,6,4,16,446.912,33554432.0,reported,ok,bosonic_csv,Archived GPU baseline,
atlas,Atlas,hybrid_dv_cv,jch,sc26_jch_nq6_nm4_c16,6,4,16,,,reported,failed,atlas_csv,Archived Atlas Baseline,
hybridcvdv,Gantry,hybrid_dv_cv,jch,sc26_jch_nq6_nm4_c32,6,4,32,109.149414,603982336.0,peak_gpu,ok,scaling_full_20260405,1x NVIDIA L20,
hybridcvdv,Gantry,hybrid_dv_cv,jch,sc26_jch_nq6_nm5_c4,6,5,4,32.915145,1165824.0,peak_gpu,ok,scaling_full_20260405,1x NVIDIA L20,
bqsim,BQSim,hybrid_dv_cv,jch,sc26_jch_nq6_nm5_c4,6,5,4,273.0,132435968.0,reported,ok,bqsim_csv,Archived GPU baseline,
bosonic_gpu,Bosonic-GPU,hybrid_dv_cv,jch,jch_simulation_circuit|num_qubits=6|num_modes=5,6,5,4,433.903,524288.0,reported,ok,bosonic_csv,Archived GPU baseline,
atlas,Atlas,hybrid_dv_cv,jch,sc26_jch_nq6_nm5_c4,6,5,4,567.166036,275357696.0,reported,ok,atlas_csv,Archived Atlas Baseline,
hybridcvdv,Gantry,hybrid_dv_cv,jch,sc26_jch_nq6_nm5_c8,6,5,8,39.524061,37227008.0,peak_gpu,ok,scaling_full_20260405,1x NVIDIA L20,
bqsim,BQSim,hybrid_dv_cv,jch,sc26_jch_nq6_nm5_c8,6,5,8,20025.0,198254592.0,reported,ok,bqsim_csv,Archived GPU baseline,
bosonic_gpu,Bosonic-GPU,hybrid_dv_cv,jch,jch_simulation_circuit|num_qubits=6|num_modes=5,6,5,8,1837.63,16777216.0,reported,ok,bosonic_csv,Archived GPU baseline,
atlas,Atlas,hybrid_dv_cv,jch,sc26_jch_nq6_nm5_c8,6,5,8,47208.108768,17365835776.0,reported,ok,atlas_csv,Archived Atlas Baseline,
hybridcvdv,Gantry,hybrid_dv_cv,jch,sc26_jch_nq6_nm5_c16,6,5,16,237.602057,1191184896.0,peak_gpu,ok,scaling_full_20260405,1x NVIDIA L20,
bqsim,BQSim,hybrid_dv_cv,jch,sc26_jch_nq6_nm5_c16,6,5,16,,,reported,failed,bqsim_csv,Archived GPU baseline,
bosonic_gpu,Bosonic-GPU,hybrid_dv_cv,jch,jch_simulation_circuit|num_qubits=6|num_modes=5,6,5,16,10519.2,536870912.0,reported,ok,bosonic_csv,Archived GPU baseline,
atlas,Atlas,hybrid_dv_cv,jch,sc26_jch_nq6_nm5_c16,6,5,16,,,reported,failed,atlas_csv,Archived Atlas Baseline,
hybridcvdv,Gantry,hybrid_dv_cv,jch,sc26_jch_nq6_nm5_c32,6,5,32,,,peak_gpu,failed,scaling_full_20260405,1x NVIDIA L20,
hybridcvdv,Gantry,hybrid_dv_cv,jch,sc26_jch_nq6_nm6_c4,6,6,4,45.607363,4655616.0,peak_gpu,ok,scaling_full_20260405,1x NVIDIA L20,
bqsim,BQSim,hybrid_dv_cv,jch,sc26_jch_nq6_nm6_c4,6,6,4,1517.0,139001856.0,reported,ok,bqsim_csv,Archived GPU baseline,
bosonic_gpu,Bosonic-GPU,hybrid_dv_cv,jch,jch_simulation_circuit|num_qubits=6|num_modes=6,6,6,4,173.336,2097152.0,reported,ok,bosonic_csv,Archived GPU baseline,
atlas,Atlas,hybrid_dv_cv,jch,sc26_jch_nq6_nm6_c4,6,6,4,1618.39009,454234112.0,reported,ok,atlas_csv,Archived Atlas Baseline,
hybridcvdv,Gantry,hybrid_dv_cv,jch,sc26_jch_nq6_nm6_c8,6,6,8,112.541393,297798144.0,peak_gpu,ok,scaling_full_20260405,1x NVIDIA L20,
bqsim,BQSim,hybrid_dv_cv,jch,sc26_jch_nq6_nm6_c8,6,6,8,,,reported,failed,bqsim_csv,Archived GPU baseline,
bosonic_gpu,Bosonic-GPU,hybrid_dv_cv,jch,jch_simulation_circuit|num_qubits=6|num_modes=6,6,6,8,12383.3,134217728.0,reported,ok,bosonic_csv,Archived GPU baseline,
atlas,Atlas,hybrid_dv_cv,jch,sc26_jch_nq6_nm6_c8,6,6,8,,,reported,failed,atlas_csv,Archived Atlas Baseline,
hybridcvdv,Gantry,hybrid_dv_cv,jch,sc26_jch_nq6_nm6_c16,6,6,16,5885.662041,19058919836.0,peak_gpu,ok,scaling_full_20260405,1x NVIDIA L20,
bqsim,BQSim,hybrid_dv_cv,jch,sc26_jch_nq6_nm6_c16,6,6,16,,,reported,failed,bqsim_csv,Archived GPU baseline,
bosonic_gpu,Bosonic-GPU,hybrid_dv_cv,jch,jch_simulation_circuit|num_qubits=6|num_modes=6,6,6,16,,,reported,failed,bosonic_csv,Archived GPU baseline,Failed to allocate GPU memory
atlas,Atlas,hybrid_dv_cv,jch,sc26_jch_nq6_nm6_c16,6,6,16,,,reported,failed,atlas_csv,Archived Atlas Baseline,
hybridcvdv,Gantry,hybrid_dv_cv,jch,sc26_jch_nq6_nm6_c32,6,6,32,,,peak_gpu,failed,scaling_full_20260405,1x NVIDIA L20,
hybridcvdv,Gantry,hybrid_dv_cv,jch,sc26_jch_nq6_nm7_c4,6,7,4,48.193354,18614784.0,peak_gpu,ok,scaling_full_20260405,1x NVIDIA L20,
bqsim,BQSim,hybrid_dv_cv,jch,sc26_jch_nq6_nm7_c4,6,7,4,8126.0,163917824.0,reported,ok,bqsim_csv,Archived GPU baseline,
bosonic_gpu,Bosonic-GPU,hybrid_dv_cv,jch,jch_simulation_circuit|num_qubits=6|num_modes=7,6,7,4,1184.12,8388608.0,reported,ok,bosonic_csv,Archived GPU baseline,
atlas,Atlas,hybrid_dv_cv,jch,sc26_jch_nq6_nm7_c4,6,7,4,12260.775311,4480806912.0,reported,ok,atlas_csv,Archived Atlas Baseline,
hybridcvdv,Gantry,hybrid_dv_cv,jch,sc26_jch_nq6_nm7_c8,6,7,8,540.685542,2382367232.0,peak_gpu,ok,scaling_full_20260405,1x NVIDIA L20,
bqsim,BQSim,hybrid_dv_cv,jch,sc26_jch_nq6_nm7_c8,6,7,8,,,reported,failed,bqsim_csv,Archived GPU baseline,
bosonic_gpu,Bosonic-GPU,hybrid_dv_cv,jch,jch_simulation_circuit|num_qubits=6|num_modes=7,6,7,8,19429.4,1073741824.0,reported,ok,bosonic_csv,Archived GPU baseline,
atlas,Atlas,hybrid_dv_cv,jch,sc26_jch_nq6_nm7_c8,6,7,8,,,reported,failed,atlas_csv,Archived Atlas Baseline,
hybridcvdv,Gantry,hybrid_dv_cv,jch,sc26_jch_nq6_nm7_c16,6,7,16,,,peak_gpu,failed,scaling_full_20260405,1x NVIDIA L20,
bqsim,BQSim,hybrid_dv_cv,jch,sc26_jch_nq6_nm7_c16,6,7,16,,,reported,failed,bqsim_csv,Archived GPU baseline,
bosonic_gpu,Bosonic-GPU,hybrid_dv_cv,jch,jch_simulation_circuit|num_qubits=6|num_modes=7,6,7,16,1.43362,137438953472.0,reported,ok,bosonic_csv,Archived GPU baseline,
atlas,Atlas,hybrid_dv_cv,jch,sc26_jch_nq6_nm7_c16,6,7,16,,,reported,failed,atlas_csv,Archived Atlas Baseline,
hybridcvdv,Gantry,hybrid_dv_cv,jch,sc26_jch_nq7_nm2_c4,7,2,4,5.024962,5376.0,peak_gpu,ok,scaling_full_20260405,1x NVIDIA L20,
hybridcvdv,Gantry,hybrid_dv_cv,jch,sc26_jch_nq7_nm2_c8,7,2,8,5.095616,13824.0,peak_gpu,ok,scaling_full_20260405,1x NVIDIA L20,
hybridcvdv,Gantry,hybrid_dv_cv,jch,sc26_jch_nq7_nm2_c16,7,2,16,9.623746,47616.0,peak_gpu,ok,scaling_full_20260405,1x NVIDIA L20,
hybridcvdv,Gantry,hybrid_dv_cv,jch,sc26_jch_nq7_nm2_c32,7,2,32,9.617265,182784.0,peak_gpu,ok,scaling_full_20260405,1x NVIDIA L20,
hybridcvdv,Gantry,hybrid_dv_cv,jch,sc26_jch_nq7_nm3_c4,7,3,4,9.268447,24064.0,peak_gpu,ok,scaling_full_20260405,1x NVIDIA L20,
bqsim,BQSim,hybrid_dv_cv,jch,sc26_jch_nq7_nm3_c4,7,3,4,25.0,131563520.0,reported,ok,bqsim_csv,Archived GPU baseline,
bosonic_gpu,Bosonic-GPU,hybrid_dv_cv,jch,jch_simulation_circuit|num_qubits=7|num_modes=3,7,3,4,333.447,65536.0,reported,ok,bosonic_csv,Archived GPU baseline,
atlas,Atlas,hybrid_dv_cv,jch,sc26_jch_nq7_nm3_c4,7,3,4,648.341899,274935808.0,reported,ok,atlas_csv,Archived Atlas Baseline,
hybridcvdv,Gantry,hybrid_dv_cv,jch,sc26_jch_nq7_nm3_c8,7,3,8,9.568549,174592.0,peak_gpu,ok,scaling_full_20260405,1x NVIDIA L20,
bqsim,BQSim,hybrid_dv_cv,jch,sc26_jch_nq7_nm3_c8,7,3,8,173.0,132440064.0,reported,ok,bqsim_csv,Archived GPU baseline,
bosonic_gpu,Bosonic-GPU,hybrid_dv_cv,jch,jch_simulation_circuit|num_qubits=7|num_modes=3,7,3,8,132.937,524288.0,reported,ok,bosonic_csv,Archived GPU baseline,
atlas,Atlas,hybrid_dv_cv,jch,sc26_jch_nq7_nm3_c8,7,3,8,502.831524,275824640.0,reported,ok,atlas_csv,Archived Atlas Baseline,
hybridcvdv,Gantry,hybrid_dv_cv,jch,sc26_jch_nq7_nm3_c16,7,3,16,13.052567,1378816.0,peak_gpu,ok,scaling_full_20260405,1x NVIDIA L20,
bqsim,BQSim,hybrid_dv_cv,jch,sc26_jch_nq7_nm3_c16,7,3,16,2089.0,147386368.0,reported,ok,bqsim_csv,Archived GPU baseline,
bosonic_gpu,Bosonic-GPU,hybrid_dv_cv,jch,jch_simulation_circuit|num_qubits=7|num_modes=3,7,3,16,371.131,4194304.0,reported,ok,bosonic_csv,Archived GPU baseline,
atlas,Atlas,hybrid_dv_cv,jch,sc26_jch_nq7_nm3_c16,7,3,16,1282.801959,454184960.0,reported,ok,atlas_csv,Archived Atlas Baseline,
hybridcvdv,Gantry,hybrid_dv_cv,jch,sc26_jch_nq7_nm3_c32,7,3,32,20.51917,11012608.0,peak_gpu,ok,scaling_full_20260405,1x NVIDIA L20,
hybridcvdv,Gantry,hybrid_dv_cv,jch,sc26_jch_nq7_nm4_c4,7,4,4,17.335254,150016.0,peak_gpu,ok,scaling_full_20260405,1x NVIDIA L20,
bqsim,BQSim,hybrid_dv_cv,jch,sc26_jch_nq7_nm4_c4,7,4,4,89.0,132173824.0,reported,ok,bqsim_csv,Archived GPU baseline,
bosonic_gpu,Bosonic-GPU,hybrid_dv_cv,jch,jch_simulation_circuit|num_qubits=7|num_modes=4,7,4,4,315.553,262144.0,reported,ok,bosonic_csv,Archived GPU baseline,
atlas,Atlas,hybrid_dv_cv,jch,sc26_jch_nq7_nm4_c4,7,4,4,510.105244,275542016.0,reported,ok,atlas_csv,Archived Atlas Baseline,
hybridcvdv,Gantry,hybrid_dv_cv,jch,sc26_jch_nq7_nm4_c8,7,4,8,17.962267,2361856.0,peak_gpu,ok,scaling_full_20260405,1x NVIDIA L20,
bqsim,BQSim,hybrid_dv_cv,jch,sc26_jch_nq7_nm4_c8,7,4,8,3029.0,147394560.0,reported,ok,bqsim_csv,Archived GPU baseline,
bosonic_gpu,Bosonic-GPU,hybrid_dv_cv,jch,jch_simulation_circuit|num_qubits=7|num_modes=4,7,4,8,438.843,4194304.0,reported,ok,bosonic_csv,Archived GPU baseline,
atlas,Atlas,hybrid_dv_cv,jch,sc26_jch_nq7_nm4_c8,7,4,8,1323.381917,454115328.0,reported,ok,atlas_csv,Archived Atlas Baseline,
hybridcvdv,Gantry,hybrid_dv_cv,jch,sc26_jch_nq7_nm4_c16,7,4,16,34.078343,37751296.0,peak_gpu,ok,scaling_full_20260405,1x NVIDIA L20,
bqsim,BQSim,hybrid_dv_cv,jch,sc26_jch_nq7_nm4_c16,7,4,16,144653.0,400629760.0,reported,ok,bqsim_csv,Archived GPU baseline,
bosonic_gpu,Bosonic-GPU,hybrid_dv_cv,jch,jch_simulation_circuit|num_qubits=7|num_modes=4,7,4,16,1397.62,67108864.0,reported,ok,bosonic_csv,Archived GPU baseline,
atlas,Atlas,hybrid_dv_cv,jch,sc26_jch_nq7_nm4_c16,7,4,16,,,reported,failed,atlas_csv,Archived Atlas Baseline,
hybridcvdv,Gantry,hybrid_dv_cv,jch,sc26_jch_nq7_nm4_c32,7,4,32,109.249446,603982336.0,peak_gpu,ok,scaling_full_20260405,1x NVIDIA L20,
hybridcvdv,Gantry,hybrid_dv_cv,jch,sc26_jch_nq7_nm5_c4,7,5,4,33.1095,1165824.0,peak_gpu,ok,scaling_full_20260405,1x NVIDIA L20,
bqsim,BQSim,hybrid_dv_cv,jch,sc26_jch_nq7_nm5_c4,7,5,4,523.0,134545408.0,reported,ok,bqsim_csv,Archived GPU baseline,
bosonic_gpu,Bosonic-GPU,hybrid_dv_cv,jch,jch_simulation_circuit|num_qubits=7|num_modes=5,7,5,4,368.173,1048576.0,reported,ok,bosonic_csv,Archived GPU baseline,
atlas,Atlas,hybrid_dv_cv,jch,sc26_jch_nq7_nm5_c4,7,5,4,777.233793,275308544.0,reported,ok,atlas_csv,Archived Atlas Baseline,
hybridcvdv,Gantry,hybrid_dv_cv,jch,sc26_jch_nq7_nm5_c8,7,5,8,39.721306,37227008.0,peak_gpu,ok,scaling_full_20260405,1x NVIDIA L20,
bqsim,BQSim,hybrid_dv_cv,jch,sc26_jch_nq7_nm5_c8,7,5,8,39711.0,265371648.0,reported,ok,bqsim_csv,Archived GPU baseline,
bosonic_gpu,Bosonic-GPU,hybrid_dv_cv,jch,jch_simulation_circuit|num_qubits=7|num_modes=5,7,5,8,1790.64,33554432.0,reported,ok,bosonic_csv,Archived GPU baseline,
atlas,Atlas,hybrid_dv_cv,jch,sc26_jch_nq7_nm5_c8,7,5,8,44719.778978,17365377024.0,reported,ok,atlas_csv,Archived Atlas Baseline,
hybridcvdv,Gantry,hybrid_dv_cv,jch,sc26_jch_nq7_nm5_c16,7,5,16,237.56122,1191184896.0,peak_gpu,ok,scaling_full_20260405,1x NVIDIA L20,
bqsim,BQSim,hybrid_dv_cv,jch,sc26_jch_nq7_nm5_c16,7,5,16,,,reported,failed,bqsim_csv,Archived GPU baseline,
bosonic_gpu,Bosonic-GPU,hybrid_dv_cv,jch,jch_simulation_circuit|num_qubits=7|num_modes=5,7,5,16,11438.5,1073741824.0,reported,ok,bosonic_csv,Archived GPU baseline,
atlas,Atlas,hybrid_dv_cv,jch,sc26_jch_nq7_nm5_c16,7,5,16,,,reported,failed,atlas_csv,Archived Atlas Baseline,
hybridcvdv,Gantry,hybrid_dv_cv,jch,sc26_jch_nq7_nm5_c32,7,5,32,,,peak_gpu,failed,scaling_full_20260405,1x NVIDIA L20,
hybridcvdv,Gantry,hybrid_dv_cv,jch,sc26_jch_nq7_nm6_c4,7,6,4,65.071369,8590336.0,peak_gpu,ok,scaling_full_20260405,1x NVIDIA L20,
bqsim,BQSim,hybrid_dv_cv,jch,sc26_jch_nq7_nm6_c4,7,6,4,3022.0,147394560.0,reported,ok,bqsim_csv,Archived GPU baseline,
bosonic_gpu,Bosonic-GPU,hybrid_dv_cv,jch,jch_simulation_circuit|num_qubits=7|num_modes=6,7,6,4,237.573,4194304.0,reported,ok,bosonic_csv,Archived GPU baseline,
atlas,Atlas,hybrid_dv_cv,jch,sc26_jch_nq7_nm6_c4,7,6,4,1266.226474,454168576.0,reported,ok,atlas_csv,Archived Atlas Baseline,
hybridcvdv,Gantry,hybrid_dv_cv,jch,sc26_jch_nq7_nm6_c8,7,6,8,200.009018,549458944.0,peak_gpu,ok,scaling_full_20260405,1x NVIDIA L20,
bqsim,BQSim,hybrid_dv_cv,jch,sc26_jch_nq7_nm6_c8,7,6,8,,,reported,failed,bqsim_csv,Archived GPU baseline,
bosonic_gpu,Bosonic-GPU,hybrid_dv_cv,jch,jch_simulation_circuit|num_qubits=7|num_modes=6,7,6,8,3970.77,268435456.0,reported,ok,bosonic_csv,Archived GPU baseline,
atlas,Atlas,hybrid_dv_cv,jch,sc26_jch_nq7_nm6_c8,7,6,8,,,reported,failed,atlas_csv,Archived Atlas Baseline,
hybridcvdv,Gantry,hybrid_dv_cv,jch,sc26_jch_nq7_nm6_c16,7,6,16,,,peak_gpu,failed,scaling_full_20260405,1x NVIDIA L20,
bqsim,BQSim,hybrid_dv_cv,jch,sc26_jch_nq7_nm6_c16,7,6,16,,,reported,failed,bqsim_csv,Archived GPU baseline,
bosonic_gpu,Bosonic-GPU,hybrid_dv_cv,jch,jch_simulation_circuit|num_qubits=7|num_modes=6,7,6,16,,,reported,failed,bosonic_csv,Archived GPU baseline,Failed to allocate GPU memory
atlas,Atlas,hybrid_dv_cv,jch,sc26_jch_nq7_nm6_c16,7,6,16,,,reported,failed,atlas_csv,Archived Atlas Baseline,
hybridcvdv,Gantry,hybrid_dv_cv,jch,sc26_jch_nq7_nm6_c32,7,6,32,,,peak_gpu,failed,scaling_full_20260405,1x NVIDIA L20,
hybridcvdv,Gantry,hybrid_dv_cv,jch,sc26_jch_nq7_nm7_c4,7,7,4,96.044868,34345984.0,peak_gpu,ok,scaling_full_20260405,1x NVIDIA L20,
bqsim,BQSim,hybrid_dv_cv,jch,sc26_jch_nq7_nm7_c4,7,7,4,16252.0,197734400.0,reported,ok,bqsim_csv,Archived GPU baseline,
bosonic_gpu,Bosonic-GPU,hybrid_dv_cv,jch,jch_simulation_circuit|num_qubits=7|num_modes=7,7,7,4,1245.89,16777216.0,reported,ok,bosonic_csv,Archived GPU baseline,
atlas,Atlas,hybrid_dv_cv,jch,sc26_jch_nq7_nm7_c4,7,7,4,11983.973681,4480958464.0,reported,ok,atlas_csv,Archived Atlas Baseline,
hybridcvdv,Gantry,hybrid_dv_cv,jch,sc26_jch_nq7_nm7_c8,7,7,8,1277.559867,4395635712.0,peak_gpu,ok,scaling_full_20260405,1x NVIDIA L20,
bqsim,BQSim,hybrid_dv_cv,jch,sc26_jch_nq7_nm7_c8,7,7,8,,,reported,failed,bqsim_csv,Archived GPU baseline,
bosonic_gpu,Bosonic-GPU,hybrid_dv_cv,jch,jch_simulation_circuit|num_qubits=7|num_modes=7,7,7,8,22122.5,2147483648.0,reported,ok,bosonic_csv,Archived GPU baseline,
atlas,Atlas,hybrid_dv_cv,jch,sc26_jch_nq7_nm7_c8,7,7,8,,,reported,failed,atlas_csv,Archived Atlas Baseline,
hybridcvdv,Gantry,hybrid_dv_cv,jch,sc26_jch_nq7_nm7_c16,7,7,16,,,peak_gpu,failed,scaling_full_20260405,1x NVIDIA L20,
bqsim,BQSim,hybrid_dv_cv,jch,sc26_jch_nq7_nm7_c16,7,7,16,,,reported,failed,bqsim_csv,Archived GPU baseline,
bosonic_gpu,Bosonic-GPU,hybrid_dv_cv,jch,jch_simulation_circuit|num_qubits=7|num_modes=7,7,7,16,8519.94,274877906944.0,reported,ok,bosonic_csv,Archived GPU baseline,
atlas,Atlas,hybrid_dv_cv,jch,sc26_jch_nq7_nm7_c16,7,7,16,,,reported,failed,atlas_csv,Archived Atlas Baseline,
hybridcvdv,Gantry,hybrid_dv_cv,jch,sc26_jch_nq8_nm2_c4,8,2,4,5.172954,5376.0,peak_gpu,ok,scaling_full_20260405,1x NVIDIA L20,
hybridcvdv,Gantry,hybrid_dv_cv,jch,sc26_jch_nq8_nm2_c8,8,2,8,9.614938,13824.0,peak_gpu,ok,scaling_full_20260405,1x NVIDIA L20,
hybridcvdv,Gantry,hybrid_dv_cv,jch,sc26_jch_nq8_nm2_c16,8,2,16,9.635283,47616.0,peak_gpu,ok,scaling_full_20260405,1x NVIDIA L20,
hybridcvdv,Gantry,hybrid_dv_cv,jch,sc26_jch_nq8_nm2_c32,8,2,32,9.632768,182784.0,peak_gpu,ok,scaling_full_20260405,1x NVIDIA L20,
hybridcvdv,Gantry,hybrid_dv_cv,jch,sc26_jch_nq8_nm3_c4,8,3,4,9.402285,24064.0,peak_gpu,ok,scaling_full_20260405,1x NVIDIA L20,
bqsim,BQSim,hybrid_dv_cv,jch,sc26_jch_nq8_nm3_c4,8,3,4,35.0,131563520.0,reported,ok,bqsim_csv,Archived GPU baseline,
bosonic_gpu,Bosonic-GPU,hybrid_dv_cv,jch,jch_simulation_circuit|num_qubits=8|num_modes=3,8,3,4,302.15,131072.0,reported,ok,bosonic_csv,Archived GPU baseline,
atlas,Atlas,hybrid_dv_cv,jch,sc26_jch_nq8_nm3_c4,8,3,4,676.438595,275656704.0,reported,ok,atlas_csv,Archived Atlas Baseline,
hybridcvdv,Gantry,hybrid_dv_cv,jch,sc26_jch_nq8_nm3_c8,8,3,8,9.644567,174592.0,peak_gpu,ok,scaling_full_20260405,1x NVIDIA L20,
bqsim,BQSim,hybrid_dv_cv,jch,sc26_jch_nq8_nm3_c8,8,3,8,319.0,134541312.0,reported,ok,bqsim_csv,Archived GPU baseline,
bosonic_gpu,Bosonic-GPU,hybrid_dv_cv,jch,jch_simulation_circuit|num_qubits=8|num_modes=3,8,3,8,697.554,1048576.0,reported,ok,bosonic_csv,Archived GPU baseline,
atlas,Atlas,hybrid_dv_cv,jch,sc26_jch_nq8_nm3_c8,8,3,8,542.099619,276242432.0,reported,ok,atlas_csv,Archived Atlas Baseline,
hybridcvdv,Gantry,hybrid_dv_cv,jch,sc26_jch_nq8_nm3_c16,8,3,16,13.071623,1378816.0,peak_gpu,ok,scaling_full_20260405,1x NVIDIA L20,
bqsim,BQSim,hybrid_dv_cv,jch,sc26_jch_nq8_nm3_c16,8,3,16,4048.0,164429824.0,reported,ok,bqsim_csv,Archived GPU baseline,
bosonic_gpu,Bosonic-GPU,hybrid_dv_cv,jch,jch_simulation_circuit|num_qubits=8|num_modes=3,8,3,16,12272.9,8388608.0,reported,ok,bosonic_csv,Archived GPU baseline,
atlas,Atlas,hybrid_dv_cv,jch,sc26_jch_nq8_nm3_c16,8,3,16,1295.251618,454176768.0,reported,ok,atlas_csv,Archived Atlas Baseline,
hybridcvdv,Gantry,hybrid_dv_cv,jch,sc26_jch_nq8_nm3_c32,8,3,32,19.48274,11012608.0,peak_gpu,ok,scaling_full_20260405,1x NVIDIA L20,
hybridcvdv,Gantry,hybrid_dv_cv,jch,sc26_jch_nq8_nm4_c4,8,4,4,17.50799,150016.0,peak_gpu,ok,scaling_full_20260405,1x NVIDIA L20,
bqsim,BQSim,hybrid_dv_cv,jch,sc26_jch_nq8_nm4_c4,8,4,4,160.0,132435968.0,reported,ok,bqsim_csv,Archived GPU baseline,
bosonic_gpu,Bosonic-GPU,hybrid_dv_cv,jch,jch_simulation_circuit|num_qubits=8|num_modes=4,8,4,4,299.777,524288.0,reported,ok,bosonic_csv,Archived GPU baseline,
atlas,Atlas,hybrid_dv_cv,jch,sc26_jch_nq8_nm4_c4,8,4,4,552.176227,275886080.0,reported,ok,atlas_csv,Archived Atlas Baseline,
hybridcvdv,Gantry,hybrid_dv_cv,jch,sc26_jch_nq8_nm4_c8,8,4,8,18.095565,2361856.0,peak_gpu,ok,scaling_full_20260405,1x NVIDIA L20,
bqsim,BQSim,hybrid_dv_cv,jch,sc26_jch_nq8_nm4_c8,8,4,8,6025.0,164425728.0,reported,ok,bqsim_csv,Archived GPU baseline,
bosonic_gpu,Bosonic-GPU,hybrid_dv_cv,jch,jch_simulation_circuit|num_qubits=8|num_modes=4,8,4,8,457.106,8388608.0,reported,ok,bosonic_csv,Archived GPU baseline,
atlas,Atlas,hybrid_dv_cv,jch,sc26_jch_nq8_nm4_c8,8,4,8,1589.477134,454209536.0,reported,ok,atlas_csv,Archived Atlas Baseline,
hybridcvdv,Gantry,hybrid_dv_cv,jch,sc26_jch_nq8_nm4_c16,8,4,16,34.745296,37751296.0,peak_gpu,ok,scaling_full_20260405,1x NVIDIA L20,
bqsim,BQSim,hybrid_dv_cv,jch,sc26_jch_nq8_nm4_c16,8,4,16,,,reported,failed,bqsim_csv,Archived GPU baseline,
bosonic_gpu,Bosonic-GPU,hybrid_dv_cv,jch,jch_simulation_circuit|num_qubits=8|num_modes=4,8,4,16,1252.65,134217728.0,reported,ok,bosonic_csv,Archived GPU baseline,
atlas,Atlas,hybrid_dv_cv,jch,sc26_jch_nq8_nm4_c16,8,4,16,,,reported,failed,atlas_csv,Archived Atlas Baseline,
hybridcvdv,Gantry,hybrid_dv_cv,jch,sc26_jch_nq8_nm4_c32,8,4,32,108.644995,603982336.0,peak_gpu,ok,scaling_full_20260405,1x NVIDIA L20,
hybridcvdv,Gantry,hybrid_dv_cv,jch,sc26_jch_nq8_nm5_c4,8,5,4,33.261678,1165824.0,peak_gpu,ok,scaling_full_20260405,1x NVIDIA L20,
bqsim,BQSim,hybrid_dv_cv,jch,sc26_jch_nq8_nm5_c4,8,5,4,1006.0,138735616.0,reported,ok,bqsim_csv,Archived GPU baseline,
bosonic_gpu,Bosonic-GPU,hybrid_dv_cv,jch,jch_simulation_circuit|num_qubits=8|num_modes=5,8,5,4,192.846,2097152.0,reported,ok,bosonic_csv,Archived GPU baseline,
atlas,Atlas,hybrid_dv_cv,jch,sc26_jch_nq8_nm5_c4,8,5,4,545.937817,276594688.0,reported,ok,atlas_csv,Archived Atlas Baseline,
hybridcvdv,Gantry,hybrid_dv_cv,jch,sc26_jch_nq8_nm5_c8,8,5,8,39.841591,37227008.0,peak_gpu,ok,scaling_full_20260405,1x NVIDIA L20,
bqsim,BQSim,hybrid_dv_cv,jch,sc26_jch_nq8_nm5_c8,8,5,8,79580.0,399585280.0,reported,ok,bqsim_csv,Archived GPU baseline,
bosonic_gpu,Bosonic-GPU,hybrid_dv_cv,jch,jch_simulation_circuit|num_qubits=8|num_modes=5,8,5,8,3507.4,67108864.0,reported,ok,bosonic_csv,Archived GPU baseline,
atlas,Atlas,hybrid_dv_cv,jch,sc26_jch_nq8_nm5_c8,8,5,8,39496.385396,17365704704.0,reported,ok,atlas_csv,Archived Atlas Baseline,
hybridcvdv,Gantry,hybrid_dv_cv,jch,sc26_jch_nq8_nm5_c16,8,5,16,238.634715,1191184896.0,peak_gpu,ok,scaling_full_20260405,1x NVIDIA L20,
bqsim,BQSim,hybrid_dv_cv,jch,sc26_jch_nq8_nm5_c16,8,5,16,,,reported,failed,bqsim_csv,Archived GPU baseline,
bosonic_gpu,Bosonic-GPU,hybrid_dv_cv,jch,jch_simulation_circuit|num_qubits=8|num_modes=5,8,5,16,,,reported,failed,bosonic_csv,Archived GPU baseline,Failed to allocate GPU memory
atlas,Atlas,hybrid_dv_cv,jch,sc26_jch_nq8_nm5_c16,8,5,16,,,reported,failed,atlas_csv,Archived Atlas Baseline,
hybridcvdv,Gantry,hybrid_dv_cv,jch,sc26_jch_nq8_nm5_c32,8,5,32,,,peak_gpu,failed,scaling_full_20260405,1x NVIDIA L20,
hybridcvdv,Gantry,hybrid_dv_cv,jch,sc26_jch_nq8_nm6_c4,8,6,4,65.350993,8590336.0,peak_gpu,ok,scaling_full_20260405,1x NVIDIA L20,
bqsim,BQSim,hybrid_dv_cv,jch,sc26_jch_nq8_nm6_c4,8,6,4,5987.0,163643392.0,reported,ok,bqsim_csv,Archived GPU baseline,
bosonic_gpu,Bosonic-GPU,hybrid_dv_cv,jch,jch_simulation_circuit|num_qubits=8|num_modes=6,8,6,4,291.021,8388608.0,reported,ok,bosonic_csv,Archived GPU baseline,
atlas,Atlas,hybrid_dv_cv,jch,sc26_jch_nq8_nm6_c4,8,6,4,1362.713553,454180864.0,reported,ok,atlas_csv,Archived Atlas Baseline,
hybridcvdv,Gantry,hybrid_dv_cv,jch,sc26_jch_nq8_nm6_c8,8,6,8,200.128838,549458944.0,peak_gpu,ok,scaling_full_20260405,1x NVIDIA L20,
bqsim,BQSim,hybrid_dv_cv,jch,sc26_jch_nq8_nm6_c8,8,6,8,,,reported,failed,bqsim_csv,Archived GPU baseline,
bosonic_gpu,Bosonic-GPU,hybrid_dv_cv,jch,jch_simulation_circuit|num_qubits=8|num_modes=6,8,6,8,16164.7,536870912.0,reported,ok,bosonic_csv,Archived GPU baseline,
atlas,Atlas,hybrid_dv_cv,jch,sc26_jch_nq8_nm6_c8,8,6,8,,,reported,failed,atlas_csv,Archived Atlas Baseline,
hybridcvdv,Gantry,hybrid_dv_cv,jch,sc26_jch_nq8_nm6_c16,8,6,16,,,peak_gpu,failed,scaling_full_20260405,1x NVIDIA L20,
bqsim,BQSim,hybrid_dv_cv,jch,sc26_jch_nq8_nm6_c16,8,6,16,,,reported,failed,bqsim_csv,Archived GPU baseline,
bosonic_gpu,Bosonic-GPU,hybrid_dv_cv,jch,jch_simulation_circuit|num_qubits=8|num_modes=6,8,6,16,3215.79,34359738368.0,reported,ok,bosonic_csv,Archived GPU baseline,
atlas,Atlas,hybrid_dv_cv,jch,sc26_jch_nq8_nm6_c16,8,6,16,,,reported,failed,atlas_csv,Archived Atlas Baseline,
hybridcvdv,Gantry,hybrid_dv_cv,jch,sc26_jch_nq8_nm6_c32,8,6,32,,,peak_gpu,failed,scaling_full_20260405,1x NVIDIA L20,
hybridcvdv,Gantry,hybrid_dv_cv,jch,sc26_jch_nq8_nm7_c4,8,7,4,156.807543,68429824.0,peak_gpu,ok,scaling_full_20260405,1x NVIDIA L20,
bqsim,BQSim,hybrid_dv_cv,jch,sc26_jch_nq8_nm7_c4,8,7,4,32232.0,264851456.0,reported,ok,bqsim_csv,Archived GPU baseline,
bosonic_gpu,Bosonic-GPU,hybrid_dv_cv,jch,jch_simulation_circuit|num_qubits=8|num_modes=7,8,7,4,1384.63,33554432.0,reported,ok,bosonic_csv,Archived GPU baseline,
atlas,Atlas,hybrid_dv_cv,jch,sc26_jch_nq8_nm7_c4,8,7,4,12394.112965,4480634880.0,reported,ok,atlas_csv,Archived Atlas Baseline,
hybridcvdv,Gantry,hybrid_dv_cv,jch,sc26_jch_nq8_nm7_c8,8,7,8,5344.735202,8757716992.0,peak_gpu,ok,scaling_full_20260405,1x NVIDIA L20,
bqsim,BQSim,hybrid_dv_cv,jch,sc26_jch_nq8_nm7_c8,8,7,8,,,reported,failed,bqsim_csv,Archived GPU baseline,
bosonic_gpu,Bosonic-GPU,hybrid_dv_cv,jch,jch_simulation_circuit|num_qubits=8|num_modes=7,8,7,8,,,reported,failed,bosonic_csv,Archived GPU baseline,Failed to allocate GPU memory
atlas,Atlas,hybrid_dv_cv,jch,sc26_jch_nq8_nm7_c8,8,7,8,,,reported,failed,atlas_csv,Archived Atlas Baseline,
hybridcvdv,Gantry,hybrid_dv_cv,jch,sc26_jch_nq8_nm7_c16,8,7,16,,,peak_gpu,failed,scaling_full_20260405,1x NVIDIA L20,
bqsim,BQSim,hybrid_dv_cv,jch,sc26_jch_nq8_nm7_c16,8,7,16,,,reported,failed,bqsim_csv,Archived GPU baseline,
bosonic_gpu,Bosonic-GPU,hybrid_dv_cv,jch,jch_simulation_circuit|num_qubits=8|num_modes=7,8,7,16,80.5713,549755813888.0,reported,ok,bosonic_csv,Archived GPU baseline,
atlas,Atlas,hybrid_dv_cv,jch,sc26_jch_nq8_nm7_c16,8,7,16,,,reported,failed,atlas_csv,Archived Atlas Baseline,
hybridcvdv,Gantry,hybrid_dv_cv,jch,sc26_jch_nq9_nm2_c4,9,2,4,5.35545,5376.0,peak_gpu,ok,scaling_full_20260405,1x NVIDIA L20,
hybridcvdv,Gantry,hybrid_dv_cv,jch,sc26_jch_nq9_nm2_c8,9,2,8,9.65753,13824.0,peak_gpu,ok,scaling_full_20260405,1x NVIDIA L20,
hybridcvdv,Gantry,hybrid_dv_cv,jch,sc26_jch_nq9_nm2_c16,9,2,16,10.695832,47616.0,peak_gpu,ok,scaling_full_20260405,1x NVIDIA L20,
hybridcvdv,Gantry,hybrid_dv_cv,jch,sc26_jch_nq9_nm2_c32,9,2,32,10.6978,182784.0,peak_gpu,ok,scaling_full_20260405,1x NVIDIA L20,
hybridcvdv,Gantry,hybrid_dv_cv,jch,sc26_jch_nq9_nm3_c4,9,3,4,9.632629,24064.0,peak_gpu,ok,scaling_full_20260405,1x NVIDIA L20,
bqsim,BQSim,hybrid_dv_cv,jch,sc26_jch_nq9_nm3_c4,9,3,4,53.0,131907584.0,reported,ok,bqsim_csv,Archived GPU baseline,
bosonic_gpu,Bosonic-GPU,hybrid_dv_cv,jch,jch_simulation_circuit|num_qubits=9|num_modes=3,9,3,4,377.63,262144.0,reported,ok,bosonic_csv,Archived GPU baseline,
atlas,Atlas,hybrid_dv_cv,jch,sc26_jch_nq9_nm3_c4,9,3,4,487.775397,275427328.0,reported,ok,atlas_csv,Archived Atlas Baseline,
hybridcvdv,Gantry,hybrid_dv_cv,jch,sc26_jch_nq9_nm3_c8,9,3,8,10.287038,174592.0,peak_gpu,ok,scaling_full_20260405,1x NVIDIA L20,
bqsim,BQSim,hybrid_dv_cv,jch,sc26_jch_nq9_nm3_c8,9,3,8,616.0,138727424.0,reported,ok,bqsim_csv,Archived GPU baseline,
bosonic_gpu,Bosonic-GPU,hybrid_dv_cv,jch,jch_simulation_circuit|num_qubits=9|num_modes=3,9,3,8,741.951,2097152.0,reported,ok,bosonic_csv,Archived GPU baseline,
atlas,Atlas,hybrid_dv_cv,jch,sc26_jch_nq9_nm3_c8,9,3,8,550.373959,279162880.0,reported,ok,atlas_csv,Archived Atlas Baseline,
hybridcvdv,Gantry,hybrid_dv_cv,jch,sc26_jch_nq9_nm3_c16,9,3,16,13.086776,1378816.0,peak_gpu,ok,scaling_full_20260405,1x NVIDIA L20,
bqsim,BQSim,hybrid_dv_cv,jch,sc26_jch_nq9_nm3_c16,9,3,16,8145.0,197980160.0,reported,ok,bqsim_csv,Archived GPU baseline,
bosonic_gpu,Bosonic-GPU,hybrid_dv_cv,jch,jch_simulation_circuit|num_qubits=9|num_modes=3,9,3,16,9467.4,16777216.0,reported,ok,bosonic_csv,Archived GPU baseline,
atlas,Atlas,hybrid_dv_cv,jch,sc26_jch_nq9_nm3_c16,9,3,16,1255.126066,454270976.0,reported,ok,atlas_csv,Archived Atlas Baseline,
hybridcvdv,Gantry,hybrid_dv_cv,jch,sc26_jch_nq9_nm3_c32,9,3,32,20.539468,11012608.0,peak_gpu,ok,scaling_full_20260405,1x NVIDIA L20,
hybridcvdv,Gantry,hybrid_dv_cv,jch,sc26_jch_nq9_nm4_c4,9,4,4,17.724147,150016.0,peak_gpu,ok,scaling_full_20260405,1x NVIDIA L20,
bqsim,BQSim,hybrid_dv_cv,jch,sc26_jch_nq9_nm4_c4,9,4,4,355.0,134279168.0,reported,ok,bqsim_csv,Archived GPU baseline,
bosonic_gpu,Bosonic-GPU,hybrid_dv_cv,jch,jch_simulation_circuit|num_qubits=9|num_modes=4,9,4,4,377.958,1048576.0,reported,ok,bosonic_csv,Archived GPU baseline,
atlas,Atlas,hybrid_dv_cv,jch,sc26_jch_nq9_nm4_c4,9,4,4,508.536021,275361792.0,reported,ok,atlas_csv,Archived Atlas Baseline,
hybridcvdv,Gantry,hybrid_dv_cv,jch,sc26_jch_nq9_nm4_c8,9,4,8,18.180152,2361856.0,peak_gpu,ok,scaling_full_20260405,1x NVIDIA L20,
bqsim,BQSim,hybrid_dv_cv,jch,sc26_jch_nq9_nm4_c8,9,4,8,12033.0,197828608.0,reported,ok,bqsim_csv,Archived GPU baseline,
bosonic_gpu,Bosonic-GPU,hybrid_dv_cv,jch,jch_simulation_circuit|num_qubits=9|num_modes=4,9,4,8,441.067,16777216.0,reported,ok,bosonic_csv,Archived GPU baseline,
atlas,Atlas,hybrid_dv_cv,jch,sc26_jch_nq9_nm4_c8,9,4,8,1262.009301,454463488.0,reported,ok,atlas_csv,Archived Atlas Baseline,
hybridcvdv,Gantry,hybrid_dv_cv,jch,sc26_jch_nq9_nm4_c16,9,4,16,33.279499,37751296.0,peak_gpu,ok,scaling_full_20260405,1x NVIDIA L20,
bqsim,BQSim,hybrid_dv_cv,jch,sc26_jch_nq9_nm4_c16,9,4,16,,,reported,failed,bqsim_csv,Archived GPU baseline,
bosonic_gpu,Bosonic-GPU,hybrid_dv_cv,jch,jch_simulation_circuit|num_qubits=9|num_modes=4,9,4,16,5193.34,268435456.0,reported,ok,bosonic_csv,Archived GPU baseline,
atlas,Atlas,hybrid_dv_cv,jch,sc26_jch_nq9_nm4_c16,9,4,16,,,reported,failed,atlas_csv,Archived Atlas Baseline,
hybridcvdv,Gantry,hybrid_dv_cv,jch,sc26_jch_nq9_nm4_c32,9,4,32,109.524591,603982336.0,peak_gpu,ok,scaling_full_20260405,1x NVIDIA L20,
hybridcvdv,Gantry,hybrid_dv_cv,jch,sc26_jch_nq9_nm5_c4,9,5,4,33.53713,1165824.0,peak_gpu,ok,scaling_full_20260405,1x NVIDIA L20,
bqsim,BQSim,hybrid_dv_cv,jch,sc26_jch_nq9_nm5_c4,9,5,4,2019.0,147124224.0,reported,ok,bqsim_csv,Archived GPU baseline,
bosonic_gpu,Bosonic-GPU,hybrid_dv_cv,jch,jch_simulation_circuit|num_qubits=9|num_modes=5,9,5,4,227.971,4194304.0,reported,ok,bosonic_csv,Archived GPU baseline,
atlas,Atlas,hybrid_dv_cv,jch,sc26_jch_nq9_nm5_c4,9,5,4,751.092226,279265280.0,reported,ok,atlas_csv,Archived Atlas Baseline,
hybridcvdv,Gantry,hybrid_dv_cv,jch,sc26_jch_nq9_nm5_c8,9,5,8,39.805808,37227008.0,peak_gpu,ok,scaling_full_20260405,1x NVIDIA L20,
bqsim,BQSim,hybrid_dv_cv,jch,sc26_jch_nq9_nm5_c8,9,5,8,,,reported,failed,bqsim_csv,Archived GPU baseline,
bosonic_gpu,Bosonic-GPU,hybrid_dv_cv,jch,jch_simulation_circuit|num_qubits=9|num_modes=5,9,5,8,4073.0,134217728.0,reported,ok,bosonic_csv,Archived GPU baseline,
atlas,Atlas,hybrid_dv_cv,jch,sc26_jch_nq9_nm5_c8,9,5,8,32148.988925,17365618688.0,reported,ok,atlas_csv,Archived Atlas Baseline,
hybridcvdv,Gantry,hybrid_dv_cv,jch,sc26_jch_nq9_nm5_c16,9,5,16,238.630972,1191184896.0,peak_gpu,ok,scaling_full_20260405,1x NVIDIA L20,
bqsim,BQSim,hybrid_dv_cv,jch,sc26_jch_nq9_nm5_c16,9,5,16,,,reported,failed,bqsim_csv,Archived GPU baseline,
bosonic_gpu,Bosonic-GPU,hybrid_dv_cv,jch,jch_simulation_circuit|num_qubits=9|num_modes=5,9,5,16,,,reported,failed,bosonic_csv,Archived GPU baseline,Failed to allocate GPU memory
atlas,Atlas,hybrid_dv_cv,jch,sc26_jch_nq9_nm5_c16,9,5,16,,,reported,failed,atlas_csv,Archived Atlas Baseline,
hybridcvdv,Gantry,hybrid_dv_cv,jch,sc26_jch_nq9_nm5_c32,9,5,32,,,peak_gpu,failed,scaling_full_20260405,1x NVIDIA L20,
hybridcvdv,Gantry,hybrid_dv_cv,jch,sc26_jch_nq9_nm6_c4,9,6,4,65.605184,8590336.0,peak_gpu,ok,scaling_full_20260405,1x NVIDIA L20,
bqsim,BQSim,hybrid_dv_cv,jch,sc26_jch_nq9_nm6_c4,9,6,4,12031.0,197464064.0,reported,ok,bqsim_csv,Archived GPU baseline,
bosonic_gpu,Bosonic-GPU,hybrid_dv_cv,jch,jch_simulation_circuit|num_qubits=9|num_modes=6,9,6,4,306.137,16777216.0,reported,ok,bosonic_csv,Archived GPU baseline,
atlas,Atlas,hybrid_dv_cv,jch,sc26_jch_nq9_nm6_c4,9,6,4,1297.065649,454078464.0,reported,ok,atlas_csv,Archived Atlas Baseline,
hybridcvdv,Gantry,hybrid_dv_cv,jch,sc26_jch_nq9_nm6_c8,9,6,8,199.913868,549458944.0,peak_gpu,ok,scaling_full_20260405,1x NVIDIA L20,
bqsim,BQSim,hybrid_dv_cv,jch,sc26_jch_nq9_nm6_c8,9,6,8,,,reported,failed,bqsim_csv,Archived GPU baseline,
bosonic_gpu,Bosonic-GPU,hybrid_dv_cv,jch,jch_simulation_circuit|num_qubits=9|num_modes=6,9,6,8,17677.3,1073741824.0,reported,ok,bosonic_csv,Archived GPU baseline,
atlas,Atlas,hybrid_dv_cv,jch,sc26_jch_nq9_nm6_c8,9,6,8,,,reported,failed,atlas_csv,Archived Atlas Baseline,
hybridcvdv,Gantry,hybrid_dv_cv,jch,sc26_jch_nq9_nm6_c16,9,6,16,,,peak_gpu,failed,scaling_full_20260405,1x NVIDIA L20,
bqsim,BQSim,hybrid_dv_cv,jch,sc26_jch_nq9_nm6_c16,9,6,16,,,reported,failed,bqsim_csv,Archived GPU baseline,
bosonic_gpu,Bosonic-GPU,hybrid_dv_cv,jch,jch_simulation_circuit|num_qubits=9|num_modes=6,9,6,16,101.642,68719476736.0,reported,ok,bosonic_csv,Archived GPU baseline,
atlas,Atlas,hybrid_dv_cv,jch,sc26_jch_nq9_nm6_c16,9,6,16,,,reported,failed,atlas_csv,Archived Atlas Baseline,
hybridcvdv,Gantry,hybrid_dv_cv,jch,sc26_jch_nq9_nm6_c32,9,6,32,,,peak_gpu,failed,scaling_full_20260405,1x NVIDIA L20,
hybridcvdv,Gantry,hybrid_dv_cv,jch,sc26_jch_nq9_nm7_c4,9,7,4,157.16849,68429824.0,peak_gpu,ok,scaling_full_20260405,1x NVIDIA L20,
bqsim,BQSim,hybrid_dv_cv,jch,sc26_jch_nq9_nm7_c4,9,7,4,64837.0,399065088.0,reported,ok,bqsim_csv,Archived GPU baseline,
bosonic_gpu,Bosonic-GPU,hybrid_dv_cv,jch,jch_simulation_circuit|num_qubits=9|num_modes=7,9,7,4,1433.21,67108864.0,reported,ok,bosonic_csv,Archived GPU baseline,
atlas,Atlas,hybrid_dv_cv,jch,sc26_jch_nq9_nm7_c4,9,7,4,11504.704497,4480733184.0,reported,ok,atlas_csv,Archived Atlas Baseline,
hybridcvdv,Gantry,hybrid_dv_cv,jch,sc26_jch_nq9_nm7_c8,9,7,8,5344.102135,8757716992.0,peak_gpu,ok,scaling_full_20260405,1x NVIDIA L20,
bqsim,BQSim,hybrid_dv_cv,jch,sc26_jch_nq9_nm7_c8,9,7,8,,,reported,failed,bqsim_csv,Archived GPU baseline,
bosonic_gpu,Bosonic-GPU,hybrid_dv_cv,jch,jch_simulation_circuit|num_qubits=9|num_modes=7,9,7,8,,,reported,failed,bosonic_csv,Archived GPU baseline,Failed to allocate GPU memory
atlas,Atlas,hybrid_dv_cv,jch,sc26_jch_nq9_nm7_c8,9,7,8,,,reported,failed,atlas_csv,Archived Atlas Baseline,
hybridcvdv,Gantry,hybrid_dv_cv,jch,sc26_jch_nq9_nm7_c16,9,7,16,,,peak_gpu,failed,scaling_full_20260405,1x NVIDIA L20,
bqsim,BQSim,hybrid_dv_cv,jch,sc26_jch_nq9_nm7_c16,9,7,16,,,reported,failed,bqsim_csv,Archived GPU baseline,
bosonic_gpu,Bosonic-GPU,hybrid_dv_cv,jch,jch_simulation_circuit|num_qubits=9|num_modes=7,9,7,16,207.117,1099511627776.0,reported,ok,bosonic_csv,Archived GPU baseline,
atlas,Atlas,hybrid_dv_cv,jch,sc26_jch_nq9_nm7_c16,9,7,16,,,reported,failed,atlas_csv,Archived Atlas Baseline,
hybridcvdv,Gantry,hybrid_dv_cv,jch,sc26_jch_nq10_nm2_c4,10,2,4,5.621959,5376.0,peak_gpu,ok,scaling_full_20260405,1x NVIDIA L20,
hybridcvdv,Gantry,hybrid_dv_cv,jch,sc26_jch_nq10_nm2_c8,10,2,8,10.719479,13824.0,peak_gpu,ok,scaling_full_20260405,1x NVIDIA L20,
hybridcvdv,Gantry,hybrid_dv_cv,jch,sc26_jch_nq10_nm2_c16,10,2,16,10.727275,47616.0,peak_gpu,ok,scaling_full_20260405,1x NVIDIA L20,
hybridcvdv,Gantry,hybrid_dv_cv,jch,sc26_jch_nq10_nm2_c32,10,2,32,10.726611,182784.0,peak_gpu,ok,scaling_full_20260405,1x NVIDIA L20,
hybridcvdv,Gantry,hybrid_dv_cv,jch,sc26_jch_nq10_nm3_c4,10,3,4,9.896932,24064.0,peak_gpu,ok,scaling_full_20260405,1x NVIDIA L20,
bqsim,BQSim,hybrid_dv_cv,jch,sc26_jch_nq10_nm3_c4,10,3,4,91.0,132169728.0,reported,ok,bqsim_csv,Archived GPU baseline,
bosonic_gpu,Bosonic-GPU,hybrid_dv_cv,jch,jch_simulation_circuit|num_qubits=10|num_modes=3,10,3,4,400.161,524288.0,reported,ok,bosonic_csv,Archived GPU baseline,
atlas,Atlas,hybrid_dv_cv,jch,sc26_jch_nq10_nm3_c4,10,3,4,1320.585988,275714048.0,reported,ok,atlas_csv,Archived Atlas Baseline,
hybridcvdv,Gantry,hybrid_dv_cv,jch,sc26_jch_nq10_nm3_c8,10,3,8,10.140202,174592.0,peak_gpu,ok,scaling_full_20260405,1x NVIDIA L20,
bqsim,BQSim,hybrid_dv_cv,jch,sc26_jch_nq10_nm3_c8,10,3,8,1234.0,146853888.0,reported,ok,bqsim_csv,Archived GPU baseline,
bosonic_gpu,Bosonic-GPU,hybrid_dv_cv,jch,jch_simulation_circuit|num_qubits=10|num_modes=3,10,3,8,443.381,4194304.0,reported,ok,bosonic_csv,Archived GPU baseline,
atlas,Atlas,hybrid_dv_cv,jch,sc26_jch_nq10_nm3_c8,10,3,8,490.316766,275292160.0,reported,ok,atlas_csv,Archived Atlas Baseline,
hybridcvdv,Gantry,hybrid_dv_cv,jch,sc26_jch_nq10_nm3_c16,10,3,16,13.106578,1378816.0,peak_gpu,ok,scaling_full_20260405,1x NVIDIA L20,
bqsim,BQSim,hybrid_dv_cv,jch,sc26_jch_nq10_nm3_c16,10,3,16,16060.0,265089024.0,reported,ok,bqsim_csv,Archived GPU baseline,
bosonic_gpu,Bosonic-GPU,hybrid_dv_cv,jch,jch_simulation_circuit|num_qubits=10|num_modes=3,10,3,16,10471.7,33554432.0,reported,ok,bosonic_csv,Archived GPU baseline,
atlas,Atlas,hybrid_dv_cv,jch,sc26_jch_nq10_nm3_c16,10,3,16,1398.230059,454184960.0,reported,ok,atlas_csv,Archived Atlas Baseline,
hybridcvdv,Gantry,hybrid_dv_cv,jch,sc26_jch_nq10_nm3_c32,10,3,32,23.714157,11012608.0,peak_gpu,ok,scaling_full_20260405,1x NVIDIA L20,
hybridcvdv,Gantry,hybrid_dv_cv,jch,sc26_jch_nq10_nm4_c4,10,4,4,18.002622,150016.0,peak_gpu,ok,scaling_full_20260405,1x NVIDIA L20,
bqsim,BQSim,hybrid_dv_cv,jch,sc26_jch_nq10_nm4_c4,10,4,4,564.0,138375168.0,reported,ok,bqsim_csv,Archived GPU baseline,
bosonic_gpu,Bosonic-GPU,hybrid_dv_cv,jch,jch_simulation_circuit|num_qubits=10|num_modes=4,10,4,4,414.404,2097152.0,reported,ok,bosonic_csv,Archived GPU baseline,
atlas,Atlas,hybrid_dv_cv,jch,sc26_jch_nq10_nm4_c4,10,4,4,421.731537,275546112.0,reported,ok,atlas_csv,Archived Atlas Baseline,
hybridcvdv,Gantry,hybrid_dv_cv,jch,sc26_jch_nq10_nm4_c8,10,4,8,18.457784,2361856.0,peak_gpu,ok,scaling_full_20260405,1x NVIDIA L20,
bqsim,BQSim,hybrid_dv_cv,jch,sc26_jch_nq10_nm4_c8,10,4,8,24037.0,264835072.0,reported,ok,bqsim_csv,Archived GPU baseline,
bosonic_gpu,Bosonic-GPU,hybrid_dv_cv,jch,jch_simulation_circuit|num_qubits=10|num_modes=4,10,4,8,673.669,33554432.0,reported,ok,bosonic_csv,Archived GPU baseline,
atlas,Atlas,hybrid_dv_cv,jch,sc26_jch_nq10_nm4_c8,10,4,8,560.511772,454197248.0,reported,ok,atlas_csv,Archived Atlas Baseline,
hybridcvdv,Gantry,hybrid_dv_cv,jch,sc26_jch_nq10_nm4_c16,10,4,16,34.182464,37751296.0,peak_gpu,ok,scaling_full_20260405,1x NVIDIA L20,
bqsim,BQSim,hybrid_dv_cv,jch,sc26_jch_nq10_nm4_c16,10,4,16,,,reported,failed,bqsim_csv,Archived GPU baseline,
bosonic_gpu,Bosonic-GPU,hybrid_dv_cv,jch,jch_simulation_circuit|num_qubits=10|num_modes=4,10,4,16,5268.8,536870912.0,reported,ok,bosonic_csv,Archived GPU baseline,
atlas,Atlas,hybrid_dv_cv,jch,sc26_jch_nq10_nm4_c16,10,4,16,,,reported,failed,atlas_csv,Archived Atlas Baseline,
hybridcvdv,Gantry,hybrid_dv_cv,jch,sc26_jch_nq10_nm4_c32,10,4,32,109.667344,603982336.0,peak_gpu,ok,scaling_full_20260405,1x NVIDIA L20,
hybridcvdv,Gantry,hybrid_dv_cv,jch,sc26_jch_nq10_nm5_c4,10,5,4,33.88674,1165824.0,peak_gpu,ok,scaling_full_20260405,1x NVIDIA L20,
bqsim,BQSim,hybrid_dv_cv,jch,sc26_jch_nq10_nm5_c4,10,5,4,3965.0,163647488.0,reported,ok,bqsim_csv,Archived GPU baseline,
bosonic_gpu,Bosonic-GPU,hybrid_dv_cv,jch,jch_simulation_circuit|num_qubits=10|num_modes=5,10,5,4,382.496,8388608.0,reported,ok,bosonic_csv,Archived GPU baseline,
atlas,Atlas,hybrid_dv_cv,jch,sc26_jch_nq10_nm5_c4,10,5,4,338.302724,282931200.0,reported,ok,atlas_csv,Archived Atlas Baseline,
hybridcvdv,Gantry,hybrid_dv_cv,jch,sc26_jch_nq10_nm5_c8,10,5,8,40.027363,37227008.0,peak_gpu,ok,scaling_full_20260405,1x NVIDIA L20,
bqsim,BQSim,hybrid_dv_cv,jch,sc26_jch_nq10_nm5_c8,10,5,8,,,reported,failed,bqsim_csv,Archived GPU baseline,
bosonic_gpu,Bosonic-GPU,hybrid_dv_cv,jch,jch_simulation_circuit|num_qubits=10|num_modes=5,10,5,8,8671.47,268435456.0,reported,ok,bosonic_csv,Archived GPU baseline,
atlas,Atlas,hybrid_dv_cv,jch,sc26_jch_nq10_nm5_c8,10,5,8,35999.74694,17365622784.0,reported,ok,atlas_csv,Archived Atlas Baseline,
hybridcvdv,Gantry,hybrid_dv_cv,jch,sc26_jch_nq10_nm5_c16,10,5,16,238.757136,1191184896.0,peak_gpu,ok,scaling_full_20260405,1x NVIDIA L20,
bqsim,BQSim,hybrid_dv_cv,jch,sc26_jch_nq10_nm5_c16,10,5,16,,,reported,failed,bqsim_csv,Archived GPU baseline,
bosonic_gpu,Bosonic-GPU,hybrid_dv_cv,jch,jch_simulation_circuit|num_qubits=10|num_modes=5,10,5,16,,,reported,failed,bosonic_csv,Archived GPU baseline,Failed to allocate GPU memory
atlas,Atlas,hybrid_dv_cv,jch,sc26_jch_nq10_nm5_c16,10,5,16,,,reported,failed,atlas_csv,Archived Atlas Baseline,
hybridcvdv,Gantry,hybrid_dv_cv,jch,sc26_jch_nq10_nm5_c32,10,5,32,,,peak_gpu,failed,scaling_full_20260405,1x NVIDIA L20,
hybridcvdv,Gantry,hybrid_dv_cv,jch,sc26_jch_nq10_nm6_c4,10,6,4,65.809394,8590336.0,peak_gpu,ok,scaling_full_20260405,1x NVIDIA L20,
bqsim,BQSim,hybrid_dv_cv,jch,sc26_jch_nq10_nm6_c4,10,6,4,23853.0,264835072.0,reported,ok,bqsim_csv,Archived GPU baseline,
bosonic_gpu,Bosonic-GPU,hybrid_dv_cv,jch,jch_simulation_circuit|num_qubits=10|num_modes=6,10,6,4,939.876,33554432.0,reported,ok,bosonic_csv,Archived GPU baseline,
atlas,Atlas,hybrid_dv_cv,jch,sc26_jch_nq10_nm6_c4,10,6,4,696.578442,454197248.0,reported,ok,atlas_csv,Archived Atlas Baseline,
hybridcvdv,Gantry,hybrid_dv_cv,jch,sc26_jch_nq10_nm6_c8,10,6,8,198.362272,549458944.0,peak_gpu,ok,scaling_full_20260405,1x NVIDIA L20,
bqsim,BQSim,hybrid_dv_cv,jch,sc26_jch_nq10_nm6_c8,10,6,8,,,reported,failed,bqsim_csv,Archived GPU baseline,
bosonic_gpu,Bosonic-GPU,hybrid_dv_cv,jch,jch_simulation_circuit|num_qubits=10|num_modes=6,10,6,8,,,reported,failed,bosonic_csv,Archived GPU baseline,Failed to allocate GPU memory
atlas,Atlas,hybrid_dv_cv,jch,sc26_jch_nq10_nm6_c8,10,6,8,,,reported,failed,atlas_csv,Archived Atlas Baseline,
hybridcvdv,Gantry,hybrid_dv_cv,jch,sc26_jch_nq10_nm6_c16,10,6,16,,,peak_gpu,failed,scaling_full_20260405,1x NVIDIA L20,
bqsim,BQSim,hybrid_dv_cv,jch,sc26_jch_nq10_nm6_c16,10,6,16,,,reported,failed,bqsim_csv,Archived GPU baseline,
bosonic_gpu,Bosonic-GPU,hybrid_dv_cv,jch,jch_simulation_circuit|num_qubits=10|num_modes=6,10,6,16,1890.13,137438953472.0,reported,ok,bosonic_csv,Archived GPU baseline,
atlas,Atlas,hybrid_dv_cv,jch,sc26_jch_nq10_nm6_c16,10,6,16,,,reported,failed,atlas_csv,Archived Atlas Baseline,
hybridcvdv,Gantry,hybrid_dv_cv,jch,sc26_jch_nq10_nm6_c32,10,6,32,,,peak_gpu,failed,scaling_full_20260405,1x NVIDIA L20,
hybridcvdv,Gantry,hybrid_dv_cv,jch,sc26_jch_nq10_nm7_c4,10,7,4,157.399821,68429824.0,peak_gpu,ok,scaling_full_20260405,1x NVIDIA L20,
bqsim,BQSim,hybrid_dv_cv,jch,sc26_jch_nq10_nm7_c4,10,7,4,,,reported,failed,bqsim_csv,Archived GPU baseline,
bosonic_gpu,Bosonic-GPU,hybrid_dv_cv,jch,jch_simulation_circuit|num_qubits=10|num_modes=7,10,7,4,1583.88,134217728.0,reported,ok,bosonic_csv,Archived GPU baseline,
atlas,Atlas,hybrid_dv_cv,jch,sc26_jch_nq10_nm7_c4,10,7,4,7001.534436,4480749568.0,reported,ok,atlas_csv,Archived Atlas Baseline,
hybridcvdv,Gantry,hybrid_dv_cv,jch,sc26_jch_nq10_nm7_c8,10,7,8,5344.372237,8757716992.0,peak_gpu,ok,scaling_full_20260405,1x NVIDIA L20,
bqsim,BQSim,hybrid_dv_cv,jch,sc26_jch_nq10_nm7_c8,10,7,8,,,reported,failed,bqsim_csv,Archived GPU baseline,
bosonic_gpu,Bosonic-GPU,hybrid_dv_cv,jch,jch_simulation_circuit|num_qubits=10|num_modes=7,10,7,8,,,reported,failed,bosonic_csv,Archived GPU baseline,Failed to allocate GPU memory
atlas,Atlas,hybrid_dv_cv,jch,sc26_jch_nq10_nm7_c8,10,7,8,,,reported,failed,atlas_csv,Archived Atlas Baseline,
hybridcvdv,Gantry,hybrid_dv_cv,jch,sc26_jch_nq10_nm7_c16,10,7,16,,,peak_gpu,failed,scaling_full_20260405,1x NVIDIA L20,
bqsim,BQSim,hybrid_dv_cv,jch,sc26_jch_nq10_nm7_c16,10,7,16,,,reported,failed,bqsim_csv,Archived GPU baseline,
bosonic_gpu,Bosonic-GPU,hybrid_dv_cv,jch,jch_simulation_circuit|num_qubits=10|num_modes=7,10,7,16,4660.78,2199023255552.0,reported,ok,bosonic_csv,Archived GPU baseline,
atlas,Atlas,hybrid_dv_cv,jch,sc26_jch_nq10_nm7_c16,10,7,16,,,reported,failed,atlas_csv,Archived Atlas Baseline,
hybridcvdv,Gantry,hybrid_dv_cv,vqe,sc26_vqe_nq3_nm2_c4,3,2,4,5.749057,6912.0,peak_gpu,ok,scaling_full_20260405,1x NVIDIA L20,
hybridcvdv,Gantry,hybrid_dv_cv,vqe,sc26_vqe_nq3_nm2_c8,3,2,8,6.241645,19968.0,peak_gpu,ok,scaling_full_20260405,1x NVIDIA L20,
hybridcvdv,Gantry,hybrid_dv_cv,vqe,sc26_vqe_nq3_nm2_c16,3,2,16,14.160945,72192.0,peak_gpu,ok,scaling_full_20260405,1x NVIDIA L20,
hybridcvdv,Gantry,hybrid_dv_cv,vqe,sc26_vqe_nq3_nm2_c32,3,2,32,35.277784,281088.0,peak_gpu,ok,scaling_full_20260405,1x NVIDIA L20,
hybridcvdv,Gantry,hybrid_dv_cv,vqe,sc26_vqe_nq3_nm3_c4,3,3,4,7.709476,19968.0,peak_gpu,ok,scaling_full_20260405,1x NVIDIA L20,
bqsim,BQSim,hybrid_dv_cv,vqe,sc26_vqe_nq3_nm3_c4,3,3,4,8.0,131887104.0,reported,ok,bqsim_csv,Archived GPU baseline,
bosonic_gpu,Bosonic-GPU,hybrid_dv_cv,vqe,vqe_circuit|qubits=3|qumodes=3,3,3,4,86.867,4096.0,reported,ok,bosonic_csv,Archived GPU baseline,
atlas,Atlas,hybrid_dv_cv,vqe,sc26_vqe_nq3_nm3_c4,3,3,4,435.674942,274546688.0,reported,ok,atlas_csv,Archived Atlas Baseline,
hybridcvdv,Gantry,hybrid_dv_cv,vqe,sc26_vqe_nq3_nm3_c8,3,3,8,10.459549,141824.0,peak_gpu,ok,scaling_full_20260405,1x NVIDIA L20,
bqsim,BQSim,hybrid_dv_cv,vqe,sc26_vqe_nq3_nm3_c8,3,3,8,13.0,131887104.0,reported,ok,bqsim_csv,Archived GPU baseline,
bosonic_gpu,Bosonic-GPU,hybrid_dv_cv,vqe,vqe_circuit|qubits=3|qumodes=3,3,3,8,6936.4,32768.0,reported,ok,bosonic_csv,Archived GPU baseline,
atlas,Atlas,hybrid_dv_cv,vqe,sc26_vqe_nq3_nm3_c8,3,3,8,460.567372,275640320.0,reported,ok,atlas_csv,Archived Atlas Baseline,
hybridcvdv,Gantry,hybrid_dv_cv,vqe,sc26_vqe_nq3_nm3_c16,3,3,16,23.177093,1116672.0,peak_gpu,ok,scaling_full_20260405,1x NVIDIA L20,
bqsim,BQSim,hybrid_dv_cv,vqe,sc26_vqe_nq3_nm3_c16,3,3,16,83.0,131891200.0,reported,ok,bqsim_csv,Archived GPU baseline,
bosonic_gpu,Bosonic-GPU,hybrid_dv_cv,vqe,vqe_circuit|qubits=3|qumodes=3,3,3,16,149.117,262144.0,reported,ok,bosonic_csv,Archived GPU baseline,
atlas,Atlas,hybrid_dv_cv,vqe,sc26_vqe_nq3_nm3_c16,3,3,16,624.820527,453738496.0,reported,ok,atlas_csv,Archived Atlas Baseline,
hybridcvdv,Gantry,hybrid_dv_cv,vqe,sc26_vqe_nq3_nm3_c32,3,3,32,146.941616,8915456.0,peak_gpu,ok,scaling_full_20260405,1x NVIDIA L20,
hybridcvdv,Gantry,hybrid_dv_cv,vqe,sc26_vqe_nq3_nm4_c4,3,4,4,10.243696,72192.0,peak_gpu,ok,scaling_full_20260405,1x NVIDIA L20,
bqsim,BQSim,hybrid_dv_cv,vqe,sc26_vqe_nq3_nm4_c4,3,4,4,10.0,131887104.0,reported,ok,bqsim_csv,Archived GPU baseline,
bosonic_gpu,Bosonic-GPU,hybrid_dv_cv,vqe,vqe_circuit|qubits=3|qumodes=4,3,4,4,137.857,16384.0,reported,ok,bosonic_csv,Archived GPU baseline,
atlas,Atlas,hybrid_dv_cv,vqe,sc26_vqe_nq3_nm4_c4,3,4,4,327.551681,275611648.0,reported,ok,atlas_csv,Archived Atlas Baseline,
hybridcvdv,Gantry,hybrid_dv_cv,vqe,sc26_vqe_nq3_nm4_c8,3,4,8,13.847476,1116672.0,peak_gpu,ok,scaling_full_20260405,1x NVIDIA L20,
bqsim,BQSim,hybrid_dv_cv,vqe,sc26_vqe_nq3_nm4_c8,3,4,8,59.0,131829760.0,reported,ok,bqsim_csv,Archived GPU baseline,
bosonic_gpu,Bosonic-GPU,hybrid_dv_cv,vqe,vqe_circuit|qubits=3|qumodes=4,3,4,8,19111.8,262144.0,reported,ok,bosonic_csv,Archived GPU baseline,
atlas,Atlas,hybrid_dv_cv,vqe,sc26_vqe_nq3_nm4_c8,3,4,8,802.804024,453935104.0,reported,ok,atlas_csv,Archived Atlas Baseline,
hybridcvdv,Gantry,hybrid_dv_cv,vqe,sc26_vqe_nq3_nm4_c16,3,4,16,91.065627,17828352.0,peak_gpu,ok,scaling_full_20260405,1x NVIDIA L20,
bqsim,BQSim,hybrid_dv_cv,vqe,sc26_vqe_nq3_nm4_c16,3,4,16,1751.0,146579456.0,reported,ok,bqsim_csv,Archived GPU baseline,
bosonic_gpu,Bosonic-GPU,hybrid_dv_cv,vqe,vqe_circuit|qubits=3|qumodes=4,3,4,16,20609.6,4194304.0,reported,ok,bosonic_csv,Archived GPU baseline,
atlas,Atlas,hybrid_dv_cv,vqe,sc26_vqe_nq3_nm4_c16,3,4,16,,,reported,failed,atlas_csv,Archived Atlas Baseline,
hybridcvdv,Gantry,hybrid_dv_cv,vqe,sc26_vqe_nq3_nm4_c32,3,4,32,4774.630665,285215232.0,peak_gpu,ok,scaling_full_20260405,1x NVIDIA L20,
hybridcvdv,Gantry,hybrid_dv_cv,vqe,sc26_vqe_nq3_nm5_c4,3,5,4,12.423631,281088.0,peak_gpu,ok,scaling_full_20260405,1x NVIDIA L20,
bqsim,BQSim,hybrid_dv_cv,vqe,sc26_vqe_nq3_nm5_c4,3,5,4,16.0,131895296.0,reported,ok,bqsim_csv,Archived GPU baseline,
bosonic_gpu,Bosonic-GPU,hybrid_dv_cv,vqe,vqe_circuit|qubits=3|qumodes=5,3,5,4,212.091,65536.0,reported,ok,bosonic_csv,Archived GPU baseline,
atlas,Atlas,hybrid_dv_cv,vqe,sc26_vqe_nq3_nm5_c4,3,5,4,378.962287,275513344.0,reported,ok,atlas_csv,Archived Atlas Baseline,
hybridcvdv,Gantry,hybrid_dv_cv,vqe,sc26_vqe_nq3_nm5_c8,3,5,8,27.585142,8915456.0,peak_gpu,ok,scaling_full_20260405,1x NVIDIA L20,
bqsim,BQSim,hybrid_dv_cv,vqe,sc26_vqe_nq3_nm5_c8,3,5,8,523.0,138194944.0,reported,ok,bqsim_csv,Archived GPU baseline,
bosonic_gpu,Bosonic-GPU,hybrid_dv_cv,vqe,vqe_circuit|qubits=3|qumodes=5,3,5,8,87.6384,2097152.0,reported,ok,bosonic_csv,Archived GPU baseline,
atlas,Atlas,hybrid_dv_cv,vqe,sc26_vqe_nq3_nm5_c8,3,5,8,43060.841079,17365164032.0,reported,ok,atlas_csv,Archived Atlas Baseline,
hybridcvdv,Gantry,hybrid_dv_cv,vqe,sc26_vqe_nq3_nm5_c16,3,5,16,1574.446011,285215232.0,peak_gpu,ok,scaling_full_20260405,1x NVIDIA L20,
bqsim,BQSim,hybrid_dv_cv,vqe,sc26_vqe_nq3_nm5_c16,3,5,16,37132.0,398757888.0,reported,ok,bqsim_csv,Archived GPU baseline,
bosonic_gpu,Bosonic-GPU,hybrid_dv_cv,vqe,vqe_circuit|qubits=3|qumodes=5,3,5,16,477.898,67108864.0,reported,ok,bosonic_csv,Archived GPU baseline,
atlas,Atlas,hybrid_dv_cv,vqe,sc26_vqe_nq3_nm5_c16,3,5,16,,,reported,failed,atlas_csv,Archived Atlas Baseline,
hybridcvdv,Gantry,hybrid_dv_cv,vqe,sc26_vqe_nq3_nm5_c32,3,5,32,189480.545393,9126806724.0,peak_gpu,ok,scaling_full_20260405,1x NVIDIA L20,
hybridcvdv,Gantry,hybrid_dv_cv,vqe,sc26_vqe_nq3_nm6_c4,3,6,4,14.771732,1116672.0,peak_gpu,ok,scaling_full_20260405,1x NVIDIA L20,
bqsim,BQSim,hybrid_dv_cv,vqe,sc26_vqe_nq3_nm6_c4,3,6,4,44.0,131891200.0,reported,ok,bqsim_csv,Archived GPU baseline,
bosonic_gpu,Bosonic-GPU,hybrid_dv_cv,vqe,vqe_circuit|qubits=3|qumodes=6,3,6,4,236.043,262144.0,reported,ok,bosonic_csv,Archived GPU baseline,
atlas,Atlas,hybrid_dv_cv,vqe,sc26_vqe_nq3_nm6_c4,3,6,4,846.899312,453967872.0,reported,ok,atlas_csv,Archived Atlas Baseline,
hybridcvdv,Gantry,hybrid_dv_cv,vqe,sc26_vqe_nq3_nm6_c8,3,6,8,143.26517,71305728.0,peak_gpu,ok,scaling_full_20260405,1x NVIDIA L20,
bqsim,BQSim,hybrid_dv_cv,vqe,sc26_vqe_nq3_nm6_c8,3,6,8,4995.0,197431296.0,reported,ok,bqsim_csv,Archived GPU baseline,
bosonic_gpu,Bosonic-GPU,hybrid_dv_cv,vqe,vqe_circuit|qubits=3|qumodes=6,3,6,8,60682.3,16777216.0,reported,ok,bosonic_csv,Archived GPU baseline,
atlas,Atlas,hybrid_dv_cv,vqe,sc26_vqe_nq3_nm6_c8,3,6,8,,,reported,failed,atlas_csv,Archived Atlas Baseline,
hybridcvdv,Gantry,hybrid_dv_cv,vqe,sc26_vqe_nq3_nm6_c16,3,6,16,29894.957101,4563405212.0,peak_gpu,ok,scaling_full_20260405,1x NVIDIA L20,
bqsim,BQSim,hybrid_dv_cv,vqe,sc26_vqe_nq3_nm6_c16,3,6,16,742714.0,4425302016.0,reported,ok,bqsim_csv,Archived GPU baseline,
bosonic_gpu,Bosonic-GPU,hybrid_dv_cv,vqe,vqe_circuit|qubits=3|qumodes=6,3,6,16,6515.92,1073741824.0,reported,ok,bosonic_csv,Archived GPU baseline,
atlas,Atlas,hybrid_dv_cv,vqe,sc26_vqe_nq3_nm6_c16,3,6,16,,,reported,failed,atlas_csv,Archived Atlas Baseline,
hybridcvdv,Gantry,hybrid_dv_cv,vqe,sc26_vqe_nq3_nm6_c32,3,6,32,,,peak_gpu,failed,scaling_full_20260405,1x NVIDIA L20,
hybridcvdv,Gantry,hybrid_dv_cv,vqe,sc26_vqe_nq3_nm7_c4,3,7,4,18.270485,4459008.0,peak_gpu,ok,scaling_full_20260405,1x NVIDIA L20,
bqsim,BQSim,hybrid_dv_cv,vqe,sc26_vqe_nq3_nm7_c4,3,7,4,169.0,133996544.0,reported,ok,bqsim_csv,Archived GPU baseline,
bosonic_gpu,Bosonic-GPU,hybrid_dv_cv,vqe,vqe_circuit|qubits=3|qumodes=7,3,7,4,185.16,1048576.0,reported,ok,bosonic_csv,Archived GPU baseline,
atlas,Atlas,hybrid_dv_cv,vqe,sc26_vqe_nq3_nm7_c4,3,7,4,9701.485417,4480454656.0,reported,ok,atlas_csv,Archived Atlas Baseline,
hybridcvdv,Gantry,hybrid_dv_cv,vqe,sc26_vqe_nq3_nm7_c8,3,7,8,1215.117833,570427904.0,peak_gpu,ok,scaling_full_20260405,1x NVIDIA L20,
bqsim,BQSim,hybrid_dv_cv,vqe,sc26_vqe_nq3_nm7_c8,3,7,8,46958.0,667193344.0,reported,ok,bqsim_csv,Archived GPU baseline,
bosonic_gpu,Bosonic-GPU,hybrid_dv_cv,vqe,vqe_circuit|qubits=3|qumodes=7,3,7,8,1926.86,134217728.0,reported,ok,bosonic_csv,Archived GPU baseline,
atlas,Atlas,hybrid_dv_cv,vqe,sc26_vqe_nq3_nm7_c8,3,7,8,,,reported,failed,atlas_csv,Archived Atlas Baseline,
hybridcvdv,Gantry,hybrid_dv_cv,vqe,sc26_vqe_nq3_nm7_c16,3,7,16,,,peak_gpu,failed,scaling_full_20260405,1x NVIDIA L20,
bqsim,BQSim,hybrid_dv_cv,vqe,sc26_vqe_nq3_nm7_c16,3,7,16,,,reported,failed,bqsim_csv,Archived GPU baseline,
bosonic_gpu,Bosonic-GPU,hybrid_dv_cv,vqe,vqe_circuit|num_qubits=3|num_modes=7,3,7,16,,,reported,failed,bosonic_csv,Archived GPU baseline,Failed to allocate GPU memory
atlas,Atlas,hybrid_dv_cv,vqe,sc26_vqe_nq3_nm7_c16,3,7,16,,,reported,failed,atlas_csv,Archived Atlas Baseline,
hybridcvdv,Gantry,hybrid_dv_cv,vqe,sc26_vqe_nq4_nm2_c4,4,2,4,13.773438,11520.0,peak_gpu,ok,scaling_full_20260405,1x NVIDIA L20,
hybridcvdv,Gantry,hybrid_dv_cv,vqe,sc26_vqe_nq4_nm2_c8,4,2,8,14.796474,38400.0,peak_gpu,ok,scaling_full_20260405,1x NVIDIA L20,
hybridcvdv,Gantry,hybrid_dv_cv,vqe,sc26_vqe_nq4_nm2_c16,4,2,16,27.899756,145920.0,peak_gpu,ok,scaling_full_20260405,1x NVIDIA L20,
hybridcvdv,Gantry,hybrid_dv_cv,vqe,sc26_vqe_nq4_nm2_c32,4,2,32,69.520109,576000.0,peak_gpu,ok,scaling_full_20260405,1x NVIDIA L20,
hybridcvdv,Gantry,hybrid_dv_cv,vqe,sc26_vqe_nq4_nm3_c4,4,3,4,18.72882,38400.0,peak_gpu,ok,scaling_full_20260405,1x NVIDIA L20,
bqsim,BQSim,hybrid_dv_cv,vqe,sc26_vqe_nq4_nm3_c4,4,3,4,10.0,131887104.0,reported,ok,bqsim_csv,Archived GPU baseline,
bosonic_gpu,Bosonic-GPU,hybrid_dv_cv,vqe,vqe_circuit|qubits=4|qumodes=3,4,3,4,200.868,8192.0,reported,ok,bosonic_csv,Archived GPU baseline,
atlas,Atlas,hybrid_dv_cv,vqe,sc26_vqe_nq4_nm3_c4,4,3,4,700.901248,274022400.0,reported,ok,atlas_csv,Archived Atlas Baseline,
hybridcvdv,Gantry,hybrid_dv_cv,vqe,sc26_vqe_nq4_nm3_c8,4,3,8,23.971148,289280.0,peak_gpu,ok,scaling_full_20260405,1x NVIDIA L20,
bqsim,BQSim,hybrid_dv_cv,vqe,sc26_vqe_nq4_nm3_c8,4,3,8,20.0,131883008.0,reported,ok,bqsim_csv,Archived GPU baseline,
bosonic_gpu,Bosonic-GPU,hybrid_dv_cv,vqe,vqe_circuit|qubits=4|qumodes=3,4,3,8,488.375,65536.0,reported,ok,bosonic_csv,Archived GPU baseline,
atlas,Atlas,hybrid_dv_cv,vqe,sc26_vqe_nq4_nm3_c8,4,3,8,372.27853,275431424.0,reported,ok,atlas_csv,Archived Atlas Baseline,
hybridcvdv,Gantry,hybrid_dv_cv,vqe,sc26_vqe_nq4_nm3_c16,4,3,16,42.936885,2296320.0,peak_gpu,ok,scaling_full_20260405,1x NVIDIA L20,
bqsim,BQSim,hybrid_dv_cv,vqe,sc26_vqe_nq4_nm3_c16,4,3,16,171.0,131895296.0,reported,ok,bqsim_csv,Archived GPU baseline,
bosonic_gpu,Bosonic-GPU,hybrid_dv_cv,vqe,vqe_circuit|qubits=4|qumodes=3,4,3,16,832.544,524288.0,reported,ok,bosonic_csv,Archived GPU baseline,
atlas,Atlas,hybrid_dv_cv,vqe,sc26_vqe_nq4_nm3_c16,4,3,16,1122.013963,453976064.0,reported,ok,atlas_csv,Archived Atlas Baseline,
hybridcvdv,Gantry,hybrid_dv_cv,vqe,sc26_vqe_nq4_nm3_c32,4,3,32,292.641609,18352640.0,peak_gpu,ok,scaling_full_20260405,1x NVIDIA L20,
hybridcvdv,Gantry,hybrid_dv_cv,vqe,sc26_vqe_nq4_nm4_c4,4,4,4,24.757329,145920.0,peak_gpu,ok,scaling_full_20260405,1x NVIDIA L20,
bqsim,BQSim,hybrid_dv_cv,vqe,sc26_vqe_nq4_nm4_c4,4,4,4,14.0,131887104.0,reported,ok,bqsim_csv,Archived GPU baseline,
bosonic_gpu,Bosonic-GPU,hybrid_dv_cv,vqe,vqe_circuit|qubits=4|qumodes=4,4,4,4,163.052,32768.0,reported,ok,bosonic_csv,Archived GPU baseline,
atlas,Atlas,hybrid_dv_cv,vqe,sc26_vqe_nq4_nm4_c4,4,4,4,530.031558,275664896.0,reported,ok,atlas_csv,Archived Atlas Baseline,
hybridcvdv,Gantry,hybrid_dv_cv,vqe,sc26_vqe_nq4_nm4_c8,4,4,8,31.998467,2296320.0,peak_gpu,ok,scaling_full_20260405,1x NVIDIA L20,
bqsim,BQSim,hybrid_dv_cv,vqe,sc26_vqe_nq4_nm4_c8,4,4,8,125.0,131825664.0,reported,ok,bqsim_csv,Archived GPU baseline,
bosonic_gpu,Bosonic-GPU,hybrid_dv_cv,vqe,vqe_circuit|qubits=4|qumodes=4,4,4,8,13203.2,524288.0,reported,ok,bosonic_csv,Archived GPU baseline,
atlas,Atlas,hybrid_dv_cv,vqe,sc26_vqe_nq4_nm4_c8,4,4,8,947.404777,453935104.0,reported,ok,atlas_csv,Archived Atlas Baseline,
hybridcvdv,Gantry,hybrid_dv_cv,vqe,sc26_vqe_nq4_nm4_c16,4,4,16,186.614688,36702720.0,peak_gpu,ok,scaling_full_20260405,1x NVIDIA L20,
bqsim,BQSim,hybrid_dv_cv,vqe,sc26_vqe_nq4_nm4_c16,4,4,16,3736.0,163876864.0,reported,ok,bqsim_csv,Archived GPU baseline,
bosonic_gpu,Bosonic-GPU,hybrid_dv_cv,vqe,vqe_circuit|qubits=4|qumodes=4,4,4,16,24943.4,8388608.0,reported,ok,bosonic_csv,Archived GPU baseline,
atlas,Atlas,hybrid_dv_cv,vqe,sc26_vqe_nq4_nm4_c16,4,4,16,,,reported,failed,atlas_csv,Archived Atlas Baseline,
hybridcvdv,Gantry,hybrid_dv_cv,vqe,sc26_vqe_nq4_nm4_c32,4,4,32,9585.091164,587205120.0,peak_gpu,ok,scaling_full_20260405,1x NVIDIA L20,
hybridcvdv,Gantry,hybrid_dv_cv,vqe,sc26_vqe_nq4_nm5_c4,4,5,4,30.140003,576000.0,peak_gpu,ok,scaling_full_20260405,1x NVIDIA L20,
bqsim,BQSim,hybrid_dv_cv,vqe,sc26_vqe_nq4_nm5_c4,4,5,4,28.0,131563520.0,reported,ok,bqsim_csv,Archived GPU baseline,
bosonic_gpu,Bosonic-GPU,hybrid_dv_cv,vqe,vqe_circuit|qubits=4|qumodes=5,4,5,4,267.477,131072.0,reported,ok,bosonic_csv,Archived GPU baseline,
atlas,Atlas,hybrid_dv_cv,vqe,sc26_vqe_nq4_nm5_c4,4,5,4,532.936077,275132416.0,reported,ok,atlas_csv,Archived Atlas Baseline,
hybridcvdv,Gantry,hybrid_dv_cv,vqe,sc26_vqe_nq4_nm5_c8,4,5,8,60.954612,18352640.0,peak_gpu,ok,scaling_full_20260405,1x NVIDIA L20,
bqsim,BQSim,hybrid_dv_cv,vqe,sc26_vqe_nq4_nm5_c8,4,5,8,1157.0,146571264.0,reported,ok,bqsim_csv,Archived GPU baseline,
bosonic_gpu,Bosonic-GPU,hybrid_dv_cv,vqe,vqe_circuit|qubits=4|qumodes=5,4,5,8,952.029,4194304.0,reported,ok,bosonic_csv,Archived GPU baseline,
atlas,Atlas,hybrid_dv_cv,vqe,sc26_vqe_nq4_nm5_c8,4,5,8,45715.557292,17365360640.0,reported,ok,atlas_csv,Archived Atlas Baseline,
hybridcvdv,Gantry,hybrid_dv_cv,vqe,sc26_vqe_nq4_nm5_c16,4,5,16,3196.39672,587205120.0,peak_gpu,ok,scaling_full_20260405,1x NVIDIA L20,
bqsim,BQSim,hybrid_dv_cv,vqe,sc26_vqe_nq4_nm5_c16,4,5,16,78676.0,666685440.0,reported,ok,bqsim_csv,Archived GPU baseline,
bosonic_gpu,Bosonic-GPU,hybrid_dv_cv,vqe,vqe_circuit|qubits=4|qumodes=5,4,5,16,973.984,134217728.0,reported,ok,bosonic_csv,Archived GPU baseline,
atlas,Atlas,hybrid_dv_cv,vqe,sc26_vqe_nq4_nm5_c16,4,5,16,,,reported,failed,atlas_csv,Archived Atlas Baseline,
hybridcvdv,Gantry,hybrid_dv_cv,vqe,sc26_vqe_nq4_nm5_c32,4,5,32,380586.343709,18790483140.0,peak_gpu,ok,scaling_full_20260405,1x NVIDIA L20,
hybridcvdv,Gantry,hybrid_dv_cv,vqe,sc26_vqe_nq4_nm6_c4,4,6,4,36.214844,2296320.0,peak_gpu,ok,scaling_full_20260405,1x NVIDIA L20,
bqsim,BQSim,hybrid_dv_cv,vqe,sc26_vqe_nq4_nm6_c4,4,6,4,94.0,131895296.0,reported,ok,bqsim_csv,Archived GPU baseline,
bosonic_gpu,Bosonic-GPU,hybrid_dv_cv,vqe,vqe_circuit|qubits=4|qumodes=6,4,6,4,821.938,524288.0,reported,ok,bosonic_csv,Archived GPU baseline,
atlas,Atlas,hybrid_dv_cv,vqe,sc26_vqe_nq4_nm6_c4,4,6,4,1093.411034,453816320.0,reported,ok,atlas_csv,Archived Atlas Baseline,
hybridcvdv,Gantry,hybrid_dv_cv,vqe,sc26_vqe_nq4_nm6_c8,4,6,8,303.189978,146803200.0,peak_gpu,ok,scaling_full_20260405,1x NVIDIA L20,
bqsim,BQSim,hybrid_dv_cv,vqe,sc26_vqe_nq4_nm6_c8,4,6,8,11019.0,264548352.0,reported,ok,bqsim_csv,Archived GPU baseline,
bosonic_gpu,Bosonic-GPU,hybrid_dv_cv,vqe,vqe_circuit|qubits=4|qumodes=6,4,6,8,2184.84,33554432.0,reported,ok,bosonic_csv,Archived GPU baseline,
atlas,Atlas,hybrid_dv_cv,vqe,sc26_vqe_nq4_nm6_c8,4,6,8,,,reported,failed,atlas_csv,Archived Atlas Baseline,
hybridcvdv,Gantry,hybrid_dv_cv,vqe,sc26_vqe_nq4_nm6_c16,4,6,16,60502.951585,9395243420.0,peak_gpu,ok,scaling_full_20260405,1x NVIDIA L20,
bqsim,BQSim,hybrid_dv_cv,vqe,sc26_vqe_nq4_nm6_c16,4,6,16,,,reported,failed,bqsim_csv,Archived GPU baseline,
bosonic_gpu,Bosonic-GPU,hybrid_dv_cv,vqe,vqe_circuit|qubits=4|qumodes=6,4,6,16,52356.2,2147483648.0,reported,ok,bosonic_csv,Archived GPU baseline,
atlas,Atlas,hybrid_dv_cv,vqe,sc26_vqe_nq4_nm6_c16,4,6,16,,,reported,failed,atlas_csv,Archived Atlas Baseline,
hybridcvdv,Gantry,hybrid_dv_cv,vqe,sc26_vqe_nq4_nm6_c32,4,6,32,,,peak_gpu,failed,scaling_full_20260405,1x NVIDIA L20,
hybridcvdv,Gantry,hybrid_dv_cv,vqe,sc26_vqe_nq4_nm7_c4,4,7,4,44.385053,9177600.0,peak_gpu,ok,scaling_full_20260405,1x NVIDIA L20,
bqsim,BQSim,hybrid_dv_cv,vqe,sc26_vqe_nq4_nm7_c4,4,7,4,383.0,138182656.0,reported,ok,bqsim_csv,Archived GPU baseline,
bosonic_gpu,Bosonic-GPU,hybrid_dv_cv,vqe,vqe_circuit|qubits=4|qumodes=7,4,7,4,197.089,2097152.0,reported,ok,bosonic_csv,Archived GPU baseline,
atlas,Atlas,hybrid_dv_cv,vqe,sc26_vqe_nq4_nm7_c4,4,7,4,11129.765158,4480507904.0,reported,ok,atlas_csv,Archived Atlas Baseline,
hybridcvdv,Gantry,hybrid_dv_cv,vqe,sc26_vqe_nq4_nm7_c8,4,7,8,2540.602906,1174407680.0,peak_gpu,ok,scaling_full_20260405,1x NVIDIA L20,
bqsim,BQSim,hybrid_dv_cv,vqe,sc26_vqe_nq4_nm7_c8,4,7,8,103298.0,1204064256.0,reported,ok,bqsim_csv,Archived GPU baseline,
bosonic_gpu,Bosonic-GPU,hybrid_dv_cv,vqe,vqe_circuit|qubits=4|qumodes=7,4,7,8,19050.6,268435456.0,reported,ok,bosonic_csv,Archived GPU baseline,
atlas,Atlas,hybrid_dv_cv,vqe,sc26_vqe_nq4_nm7_c8,4,7,8,,,reported,failed,atlas_csv,Archived Atlas Baseline,
hybridcvdv,Gantry,hybrid_dv_cv,vqe,sc26_vqe_nq4_nm7_c16,4,7,16,,,peak_gpu,failed,scaling_full_20260405,1x NVIDIA L20,
bqsim,BQSim,hybrid_dv_cv,vqe,sc26_vqe_nq4_nm7_c16,4,7,16,,,reported,failed,bqsim_csv,Archived GPU baseline,
bosonic_gpu,Bosonic-GPU,hybrid_dv_cv,vqe,vqe_circuit|qubits=4|qumodes=7,4,7,16,0.543051,34359738368.0,reported,ok,bosonic_csv,Archived GPU baseline,
atlas,Atlas,hybrid_dv_cv,vqe,sc26_vqe_nq4_nm7_c16,4,7,16,,,reported,failed,atlas_csv,Archived Atlas Baseline,
hybridcvdv,Gantry,hybrid_dv_cv,vqe,sc26_vqe_nq5_nm2_c4,5,2,4,32.472477,19456.0,peak_gpu,ok,scaling_full_20260405,1x NVIDIA L20,
hybridcvdv,Gantry,hybrid_dv_cv,vqe,sc26_vqe_nq5_nm2_c8,5,2,8,34.427064,70144.0,peak_gpu,ok,scaling_full_20260405,1x NVIDIA L20,
hybridcvdv,Gantry,hybrid_dv_cv,vqe,sc26_vqe_nq5_nm2_c16,5,2,16,59.971188,272896.0,peak_gpu,ok,scaling_full_20260405,1x NVIDIA L20,
hybridcvdv,Gantry,hybrid_dv_cv,vqe,sc26_vqe_nq5_nm2_c32,5,2,32,144.323449,1083904.0,peak_gpu,ok,scaling_full_20260405,1x NVIDIA L20,
hybridcvdv,Gantry,hybrid_dv_cv,vqe,sc26_vqe_nq5_nm3_c4,5,3,4,44.718859,70144.0,peak_gpu,ok,scaling_full_20260405,1x NVIDIA L20,
bqsim,BQSim,hybrid_dv_cv,vqe,sc26_vqe_nq5_nm3_c4,5,3,4,12.0,131887104.0,reported,ok,bqsim_csv,Archived GPU baseline,
bosonic_gpu,Bosonic-GPU,hybrid_dv_cv,vqe,vqe_circuit|qubits=5|qumodes=3,5,3,4,74.1156,16384.0,reported,ok,bosonic_csv,Archived GPU baseline,
atlas,Atlas,hybrid_dv_cv,vqe,sc26_vqe_nq5_nm3_c4,5,3,4,586.28268,274038784.0,reported,ok,atlas_csv,Archived Atlas Baseline,
hybridcvdv,Gantry,hybrid_dv_cv,vqe,sc26_vqe_nq5_nm3_c8,5,3,8,54.579676,543232.0,peak_gpu,ok,scaling_full_20260405,1x NVIDIA L20,
bqsim,BQSim,hybrid_dv_cv,vqe,sc26_vqe_nq5_nm3_c8,5,3,8,36.0,131891200.0,reported,ok,bqsim_csv,Archived GPU baseline,
bosonic_gpu,Bosonic-GPU,hybrid_dv_cv,vqe,vqe_circuit|qubits=5|qumodes=3,5,3,8,3629.0,131072.0,reported,ok,bosonic_csv,Archived GPU baseline,
atlas,Atlas,hybrid_dv_cv,vqe,sc26_vqe_nq5_nm3_c8,5,3,8,614.150913,275300352.0,reported,ok,atlas_csv,Archived Atlas Baseline,
hybridcvdv,Gantry,hybrid_dv_cv,vqe,sc26_vqe_nq5_nm3_c16,5,3,16,93.094999,4327936.0,peak_gpu,ok,scaling_full_20260405,1x NVIDIA L20,
bqsim,BQSim,hybrid_dv_cv,vqe,sc26_vqe_nq5_nm3_c16,5,3,16,357.0,133677056.0,reported,ok,bqsim_csv,Archived GPU baseline,
bosonic_gpu,Bosonic-GPU,hybrid_dv_cv,vqe,vqe_circuit|qubits=5|qumodes=3,5,3,16,576.655,1048576.0,reported,ok,bosonic_csv,Archived GPU baseline,
atlas,Atlas,hybrid_dv_cv,vqe,sc26_vqe_nq5_nm3_c16,5,3,16,1314.301474,453898240.0,reported,ok,atlas_csv,Archived Atlas Baseline,
hybridcvdv,Gantry,hybrid_dv_cv,vqe,sc26_vqe_nq5_nm3_c32,5,3,32,590.179457,34605568.0,peak_gpu,ok,scaling_full_20260405,1x NVIDIA L20,
hybridcvdv,Gantry,hybrid_dv_cv,vqe,sc26_vqe_nq5_nm4_c4,5,4,4,58.801294,272896.0,peak_gpu,ok,scaling_full_20260405,1x NVIDIA L20,
bqsim,BQSim,hybrid_dv_cv,vqe,sc26_vqe_nq5_nm4_c4,5,4,4,20.0,131895296.0,reported,ok,bqsim_csv,Archived GPU baseline,
bosonic_gpu,Bosonic-GPU,hybrid_dv_cv,vqe,vqe_circuit|qubits=5|qumodes=4,5,4,4,159.68,65536.0,reported,ok,bosonic_csv,Archived GPU baseline,
atlas,Atlas,hybrid_dv_cv,vqe,sc26_vqe_nq5_nm4_c4,5,4,4,654.085571,275660800.0,reported,ok,atlas_csv,Archived Atlas Baseline,
hybridcvdv,Gantry,hybrid_dv_cv,vqe,sc26_vqe_nq5_nm4_c8,5,4,8,73.046664,4327936.0,peak_gpu,ok,scaling_full_20260405,1x NVIDIA L20,
bqsim,BQSim,hybrid_dv_cv,vqe,sc26_vqe_nq5_nm4_c8,5,4,8,269.0,133988352.0,reported,ok,bqsim_csv,Archived GPU baseline,
bosonic_gpu,Bosonic-GPU,hybrid_dv_cv,vqe,vqe_circuit|qubits=5|qumodes=4,5,4,8,17629.7,1048576.0,reported,ok,bosonic_csv,Archived GPU baseline,
atlas,Atlas,hybrid_dv_cv,vqe,sc26_vqe_nq5_nm4_c8,5,4,8,1093.188398,453976064.0,reported,ok,atlas_csv,Archived Atlas Baseline,
hybridcvdv,Gantry,hybrid_dv_cv,vqe,sc26_vqe_nq5_nm4_c16,5,4,16,388.090081,69208576.0,peak_gpu,ok,scaling_full_20260405,1x NVIDIA L20,
bqsim,BQSim,hybrid_dv_cv,vqe,sc26_vqe_nq5_nm4_c16,5,4,16,7957.0,197431296.0,reported,ok,bqsim_csv,Archived GPU baseline,
bosonic_gpu,Bosonic-GPU,hybrid_dv_cv,vqe,vqe_circuit|qubits=5|qumodes=4,5,4,16,326.873,16777216.0,reported,ok,bosonic_csv,Archived GPU baseline,
atlas,Atlas,hybrid_dv_cv,vqe,sc26_vqe_nq5_nm4_c16,5,4,16,,,reported,failed,atlas_csv,Archived Atlas Baseline,
hybridcvdv,Gantry,hybrid_dv_cv,vqe,sc26_vqe_nq5_nm4_c32,5,4,32,19242.153017,1107298816.0,peak_gpu,ok,scaling_full_20260405,1x NVIDIA L20,
hybridcvdv,Gantry,hybrid_dv_cv,vqe,sc26_vqe_nq5_nm5_c4,5,5,4,72.014124,1083904.0,peak_gpu,ok,scaling_full_20260405,1x NVIDIA L20,
bqsim,BQSim,hybrid_dv_cv,vqe,sc26_vqe_nq5_nm5_c4,5,5,4,59.0,131895296.0,reported,ok,bqsim_csv,Archived GPU baseline,
bosonic_gpu,Bosonic-GPU,hybrid_dv_cv,vqe,vqe_circuit|qubits=5|qumodes=5,5,5,4,216.863,262144.0,reported,ok,bosonic_csv,Archived GPU baseline,
atlas,Atlas,hybrid_dv_cv,vqe,sc26_vqe_nq5_nm5_c4,5,5,4,550.339541,275095552.0,reported,ok,atlas_csv,Archived Atlas Baseline,
hybridcvdv,Gantry,hybrid_dv_cv,vqe,sc26_vqe_nq5_nm5_c8,5,5,8,135.387342,34605568.0,peak_gpu,ok,scaling_full_20260405,1x NVIDIA L20,
bqsim,BQSim,hybrid_dv_cv,vqe,sc26_vqe_nq5_nm5_c8,5,5,8,2562.0,163352576.0,reported,ok,bqsim_csv,Archived GPU baseline,
bosonic_gpu,Bosonic-GPU,hybrid_dv_cv,vqe,vqe_circuit|qubits=5|qumodes=5,5,5,8,171.663,8388608.0,reported,ok,bosonic_csv,Archived GPU baseline,
atlas,Atlas,hybrid_dv_cv,vqe,sc26_vqe_nq5_nm5_c8,5,5,8,46014.252322,17365352448.0,reported,ok,atlas_csv,Archived Atlas Baseline,
hybridcvdv,Gantry,hybrid_dv_cv,vqe,sc26_vqe_nq5_nm5_c16,5,5,16,6482.466175,1107298816.0,peak_gpu,ok,scaling_full_20260405,1x NVIDIA L20,
bqsim,BQSim,hybrid_dv_cv,vqe,sc26_vqe_nq5_nm5_c16,5,5,16,166445.0,1204072448.0,reported,ok,bqsim_csv,Archived GPU baseline,
bosonic_gpu,Bosonic-GPU,hybrid_dv_cv,vqe,vqe_circuit|qubits=5|qumodes=5,5,5,16,51216.5,268435456.0,reported,ok,bosonic_csv,Archived GPU baseline,
atlas,Atlas,hybrid_dv_cv,vqe,sc26_vqe_nq5_nm5_c16,5,5,16,,,reported,failed,atlas_csv,Archived Atlas Baseline,
hybridcvdv,Gantry,hybrid_dv_cv,vqe,sc26_vqe_nq5_nm5_c32,5,5,32,,,peak_gpu,failed,scaling_full_20260405,1x NVIDIA L20,
hybridcvdv,Gantry,hybrid_dv_cv,vqe,sc26_vqe_nq5_nm6_c4,5,6,4,86.323361,4327936.0,peak_gpu,ok,scaling_full_20260405,1x NVIDIA L20,
bqsim,BQSim,hybrid_dv_cv,vqe,sc26_vqe_nq5_nm6_c4,5,6,4,228.0,133664768.0,reported,ok,bqsim_csv,Archived GPU baseline,
bosonic_gpu,Bosonic-GPU,hybrid_dv_cv,vqe,vqe_circuit|qubits=5|qumodes=6,5,6,4,305.571,1048576.0,reported,ok,bosonic_csv,Archived GPU baseline,
atlas,Atlas,hybrid_dv_cv,vqe,sc26_vqe_nq5_nm6_c4,5,6,4,1265.2697,453955584.0,reported,ok,atlas_csv,Archived Atlas Baseline,
hybridcvdv,Gantry,hybrid_dv_cv,vqe,sc26_vqe_nq5_nm6_c8,5,6,8,653.085496,276826624.0,peak_gpu,ok,scaling_full_20260405,1x NVIDIA L20,
bqsim,BQSim,hybrid_dv_cv,vqe,sc26_vqe_nq5_nm6_c8,5,6,8,24138.0,398766080.0,reported,ok,bqsim_csv,Archived GPU baseline,
bosonic_gpu,Bosonic-GPU,hybrid_dv_cv,vqe,vqe_circuit|qubits=5|qumodes=6,5,6,8,1266.51,67108864.0,reported,ok,bosonic_csv,Archived GPU baseline,
atlas,Atlas,hybrid_dv_cv,vqe,sc26_vqe_nq5_nm6_c8,5,6,8,,,reported,failed,atlas_csv,Archived Atlas Baseline,
hybridcvdv,Gantry,hybrid_dv_cv,vqe,sc26_vqe_nq5_nm6_c16,5,6,16,123542.931559,17716742556.0,peak_gpu,ok,scaling_full_20260405,1x NVIDIA L20,
bqsim,BQSim,hybrid_dv_cv,vqe,sc26_vqe_nq5_nm6_c16,5,6,16,,,reported,failed,bqsim_csv,Archived GPU baseline,
bosonic_gpu,Bosonic-GPU,hybrid_dv_cv,vqe,vqe_circuit|qubits=5|qumodes=6,5,6,16,40655.2,4294967296.0,reported,ok,bosonic_csv,Archived GPU baseline,
atlas,Atlas,hybrid_dv_cv,vqe,sc26_vqe_nq5_nm6_c16,5,6,16,,,reported,failed,atlas_csv,Archived Atlas Baseline,
hybridcvdv,Gantry,hybrid_dv_cv,vqe,sc26_vqe_nq5_nm6_c32,5,6,32,,,peak_gpu,failed,scaling_full_20260405,1x NVIDIA L20,
hybridcvdv,Gantry,hybrid_dv_cv,vqe,sc26_vqe_nq5_nm7_c4,5,7,4,105.512446,17304064.0,peak_gpu,ok,scaling_full_20260405,1x NVIDIA L20,
bqsim,BQSim,hybrid_dv_cv,vqe,sc26_vqe_nq5_nm7_c4,5,7,4,894.0,146505728.0,reported,ok,bqsim_csv,Archived GPU baseline,
bosonic_gpu,Bosonic-GPU,hybrid_dv_cv,vqe,vqe_circuit|qubits=5|qumodes=7,5,7,4,1584.13,4194304.0,reported,ok,bosonic_csv,Archived GPU baseline,
atlas,Atlas,hybrid_dv_cv,vqe,sc26_vqe_nq5_nm7_c4,5,7,4,12793.616395,4480516096.0,reported,ok,atlas_csv,Archived Atlas Baseline,
hybridcvdv,Gantry,hybrid_dv_cv,vqe,sc26_vqe_nq5_nm7_c8,5,7,8,5293.555948,2214595072.0,peak_gpu,ok,scaling_full_20260405,1x NVIDIA L20,
bqsim,BQSim,hybrid_dv_cv,vqe,sc26_vqe_nq5_nm7_c8,5,7,8,224541.0,2277552128.0,reported,ok,bqsim_csv,Archived GPU baseline,
bosonic_gpu,Bosonic-GPU,hybrid_dv_cv,vqe,vqe_circuit|qubits=5|qumodes=7,5,7,8,26367.6,536870912.0,reported,ok,bosonic_csv,Archived GPU baseline,
atlas,Atlas,hybrid_dv_cv,vqe,sc26_vqe_nq5_nm7_c8,5,7,8,,,reported,failed,atlas_csv,Archived Atlas Baseline,
hybridcvdv,Gantry,hybrid_dv_cv,vqe,sc26_vqe_nq5_nm7_c16,5,7,16,,,peak_gpu,failed,scaling_full_20260405,1x NVIDIA L20,
bqsim,BQSim,hybrid_dv_cv,vqe,sc26_vqe_nq5_nm7_c16,5,7,16,,,reported,failed,bqsim_csv,Archived GPU baseline,
bosonic_gpu,Bosonic-GPU,hybrid_dv_cv,vqe,vqe_circuit|qubits=5|qumodes=7,5,7,16,515.732,68719476736.0,reported,ok,bosonic_csv,Archived GPU baseline,
atlas,Atlas,hybrid_dv_cv,vqe,sc26_vqe_nq5_nm7_c16,5,7,16,,,reported,failed,atlas_csv,Archived Atlas Baseline,
hybridcvdv,Gantry,hybrid_dv_cv,vqe,sc26_vqe_nq6_nm2_c4,6,2,4,75.734314,39168.0,peak_gpu,ok,scaling_full_20260405,1x NVIDIA L20,
hybridcvdv,Gantry,hybrid_dv_cv,vqe,sc26_vqe_nq6_nm2_c8,6,2,8,79.327498,141312.0,peak_gpu,ok,scaling_full_20260405,1x NVIDIA L20,
hybridcvdv,Gantry,hybrid_dv_cv,vqe,sc26_vqe_nq6_nm2_c16,6,2,16,130.279163,549888.0,peak_gpu,ok,scaling_full_20260405,1x NVIDIA L20,
hybridcvdv,Gantry,hybrid_dv_cv,vqe,sc26_vqe_nq6_nm2_c32,6,2,32,295.946981,2184192.0,peak_gpu,ok,scaling_full_20260405,1x NVIDIA L20,
hybridcvdv,Gantry,hybrid_dv_cv,vqe,sc26_vqe_nq6_nm3_c4,6,3,4,104.004601,141312.0,peak_gpu,ok,scaling_full_20260405,1x NVIDIA L20,
bqsim,BQSim,hybrid_dv_cv,vqe,sc26_vqe_nq6_nm3_c4,6,3,4,16.0,131891200.0,reported,ok,bqsim_csv,Archived GPU baseline,
bosonic_gpu,Bosonic-GPU,hybrid_dv_cv,vqe,vqe_circuit|qubits=6|qumodes=3,6,3,4,150.406,32768.0,reported,ok,bosonic_csv,Archived GPU baseline,
atlas,Atlas,hybrid_dv_cv,vqe,sc26_vqe_nq6_nm3_c4,6,3,4,530.087824,274698240.0,reported,ok,atlas_csv,Archived Atlas Baseline,
hybridcvdv,Gantry,hybrid_dv_cv,vqe,sc26_vqe_nq6_nm3_c8,6,3,8,124.148564,1094656.0,peak_gpu,ok,scaling_full_20260405,1x NVIDIA L20,
bqsim,BQSim,hybrid_dv_cv,vqe,sc26_vqe_nq6_nm3_c8,6,3,8,68.0,131891200.0,reported,ok,bqsim_csv,Archived GPU baseline,
bosonic_gpu,Bosonic-GPU,hybrid_dv_cv,vqe,vqe_circuit|qubits=6|qumodes=3,6,3,8,525.531,262144.0,reported,ok,bosonic_csv,Archived GPU baseline,
atlas,Atlas,hybrid_dv_cv,vqe,sc26_vqe_nq6_nm3_c8,6,3,8,479.329066,275460096.0,reported,ok,atlas_csv,Archived Atlas Baseline,
hybridcvdv,Gantry,hybrid_dv_cv,vqe,sc26_vqe_nq6_nm3_c16,6,3,16,202.267813,8721408.0,peak_gpu,ok,scaling_full_20260405,1x NVIDIA L20,
bqsim,BQSim,hybrid_dv_cv,vqe,sc26_vqe_nq6_nm3_c16,6,3,16,764.0,138186752.0,reported,ok,bqsim_csv,Archived GPU baseline,
bosonic_gpu,Bosonic-GPU,hybrid_dv_cv,vqe,vqe_circuit|qubits=6|qumodes=3,6,3,16,3961.61,2097152.0,reported,ok,bosonic_csv,Archived GPU baseline,
atlas,Atlas,hybrid_dv_cv,vqe,sc26_vqe_nq6_nm3_c16,6,3,16,1313.214234,453976064.0,reported,ok,atlas_csv,Archived Atlas Baseline,
hybridcvdv,Gantry,hybrid_dv_cv,vqe,sc26_vqe_nq6_nm3_c32,6,3,32,1203.40927,69735424.0,peak_gpu,ok,scaling_full_20260405,1x NVIDIA L20,
hybridcvdv,Gantry,hybrid_dv_cv,vqe,sc26_vqe_nq6_nm4_c4,6,4,4,136.432707,549888.0,peak_gpu,ok,scaling_full_20260405,1x NVIDIA L20,
bqsim,BQSim,hybrid_dv_cv,vqe,sc26_vqe_nq6_nm4_c4,6,4,4,34.0,131895296.0,reported,ok,bqsim_csv,Archived GPU baseline,
bosonic_gpu,Bosonic-GPU,hybrid_dv_cv,vqe,vqe_circuit|qubits=6|qumodes=4,6,4,4,244.875,131072.0,reported,ok,bosonic_csv,Archived GPU baseline,
atlas,Atlas,hybrid_dv_cv,vqe,sc26_vqe_nq6_nm4_c4,6,4,4,480.252859,275386368.0,reported,ok,atlas_csv,Archived Atlas Baseline,
hybridcvdv,Gantry,hybrid_dv_cv,vqe,sc26_vqe_nq6_nm4_c8,6,4,8,165.484016,8721408.0,peak_gpu,ok,scaling_full_20260405,1x NVIDIA L20,
bqsim,BQSim,hybrid_dv_cv,vqe,sc26_vqe_nq6_nm4_c8,6,4,8,581.0,138194944.0,reported,ok,bqsim_csv,Archived GPU baseline,
bosonic_gpu,Bosonic-GPU,hybrid_dv_cv,vqe,vqe_circuit|qubits=6|qumodes=4,6,4,8,31353.0,2097152.0,reported,ok,bosonic_csv,Archived GPU baseline,
atlas,Atlas,hybrid_dv_cv,vqe,sc26_vqe_nq6_nm4_c8,6,4,8,1302.799161,453816320.0,reported,ok,atlas_csv,Archived Atlas Baseline,
hybridcvdv,Gantry,hybrid_dv_cv,vqe,sc26_vqe_nq6_nm4_c16,6,4,16,812.831998,139465728.0,peak_gpu,ok,scaling_full_20260405,1x NVIDIA L20,
bqsim,BQSim,hybrid_dv_cv,vqe,sc26_vqe_nq6_nm4_c16,6,4,16,16949.0,264556544.0,reported,ok,bqsim_csv,Archived GPU baseline,
bosonic_gpu,Bosonic-GPU,hybrid_dv_cv,vqe,vqe_circuit|qubits=6|qumodes=4,6,4,16,36838.7,33554432.0,reported,ok,bosonic_csv,Archived GPU baseline,
atlas,Atlas,hybrid_dv_cv,vqe,sc26_vqe_nq6_nm4_c16,6,4,16,,,reported,failed,atlas_csv,Archived Atlas Baseline,
hybridcvdv,Gantry,hybrid_dv_cv,vqe,sc26_vqe_nq6_nm4_c32,6,4,32,38654.991895,2231374848.0,peak_gpu,ok,scaling_full_20260405,1x NVIDIA L20,
hybridcvdv,Gantry,hybrid_dv_cv,vqe,sc26_vqe_nq6_nm5_c4,6,5,4,167.546848,2184192.0,peak_gpu,ok,scaling_full_20260405,1x NVIDIA L20,
bqsim,BQSim,hybrid_dv_cv,vqe,sc26_vqe_nq6_nm5_c4,6,5,4,125.0,131899392.0,reported,ok,bqsim_csv,Archived GPU baseline,
bosonic_gpu,Bosonic-GPU,hybrid_dv_cv,vqe,vqe_circuit|qubits=6|qumodes=5,6,5,4,206.109,524288.0,reported,ok,bosonic_csv,Archived GPU baseline,
atlas,Atlas,hybrid_dv_cv,vqe,sc26_vqe_nq6_nm5_c4,6,5,4,616.998403,275636224.0,reported,ok,atlas_csv,Archived Atlas Baseline,
hybridcvdv,Gantry,hybrid_dv_cv,vqe,sc26_vqe_nq6_nm5_c8,6,5,8,302.521277,69735424.0,peak_gpu,ok,scaling_full_20260405,1x NVIDIA L20,
bqsim,BQSim,hybrid_dv_cv,vqe,sc26_vqe_nq6_nm5_c8,6,5,8,5573.0,196907008.0,reported,ok,bqsim_csv,Archived GPU baseline,
bosonic_gpu,Bosonic-GPU,hybrid_dv_cv,vqe,vqe_circuit|qubits=6|qumodes=5,6,5,8,47699.9,16777216.0,reported,ok,bosonic_csv,Archived GPU baseline,
atlas,Atlas,hybrid_dv_cv,vqe,sc26_vqe_nq6_nm5_c8,6,5,8,45725.984611,17365430272.0,reported,ok,atlas_csv,Archived Atlas Baseline,
hybridcvdv,Gantry,hybrid_dv_cv,vqe,sc26_vqe_nq6_nm5_c16,6,5,16,13167.588553,2231374848.0,peak_gpu,ok,scaling_full_20260405,1x NVIDIA L20,
bqsim,BQSim,hybrid_dv_cv,vqe,sc26_vqe_nq6_nm5_c16,6,5,16,351358.0,2278084608.0,reported,ok,bqsim_csv,Archived GPU baseline,
bosonic_gpu,Bosonic-GPU,hybrid_dv_cv,vqe,vqe_circuit|qubits=6|qumodes=5,6,5,16,5257.79,536870912.0,reported,ok,bosonic_csv,Archived GPU baseline,
atlas,Atlas,hybrid_dv_cv,vqe,sc26_vqe_nq6_nm5_c16,6,5,16,,,reported,failed,atlas_csv,Archived Atlas Baseline,
hybridcvdv,Gantry,hybrid_dv_cv,vqe,sc26_vqe_nq6_nm5_c32,6,5,32,,,peak_gpu,failed,scaling_full_20260405,1x NVIDIA L20,
hybridcvdv,Gantry,hybrid_dv_cv,vqe,sc26_vqe_nq6_nm6_c4,6,6,4,200.302337,8721408.0,peak_gpu,ok,scaling_full_20260405,1x NVIDIA L20,
bqsim,BQSim,hybrid_dv_cv,vqe,sc26_vqe_nq6_nm6_c4,6,6,4,457.0,138186752.0,reported,ok,bqsim_csv,Archived GPU baseline,
bosonic_gpu,Bosonic-GPU,hybrid_dv_cv,vqe,vqe_circuit|qubits=6|qumodes=6,6,6,4,267.681,2097152.0,reported,ok,bosonic_csv,Archived GPU baseline,
atlas,Atlas,hybrid_dv_cv,vqe,sc26_vqe_nq6_nm6_c4,6,6,4,1554.207314,453652480.0,reported,ok,atlas_csv,Archived Atlas Baseline,
hybridcvdv,Gantry,hybrid_dv_cv,vqe,sc26_vqe_nq6_nm6_c8,6,6,8,1399.16599,557847552.0,peak_gpu,ok,scaling_full_20260405,1x NVIDIA L20,
bqsim,BQSim,hybrid_dv_cv,vqe,sc26_vqe_nq6_nm6_c8,6,6,8,52725.0,667197440.0,reported,ok,bqsim_csv,Archived GPU baseline,
bosonic_gpu,Bosonic-GPU,hybrid_dv_cv,vqe,vqe_circuit|qubits=6|qumodes=6,6,6,8,5694.65,134217728.0,reported,ok,bosonic_csv,Archived GPU baseline,
atlas,Atlas,hybrid_dv_cv,vqe,sc26_vqe_nq6_nm6_c8,6,6,8,,,reported,failed,atlas_csv,Archived Atlas Baseline,
hybridcvdv,Gantry,hybrid_dv_cv,vqe,sc26_vqe_nq6_nm6_c16,6,6,16,,,peak_gpu,failed,scaling_full_20260405,1x NVIDIA L20,
bqsim,BQSim,hybrid_dv_cv,vqe,sc26_vqe_nq6_nm6_c16,6,6,16,,,reported,failed,bqsim_csv,Archived GPU baseline,
bosonic_gpu,Bosonic-GPU,hybrid_dv_cv,vqe,vqe_circuit|num_qubits=6|num_modes=6,6,6,16,,,reported,failed,bosonic_csv,Archived GPU baseline,Failed to allocate GPU memory
atlas,Atlas,hybrid_dv_cv,vqe,sc26_vqe_nq6_nm6_c16,6,6,16,,,reported,failed,atlas_csv,Archived Atlas Baseline,
hybridcvdv,Gantry,hybrid_dv_cv,vqe,sc26_vqe_nq6_nm6_c32,6,6,32,,,peak_gpu,failed,scaling_full_20260405,1x NVIDIA L20,
hybridcvdv,Gantry,hybrid_dv_cv,vqe,sc26_vqe_nq6_nm7_c4,6,7,4,247.216217,34870272.0,peak_gpu,ok,scaling_full_20260405,1x NVIDIA L20,
bqsim,BQSim,hybrid_dv_cv,vqe,sc26_vqe_nq6_nm7_c4,6,7,4,1982.0,163352576.0,reported,ok,bqsim_csv,Archived GPU baseline,
bosonic_gpu,Bosonic-GPU,hybrid_dv_cv,vqe,vqe_circuit|qubits=6|qumodes=7,6,7,4,715.317,8388608.0,reported,ok,bosonic_csv,Archived GPU baseline,
atlas,Atlas,hybrid_dv_cv,vqe,sc26_vqe_nq6_nm7_c4,6,7,4,11975.246429,4480438272.0,reported,ok,atlas_csv,Archived Atlas Baseline,
hybridcvdv,Gantry,hybrid_dv_cv,vqe,sc26_vqe_nq6_nm7_c8,6,7,8,11067.52535,4462744576.0,peak_gpu,ok,scaling_full_20260405,1x NVIDIA L20,
bqsim,BQSim,hybrid_dv_cv,vqe,sc26_vqe_nq6_nm7_c8,6,7,8,,,reported,failed,bqsim_csv,Archived GPU baseline,
bosonic_gpu,Bosonic-GPU,hybrid_dv_cv,vqe,vqe_circuit|qubits=6|qumodes=7,6,7,8,94699.9,1073741824.0,reported,ok,bosonic_csv,Archived GPU baseline,
atlas,Atlas,hybrid_dv_cv,vqe,sc26_vqe_nq6_nm7_c8,6,7,8,,,reported,failed,atlas_csv,Archived Atlas Baseline,
hybridcvdv,Gantry,hybrid_dv_cv,vqe,sc26_vqe_nq6_nm7_c16,6,7,16,,,peak_gpu,failed,scaling_full_20260405,1x NVIDIA L20,
bqsim,BQSim,hybrid_dv_cv,vqe,sc26_vqe_nq6_nm7_c16,6,7,16,,,reported,failed,bqsim_csv,Archived GPU baseline,
bosonic_gpu,Bosonic-GPU,hybrid_dv_cv,vqe,vqe_circuit|qubits=6|qumodes=7,6,7,16,257.977,137438953472.0,reported,ok,bosonic_csv,Archived GPU baseline,
atlas,Atlas,hybrid_dv_cv,vqe,sc26_vqe_nq6_nm7_c16,6,7,16,,,reported,failed,atlas_csv,Archived Atlas Baseline,
hybridcvdv,Gantry,hybrid_dv_cv,vqe,sc26_vqe_nq7_nm2_c4,7,2,4,172.76248,76032.0,peak_gpu,ok,scaling_full_20260405,1x NVIDIA L20,
hybridcvdv,Gantry,hybrid_dv_cv,vqe,sc26_vqe_nq7_nm2_c8,7,2,8,180.154805,273408.0,peak_gpu,ok,scaling_full_20260405,1x NVIDIA L20,
hybridcvdv,Gantry,hybrid_dv_cv,vqe,sc26_vqe_nq7_nm2_c16,7,2,16,280.869773,1062912.0,peak_gpu,ok,scaling_full_20260405,1x NVIDIA L20,
hybridcvdv,Gantry,hybrid_dv_cv,vqe,sc26_vqe_nq7_nm2_c32,7,2,32,614.124861,4220928.0,peak_gpu,ok,scaling_full_20260405,1x NVIDIA L20,
hybridcvdv,Gantry,hybrid_dv_cv,vqe,sc26_vqe_nq7_nm3_c4,7,3,4,238.226833,273408.0,peak_gpu,ok,scaling_full_20260405,1x NVIDIA L20,
bqsim,BQSim,hybrid_dv_cv,vqe,sc26_vqe_nq7_nm3_c4,7,3,4,25.0,131891200.0,reported,ok,bqsim_csv,Archived GPU baseline,
bosonic_gpu,Bosonic-GPU,hybrid_dv_cv,vqe,vqe_circuit|qubits=7|qumodes=3,7,3,4,289.273,65536.0,reported,ok,bosonic_csv,Archived GPU baseline,
atlas,Atlas,hybrid_dv_cv,vqe,sc26_vqe_nq7_nm3_c4,7,3,4,822.214186,274763776.0,reported,ok,atlas_csv,Archived Atlas Baseline,
hybridcvdv,Gantry,hybrid_dv_cv,vqe,sc26_vqe_nq7_nm3_c8,7,3,8,278.053635,2115584.0,peak_gpu,ok,scaling_full_20260405,1x NVIDIA L20,
bqsim,BQSim,hybrid_dv_cv,vqe,sc26_vqe_nq7_nm3_c8,7,3,8,138.0,131895296.0,reported,ok,bqsim_csv,Archived GPU baseline,
bosonic_gpu,Bosonic-GPU,hybrid_dv_cv,vqe,vqe_circuit|qubits=7|qumodes=3,7,3,8,17985.0,524288.0,reported,ok,bosonic_csv,Archived GPU baseline,
atlas,Atlas,hybrid_dv_cv,vqe,sc26_vqe_nq7_nm3_c8,7,3,8,860.181273,275611648.0,reported,ok,atlas_csv,Archived Atlas Baseline,
hybridcvdv,Gantry,hybrid_dv_cv,vqe,sc26_vqe_nq7_nm3_c16,7,3,16,434.672027,16852992.0,peak_gpu,ok,scaling_full_20260405,1x NVIDIA L20,
bqsim,BQSim,hybrid_dv_cv,vqe,sc26_vqe_nq7_nm3_c16,7,3,16,1629.0,146575360.0,reported,ok,bqsim_csv,Archived GPU baseline,
bosonic_gpu,Bosonic-GPU,hybrid_dv_cv,vqe,vqe_circuit|qubits=7|qumodes=3,7,3,16,1194.33,4194304.0,reported,ok,bosonic_csv,Archived GPU baseline,
atlas,Atlas,hybrid_dv_cv,vqe,sc26_vqe_nq7_nm3_c16,7,3,16,1253.515547,453890048.0,reported,ok,atlas_csv,Archived Atlas Baseline,
hybridcvdv,Gantry,hybrid_dv_cv,vqe,sc26_vqe_nq7_nm3_c32,7,3,32,2458.011734,134752256.0,peak_gpu,ok,scaling_full_20260405,1x NVIDIA L20,
hybridcvdv,Gantry,hybrid_dv_cv,vqe,sc26_vqe_nq7_nm4_c4,7,4,4,312.38239,1062912.0,peak_gpu,ok,scaling_full_20260405,1x NVIDIA L20,
bqsim,BQSim,hybrid_dv_cv,vqe,sc26_vqe_nq7_nm4_c4,7,4,4,63.0,131895296.0,reported,ok,bqsim_csv,Archived GPU baseline,
bosonic_gpu,Bosonic-GPU,hybrid_dv_cv,vqe,vqe_circuit|qubits=7|qumodes=4,7,4,4,245.814,262144.0,reported,ok,bosonic_csv,Archived GPU baseline,
atlas,Atlas,hybrid_dv_cv,vqe,sc26_vqe_nq7_nm4_c4,7,4,4,598.197815,275202048.0,reported,ok,atlas_csv,Archived Atlas Baseline,
hybridcvdv,Gantry,hybrid_dv_cv,vqe,sc26_vqe_nq7_nm4_c8,7,4,8,371.878937,16852992.0,peak_gpu,ok,scaling_full_20260405,1x NVIDIA L20,
bqsim,BQSim,hybrid_dv_cv,vqe,sc26_vqe_nq7_nm4_c8,7,4,8,1277.0,146571264.0,reported,ok,bqsim_csv,Archived GPU baseline,
bosonic_gpu,Bosonic-GPU,hybrid_dv_cv,vqe,vqe_circuit|qubits=7|qumodes=4,7,4,8,696.544,4194304.0,reported,ok,bosonic_csv,Archived GPU baseline,
atlas,Atlas,hybrid_dv_cv,vqe,sc26_vqe_nq7_nm4_c8,7,4,8,1478.098719,453660672.0,reported,ok,atlas_csv,Archived Atlas Baseline,
hybridcvdv,Gantry,hybrid_dv_cv,vqe,sc26_vqe_nq7_nm4_c16,7,4,16,1704.24759,269494272.0,peak_gpu,ok,scaling_full_20260405,1x NVIDIA L20,
bqsim,BQSim,hybrid_dv_cv,vqe,sc26_vqe_nq7_nm4_c16,7,4,16,36057.0,399024128.0,reported,ok,bqsim_csv,Archived GPU baseline,
bosonic_gpu,Bosonic-GPU,hybrid_dv_cv,vqe,vqe_circuit|qubits=7|qumodes=4,7,4,16,10631.3,67108864.0,reported,ok,bosonic_csv,Archived GPU baseline,
atlas,Atlas,hybrid_dv_cv,vqe,sc26_vqe_nq7_nm4_c16,7,4,16,,,reported,failed,atlas_csv,Archived Atlas Baseline,
hybridcvdv,Gantry,hybrid_dv_cv,vqe,sc26_vqe_nq7_nm4_c32,7,4,32,78180.380814,4311754752.0,peak_gpu,ok,scaling_full_20260405,1x NVIDIA L20,
hybridcvdv,Gantry,hybrid_dv_cv,vqe,sc26_vqe_nq7_nm5_c4,7,5,4,382.52855,4220928.0,peak_gpu,ok,scaling_full_20260405,1x NVIDIA L20,
bqsim,BQSim,hybrid_dv_cv,vqe,sc26_vqe_nq7_nm5_c4,7,5,4,239.0,133996544.0,reported,ok,bqsim_csv,Archived GPU baseline,
bosonic_gpu,Bosonic-GPU,hybrid_dv_cv,vqe,vqe_circuit|qubits=7|qumodes=5,7,5,4,206.663,1048576.0,reported,ok,bosonic_csv,Archived GPU baseline,
atlas,Atlas,hybrid_dv_cv,vqe,sc26_vqe_nq7_nm5_c4,7,5,4,666.860468,275345408.0,reported,ok,atlas_csv,Archived Atlas Baseline,
hybridcvdv,Gantry,hybrid_dv_cv,vqe,sc26_vqe_nq7_nm5_c8,7,5,8,682.271439,134752256.0,peak_gpu,ok,scaling_full_20260405,1x NVIDIA L20,
bqsim,BQSim,hybrid_dv_cv,vqe,sc26_vqe_nq7_nm5_c8,7,5,8,12160.0,264024064.0,reported,ok,bqsim_csv,Archived GPU baseline,
bosonic_gpu,Bosonic-GPU,hybrid_dv_cv,vqe,vqe_circuit|qubits=7|qumodes=5,7,5,8,526.533,33554432.0,reported,ok,bosonic_csv,Archived GPU baseline,
atlas,Atlas,hybrid_dv_cv,vqe,sc26_vqe_nq7_nm5_c8,7,5,8,40124.217152,17365102592.0,reported,ok,atlas_csv,Archived Atlas Baseline,
hybridcvdv,Gantry,hybrid_dv_cv,vqe,sc26_vqe_nq7_nm5_c16,7,5,16,27258.014743,4311754752.0,peak_gpu,ok,scaling_full_20260405,1x NVIDIA L20,
bqsim,BQSim,hybrid_dv_cv,vqe,sc26_vqe_nq7_nm5_c16,7,5,16,,,reported,failed,bqsim_csv,Archived GPU baseline,
bosonic_gpu,Bosonic-GPU,hybrid_dv_cv,vqe,vqe_circuit|qubits=7|qumodes=5,7,5,16,27606.9,1073741824.0,reported,ok,bosonic_csv,Archived GPU baseline,
atlas,Atlas,hybrid_dv_cv,vqe,sc26_vqe_nq7_nm5_c16,7,5,16,,,reported,failed,atlas_csv,Archived Atlas Baseline,
hybridcvdv,Gantry,hybrid_dv_cv,vqe,sc26_vqe_nq7_nm5_c32,7,5,32,,,peak_gpu,failed,scaling_full_20260405,1x NVIDIA L20,
hybridcvdv,Gantry,hybrid_dv_cv,vqe,sc26_vqe_nq7_nm6_c4,7,6,4,458.205294,16852992.0,peak_gpu,ok,scaling_full_20260405,1x NVIDIA L20,
bqsim,BQSim,hybrid_dv_cv,vqe,sc26_vqe_nq7_nm6_c4,7,6,4,1022.0,146841600.0,reported,ok,bqsim_csv,Archived GPU baseline,
bosonic_gpu,Bosonic-GPU,hybrid_dv_cv,vqe,vqe_circuit|qubits=7|qumodes=6,7,6,4,1682.05,4194304.0,reported,ok,bosonic_csv,Archived GPU baseline,
atlas,Atlas,hybrid_dv_cv,vqe,sc26_vqe_nq7_nm6_c4,7,6,4,1232.860289,453885952.0,reported,ok,atlas_csv,Archived Atlas Baseline,
hybridcvdv,Gantry,hybrid_dv_cv,vqe,sc26_vqe_nq7_nm6_c8,7,6,8,2972.396752,1077946368.0,peak_gpu,ok,scaling_full_20260405,1x NVIDIA L20,
bqsim,BQSim,hybrid_dv_cv,vqe,sc26_vqe_nq7_nm6_c8,7,6,8,114711.0,1204068352.0,reported,ok,bqsim_csv,Archived GPU baseline,
bosonic_gpu,Bosonic-GPU,hybrid_dv_cv,vqe,vqe_circuit|qubits=7|qumodes=6,7,6,8,4364.84,268435456.0,reported,ok,bosonic_csv,Archived GPU baseline,
atlas,Atlas,hybrid_dv_cv,vqe,sc26_vqe_nq7_nm6_c8,7,6,8,,,reported,failed,atlas_csv,Archived Atlas Baseline,
hybridcvdv,Gantry,hybrid_dv_cv,vqe,sc26_vqe_nq7_nm6_c16,7,6,16,,,peak_gpu,failed,scaling_full_20260405,1x NVIDIA L20,
bqsim,BQSim,hybrid_dv_cv,vqe,sc26_vqe_nq7_nm6_c16,7,6,16,,,reported,failed,bqsim_csv,Archived GPU baseline,
bosonic_gpu,Bosonic-GPU,hybrid_dv_cv,vqe,vqe_circuit|num_qubits=7|num_modes=6,7,6,16,,,reported,failed,bosonic_csv,Archived GPU baseline,Failed to allocate GPU memory
atlas,Atlas,hybrid_dv_cv,vqe,sc26_vqe_nq7_nm6_c16,7,6,16,,,reported,failed,atlas_csv,Archived Atlas Baseline,
hybridcvdv,Gantry,hybrid_dv_cv,vqe,sc26_vqe_nq7_nm6_c32,7,6,32,,,peak_gpu,failed,scaling_full_20260405,1x NVIDIA L20,
hybridcvdv,Gantry,hybrid_dv_cv,vqe,sc26_vqe_nq7_nm7_c4,7,7,4,575.817417,67381248.0,peak_gpu,ok,scaling_full_20260405,1x NVIDIA L20,
bqsim,BQSim,hybrid_dv_cv,vqe,sc26_vqe_nq7_nm7_c4,7,7,4,4496.0,196919296.0,reported,ok,bqsim_csv,Archived GPU baseline,
bosonic_gpu,Bosonic-GPU,hybrid_dv_cv,vqe,vqe_circuit|qubits=7|qumodes=7,7,7,4,796.622,16777216.0,reported,ok,bosonic_csv,Archived GPU baseline,
atlas,Atlas,hybrid_dv_cv,vqe,sc26_vqe_nq7_nm7_c4,7,7,4,12130.327929,4480516096.0,reported,ok,atlas_csv,Archived Atlas Baseline,
hybridcvdv,Gantry,hybrid_dv_cv,vqe,sc26_vqe_nq7_nm7_c8,7,7,8,25102.457627,8623499264.0,peak_gpu,ok,scaling_full_20260405,1x NVIDIA L20,
bqsim,BQSim,hybrid_dv_cv,vqe,sc26_vqe_nq7_nm7_c8,7,7,8,,,reported,failed,bqsim_csv,Archived GPU baseline,
bosonic_gpu,Bosonic-GPU,hybrid_dv_cv,vqe,vqe_circuit|qubits=7|qumodes=7,7,7,8,53841.8,2147483648.0,reported,ok,bosonic_csv,Archived GPU baseline,
atlas,Atlas,hybrid_dv_cv,vqe,sc26_vqe_nq7_nm7_c8,7,7,8,,,reported,failed,atlas_csv,Archived Atlas Baseline,
hybridcvdv,Gantry,hybrid_dv_cv,vqe,sc26_vqe_nq7_nm7_c16,7,7,16,,,peak_gpu,failed,scaling_full_20260405,1x NVIDIA L20,
bqsim,BQSim,hybrid_dv_cv,vqe,sc26_vqe_nq7_nm7_c16,7,7,16,,,reported,failed,bqsim_csv,Archived GPU baseline,
bosonic_gpu,Bosonic-GPU,hybrid_dv_cv,vqe,vqe_circuit|qubits=7|qumodes=7,7,7,16,0.991662,274877906944.0,reported,ok,bosonic_csv,Archived GPU baseline,
atlas,Atlas,hybrid_dv_cv,vqe,sc26_vqe_nq7_nm7_c16,7,7,16,,,reported,failed,atlas_csv,Archived Atlas Baseline,
hybridcvdv,Gantry,hybrid_dv_cv,vqe,sc26_vqe_nq8_nm2_c4,8,2,4,389.006337,152320.0,peak_gpu,ok,scaling_full_20260405,1x NVIDIA L20,
hybridcvdv,Gantry,hybrid_dv_cv,vqe,sc26_vqe_nq8_nm2_c8,8,2,8,404.030518,547840.0,peak_gpu,ok,scaling_full_20260405,1x NVIDIA L20,
hybridcvdv,Gantry,hybrid_dv_cv,vqe,sc26_vqe_nq8_nm2_c16,8,2,16,603.991422,2129920.0,peak_gpu,ok,scaling_full_20260405,1x NVIDIA L20,
hybridcvdv,Gantry,hybrid_dv_cv,vqe,sc26_vqe_nq8_nm2_c32,8,2,32,1271.18899,8458240.0,peak_gpu,ok,scaling_full_20260405,1x NVIDIA L20,
hybridcvdv,Gantry,hybrid_dv_cv,vqe,sc26_vqe_nq8_nm3_c4,8,3,4,537.824036,547840.0,peak_gpu,ok,scaling_full_20260405,1x NVIDIA L20,
bqsim,BQSim,hybrid_dv_cv,vqe,sc26_vqe_nq8_nm3_c4,8,3,4,39.0,131887104.0,reported,ok,bqsim_csv,Archived GPU baseline,
bosonic_gpu,Bosonic-GPU,hybrid_dv_cv,vqe,vqe_circuit|qubits=8|qumodes=3,8,3,4,99.7284,131072.0,reported,ok,bosonic_csv,Archived GPU baseline,
atlas,Atlas,hybrid_dv_cv,vqe,sc26_vqe_nq8_nm3_c4,8,3,4,466.260077,275464192.0,reported,ok,atlas_csv,Archived Atlas Baseline,
hybridcvdv,Gantry,hybrid_dv_cv,vqe,sc26_vqe_nq8_nm3_c8,8,3,8,618.992717,4239360.0,peak_gpu,ok,scaling_full_20260405,1x NVIDIA L20,
bqsim,BQSim,hybrid_dv_cv,vqe,sc26_vqe_nq8_nm3_c8,8,3,8,290.0,133988352.0,reported,ok,bqsim_csv,Archived GPU baseline,
bosonic_gpu,Bosonic-GPU,hybrid_dv_cv,vqe,vqe_circuit|qubits=8|qumodes=3,8,3,8,292.562,1048576.0,reported,ok,bosonic_csv,Archived GPU baseline,
atlas,Atlas,hybrid_dv_cv,vqe,sc26_vqe_nq8_nm3_c8,8,3,8,508.380019,276131840.0,reported,ok,atlas_csv,Archived Atlas Baseline,
hybridcvdv,Gantry,hybrid_dv_cv,vqe,sc26_vqe_nq8_nm3_c16,8,3,16,940.724637,33771520.0,peak_gpu,ok,scaling_full_20260405,1x NVIDIA L20,
bqsim,BQSim,hybrid_dv_cv,vqe,sc26_vqe_nq8_nm3_c16,8,3,16,3506.0,163356672.0,reported,ok,bqsim_csv,Archived GPU baseline,
bosonic_gpu,Bosonic-GPU,hybrid_dv_cv,vqe,vqe_circuit|qubits=8|qumodes=3,8,3,16,3090.39,8388608.0,reported,ok,bosonic_csv,Archived GPU baseline,
atlas,Atlas,hybrid_dv_cv,vqe,sc26_vqe_nq8_nm3_c16,8,3,16,1235.723362,453918720.0,reported,ok,atlas_csv,Archived Atlas Baseline,
hybridcvdv,Gantry,hybrid_dv_cv,vqe,sc26_vqe_nq8_nm3_c32,8,3,32,5031.214774,270028800.0,peak_gpu,ok,scaling_full_20260405,1x NVIDIA L20,
hybridcvdv,Gantry,hybrid_dv_cv,vqe,sc26_vqe_nq8_nm4_c4,8,4,4,704.92708,2129920.0,peak_gpu,ok,scaling_full_20260405,1x NVIDIA L20,
bqsim,BQSim,hybrid_dv_cv,vqe,sc26_vqe_nq8_nm4_c4,8,4,4,128.0,131891200.0,reported,ok,bqsim_csv,Archived GPU baseline,
bosonic_gpu,Bosonic-GPU,hybrid_dv_cv,vqe,vqe_circuit|qubits=8|qumodes=4,8,4,4,284.887,524288.0,reported,ok,bosonic_csv,Archived GPU baseline,
atlas,Atlas,hybrid_dv_cv,vqe,sc26_vqe_nq8_nm4_c4,8,4,4,470.806217,276025344.0,reported,ok,atlas_csv,Archived Atlas Baseline,
hybridcvdv,Gantry,hybrid_dv_cv,vqe,sc26_vqe_nq8_nm4_c8,8,4,8,837.622896,33771520.0,peak_gpu,ok,scaling_full_20260405,1x NVIDIA L20,
bqsim,BQSim,hybrid_dv_cv,vqe,sc26_vqe_nq8_nm4_c8,8,4,8,2801.0,163545088.0,reported,ok,bqsim_csv,Archived GPU baseline,
bosonic_gpu,Bosonic-GPU,hybrid_dv_cv,vqe,vqe_circuit|qubits=8|qumodes=4,8,4,8,423.115,8388608.0,reported,ok,bosonic_csv,Archived GPU baseline,
atlas,Atlas,hybrid_dv_cv,vqe,sc26_vqe_nq8_nm4_c8,8,4,8,1331.084544,453914624.0,reported,ok,atlas_csv,Archived Atlas Baseline,
hybridcvdv,Gantry,hybrid_dv_cv,vqe,sc26_vqe_nq8_nm4_c16,8,4,16,3622.607292,540037120.0,peak_gpu,ok,scaling_full_20260405,1x NVIDIA L20,
bqsim,BQSim,hybrid_dv_cv,vqe,sc26_vqe_nq8_nm4_c16,8,4,16,76401.0,666927104.0,reported,ok,bqsim_csv,Archived GPU baseline,
bosonic_gpu,Bosonic-GPU,hybrid_dv_cv,vqe,vqe_circuit|qubits=8|qumodes=4,8,4,16,22099.8,134217728.0,reported,ok,bosonic_csv,Archived GPU baseline,
atlas,Atlas,hybrid_dv_cv,vqe,sc26_vqe_nq8_nm4_c16,8,4,16,,,reported,failed,atlas_csv,Archived Atlas Baseline,
hybridcvdv,Gantry,hybrid_dv_cv,vqe,sc26_vqe_nq8_nm4_c32,8,4,32,161348.717557,8640286720.0,peak_gpu,ok,scaling_full_20260405,1x NVIDIA L20,
hybridcvdv,Gantry,hybrid_dv_cv,vqe,sc26_vqe_nq8_nm5_c4,8,5,4,864.301281,8458240.0,peak_gpu,ok,scaling_full_20260405,1x NVIDIA L20,
bqsim,BQSim,hybrid_dv_cv,vqe,sc26_vqe_nq8_nm5_c4,8,5,4,524.0,138186752.0,reported,ok,bqsim_csv,Archived GPU baseline,
bosonic_gpu,Bosonic-GPU,hybrid_dv_cv,vqe,vqe_circuit|qubits=8|qumodes=5,8,5,4,366.373,2097152.0,reported,ok,bosonic_csv,Archived GPU baseline,
atlas,Atlas,hybrid_dv_cv,vqe,sc26_vqe_nq8_nm5_c4,8,5,4,739.02314,275910656.0,reported,ok,atlas_csv,Archived Atlas Baseline,
hybridcvdv,Gantry,hybrid_dv_cv,vqe,sc26_vqe_nq8_nm5_c8,8,5,8,1540.481632,270028800.0,peak_gpu,ok,scaling_full_20260405,1x NVIDIA L20,
bqsim,BQSim,hybrid_dv_cv,vqe,sc26_vqe_nq8_nm5_c8,8,5,8,26786.0,398761984.0,reported,ok,bqsim_csv,Archived GPU baseline,
bosonic_gpu,Bosonic-GPU,hybrid_dv_cv,vqe,vqe_circuit|qubits=8|qumodes=5,8,5,8,2776.86,67108864.0,reported,ok,bosonic_csv,Archived GPU baseline,
atlas,Atlas,hybrid_dv_cv,vqe,sc26_vqe_nq8_nm5_c8,8,5,8,31964.854658,17365393408.0,reported,ok,atlas_csv,Archived Atlas Baseline,
hybridcvdv,Gantry,hybrid_dv_cv,vqe,sc26_vqe_nq8_nm5_c16,8,5,16,59610.324831,8640286720.0,peak_gpu,ok,scaling_full_20260405,1x NVIDIA L20,
bqsim,BQSim,hybrid_dv_cv,vqe,sc26_vqe_nq8_nm5_c16,8,5,16,,,reported,failed,bqsim_csv,Archived GPU baseline,
bosonic_gpu,Bosonic-GPU,hybrid_dv_cv,vqe,vqe_circuit|qubits=8|qumodes=5,8,5,16,37559.9,2147483648.0,reported,ok,bosonic_csv,Archived GPU baseline,
atlas,Atlas,hybrid_dv_cv,vqe,sc26_vqe_nq8_nm5_c16,8,5,16,,,reported,failed,atlas_csv,Archived Atlas Baseline,
hybridcvdv,Gantry,hybrid_dv_cv,vqe,sc26_vqe_nq8_nm5_c32,8,5,32,,,peak_gpu,failed,scaling_full_20260405,1x NVIDIA L20,
hybridcvdv,Gantry,hybrid_dv_cv,vqe,sc26_vqe_nq8_nm6_c4,8,6,4,1043.817021,33771520.0,peak_gpu,ok,scaling_full_20260405,1x NVIDIA L20,
bqsim,BQSim,hybrid_dv_cv,vqe,sc26_vqe_nq8_nm6_c4,8,6,4,2285.0,163622912.0,reported,ok,bqsim_csv,Archived GPU baseline,
bosonic_gpu,Bosonic-GPU,hybrid_dv_cv,vqe,vqe_circuit|qubits=8|qumodes=6,8,6,4,534.065,8388608.0,reported,ok,bosonic_csv,Archived GPU baseline,
atlas,Atlas,hybrid_dv_cv,vqe,sc26_vqe_nq8_nm6_c4,8,6,4,1290.104674,453951488.0,reported,ok,atlas_csv,Archived Atlas Baseline,
hybridcvdv,Gantry,hybrid_dv_cv,vqe,sc26_vqe_nq8_nm6_c8,8,6,8,6725.7445,2160087040.0,peak_gpu,ok,scaling_full_20260405,1x NVIDIA L20,
bqsim,BQSim,hybrid_dv_cv,vqe,sc26_vqe_nq8_nm6_c8,8,6,8,247973.0,2277818368.0,reported,ok,bqsim_csv,Archived GPU baseline,
bosonic_gpu,Bosonic-GPU,hybrid_dv_cv,vqe,vqe_circuit|qubits=8|qumodes=6,8,6,8,32830.8,536870912.0,reported,ok,bosonic_csv,Archived GPU baseline,
atlas,Atlas,hybrid_dv_cv,vqe,sc26_vqe_nq8_nm6_c8,8,6,8,,,reported,failed,atlas_csv,Archived Atlas Baseline,
hybridcvdv,Gantry,hybrid_dv_cv,vqe,sc26_vqe_nq8_nm6_c16,8,6,16,,,peak_gpu,failed,scaling_full_20260405,1x NVIDIA L20,
bqsim,BQSim,hybrid_dv_cv,vqe,sc26_vqe_nq8_nm6_c16,8,6,16,,,reported,failed,bqsim_csv,Archived GPU baseline,
bosonic_gpu,Bosonic-GPU,hybrid_dv_cv,vqe,vqe_circuit|qubits=8|qumodes=6,8,6,16,34389.8,34359738368.0,reported,ok,bosonic_csv,Archived GPU baseline,
atlas,Atlas,hybrid_dv_cv,vqe,sc26_vqe_nq8_nm6_c16,8,6,16,,,reported,failed,atlas_csv,Archived Atlas Baseline,
hybridcvdv,Gantry,hybrid_dv_cv,vqe,sc26_vqe_nq8_nm6_c32,8,6,32,,,peak_gpu,failed,scaling_full_20260405,1x NVIDIA L20,
hybridcvdv,Gantry,hybrid_dv_cv,vqe,sc26_vqe_nq8_nm7_c4,8,7,4,1336.026777,135024640.0,peak_gpu,ok,scaling_full_20260405,1x NVIDIA L20,
bqsim,BQSim,hybrid_dv_cv,vqe,sc26_vqe_nq8_nm7_c4,8,7,4,9991.0,264024064.0,reported,ok,bqsim_csv,Archived GPU baseline,
bosonic_gpu,Bosonic-GPU,hybrid_dv_cv,vqe,vqe_circuit|qubits=8|qumodes=7,8,7,4,1694.07,33554432.0,reported,ok,bosonic_csv,Archived GPU baseline,
atlas,Atlas,hybrid_dv_cv,vqe,sc26_vqe_nq8_nm7_c4,8,7,4,11919.997767,4480491520.0,reported,ok,atlas_csv,Archived Atlas Baseline,
hybridcvdv,Gantry,hybrid_dv_cv,vqe,sc26_vqe_nq8_nm7_c8,8,7,8,60396.151659,17280552960.0,peak_gpu,ok,scaling_full_20260405,1x NVIDIA L20,
bqsim,BQSim,hybrid_dv_cv,vqe,sc26_vqe_nq8_nm7_c8,8,7,8,,,reported,failed,bqsim_csv,Archived GPU baseline,
bosonic_gpu,Bosonic-GPU,hybrid_dv_cv,vqe,vqe_circuit|qubits=8|qumodes=7,8,7,8,99700.9,4294967296.0,reported,ok,bosonic_csv,Archived GPU baseline,
atlas,Atlas,hybrid_dv_cv,vqe,sc26_vqe_nq8_nm7_c8,8,7,8,,,reported,failed,atlas_csv,Archived Atlas Baseline,
hybridcvdv,Gantry,hybrid_dv_cv,vqe,sc26_vqe_nq8_nm7_c16,8,7,16,,,peak_gpu,failed,scaling_full_20260405,1x NVIDIA L20,
bqsim,BQSim,hybrid_dv_cv,vqe,sc26_vqe_nq8_nm7_c16,8,7,16,,,reported,failed,bqsim_csv,Archived GPU baseline,
bosonic_gpu,Bosonic-GPU,hybrid_dv_cv,vqe,vqe_circuit|qubits=8|qumodes=7,8,7,16,1.02241,549755813888.0,reported,ok,bosonic_csv,Archived GPU baseline,
atlas,Atlas,hybrid_dv_cv,vqe,sc26_vqe_nq8_nm7_c16,8,7,16,,,reported,failed,atlas_csv,Archived Atlas Baseline,
hybridcvdv,Gantry,hybrid_dv_cv,vqe,sc26_vqe_nq9_nm2_c4,9,2,4,866.413464,303616.0,peak_gpu,ok,scaling_full_20260405,1x NVIDIA L20,
hybridcvdv,Gantry,hybrid_dv_cv,vqe,sc26_vqe_nq9_nm2_c8,9,2,8,904.41387,1091584.0,peak_gpu,ok,scaling_full_20260405,1x NVIDIA L20,
hybridcvdv,Gantry,hybrid_dv_cv,vqe,sc26_vqe_nq9_nm2_c16,9,2,16,1305.111617,4243456.0,peak_gpu,ok,scaling_full_20260405,1x NVIDIA L20,
hybridcvdv,Gantry,hybrid_dv_cv,vqe,sc26_vqe_nq9_nm2_c32,9,2,32,2634.734056,16850944.0,peak_gpu,ok,scaling_full_20260405,1x NVIDIA L20,
hybridcvdv,Gantry,hybrid_dv_cv,vqe,sc26_vqe_nq9_nm3_c4,9,3,4,1201.248383,1091584.0,peak_gpu,ok,scaling_full_20260405,1x NVIDIA L20,
bqsim,BQSim,hybrid_dv_cv,vqe,sc26_vqe_nq9_nm3_c4,9,3,4,73.0,131825664.0,reported,ok,bqsim_csv,Archived GPU baseline,
bosonic_gpu,Bosonic-GPU,hybrid_dv_cv,vqe,vqe_circuit|qubits=9|qumodes=3,9,3,4,332.985,262144.0,reported,ok,bosonic_csv,Archived GPU baseline,
atlas,Atlas,hybrid_dv_cv,vqe,sc26_vqe_nq9_nm3_c4,9,3,4,578.994262,275214336.0,reported,ok,atlas_csv,Archived Atlas Baseline,
hybridcvdv,Gantry,hybrid_dv_cv,vqe,sc26_vqe_nq9_nm3_c8,9,3,8,1367.576626,8445952.0,peak_gpu,ok,scaling_full_20260405,1x NVIDIA L20,
bqsim,BQSim,hybrid_dv_cv,vqe,sc26_vqe_nq9_nm3_c8,9,3,8,636.0,138194944.0,reported,ok,bqsim_csv,Archived GPU baseline,
bosonic_gpu,Bosonic-GPU,hybrid_dv_cv,vqe,vqe_circuit|qubits=9|qumodes=3,9,3,8,17647.4,2097152.0,reported,ok,bosonic_csv,Archived GPU baseline,
atlas,Atlas,hybrid_dv_cv,vqe,sc26_vqe_nq9_nm3_c8,9,3,8,516.7347,278999040.0,reported,ok,atlas_csv,Archived Atlas Baseline,
hybridcvdv,Gantry,hybrid_dv_cv,vqe,sc26_vqe_nq9_nm3_c16,9,3,16,2068.048222,67280896.0,peak_gpu,ok,scaling_full_20260405,1x NVIDIA L20,
bqsim,BQSim,hybrid_dv_cv,vqe,sc26_vqe_nq9_nm3_c16,9,3,16,7539.0,196902912.0,reported,ok,bqsim_csv,Archived GPU baseline,
bosonic_gpu,Bosonic-GPU,hybrid_dv_cv,vqe,vqe_circuit|qubits=9|qumodes=3,9,3,16,374.518,16777216.0,reported,ok,bosonic_csv,Archived GPU baseline,
atlas,Atlas,hybrid_dv_cv,vqe,sc26_vqe_nq9_nm3_c16,9,3,16,1428.88983,453976064.0,reported,ok,atlas_csv,Archived Atlas Baseline,
hybridcvdv,Gantry,hybrid_dv_cv,vqe,sc26_vqe_nq9_nm3_c32,9,3,32,10412.077841,537960448.0,peak_gpu,ok,scaling_full_20260405,1x NVIDIA L20,
hybridcvdv,Gantry,hybrid_dv_cv,vqe,sc26_vqe_nq9_nm4_c4,9,4,4,1571.211388,4243456.0,peak_gpu,ok,scaling_full_20260405,1x NVIDIA L20,
bqsim,BQSim,hybrid_dv_cv,vqe,sc26_vqe_nq9_nm4_c4,9,4,4,271.0,133996544.0,reported,ok,bqsim_csv,Archived GPU baseline,
bosonic_gpu,Bosonic-GPU,hybrid_dv_cv,vqe,vqe_circuit|qubits=9|qumodes=4,9,4,4,79.6873,1048576.0,reported,ok,bosonic_csv,Archived GPU baseline,
atlas,Atlas,hybrid_dv_cv,vqe,sc26_vqe_nq9_nm4_c4,9,4,4,335.643529,275554304.0,reported,ok,atlas_csv,Archived Atlas Baseline,
hybridcvdv,Gantry,hybrid_dv_cv,vqe,sc26_vqe_nq9_nm4_c8,9,4,8,1892.94597,67280896.0,peak_gpu,ok,scaling_full_20260405,1x NVIDIA L20,
bqsim,BQSim,hybrid_dv_cv,vqe,sc26_vqe_nq9_nm4_c8,9,4,8,6112.0,197173248.0,reported,ok,bqsim_csv,Archived GPU baseline,
bosonic_gpu,Bosonic-GPU,hybrid_dv_cv,vqe,vqe_circuit|qubits=9|qumodes=4,9,4,8,432.794,16777216.0,reported,ok,bosonic_csv,Archived GPU baseline,
atlas,Atlas,hybrid_dv_cv,vqe,sc26_vqe_nq9_nm4_c8,9,4,8,1144.586644,453885952.0,reported,ok,atlas_csv,Archived Atlas Baseline,
hybridcvdv,Gantry,hybrid_dv_cv,vqe,sc26_vqe_nq9_nm4_c16,9,4,16,7782.580279,1075879936.0,peak_gpu,ok,scaling_full_20260405,1x NVIDIA L20,
bqsim,BQSim,hybrid_dv_cv,vqe,sc26_vqe_nq9_nm4_c16,9,4,16,162985.0,1204330496.0,reported,ok,bqsim_csv,Archived GPU baseline,
bosonic_gpu,Bosonic-GPU,hybrid_dv_cv,vqe,vqe_circuit|qubits=9|qumodes=4,9,4,16,40122.9,268435456.0,reported,ok,bosonic_csv,Archived GPU baseline,
atlas,Atlas,hybrid_dv_cv,vqe,sc26_vqe_nq9_nm4_c16,9,4,16,,,reported,failed,atlas_csv,Archived Atlas Baseline,
hybridcvdv,Gantry,hybrid_dv_cv,vqe,sc26_vqe_nq9_nm4_c32,9,4,32,339200.551989,17213464576.0,peak_gpu,ok,scaling_full_20260405,1x NVIDIA L20,
hybridcvdv,Gantry,hybrid_dv_cv,vqe,sc26_vqe_nq9_nm5_c4,9,5,4,1925.316362,16850944.0,peak_gpu,ok,scaling_full_20260405,1x NVIDIA L20,
bqsim,BQSim,hybrid_dv_cv,vqe,sc26_vqe_nq9_nm5_c4,9,5,4,1160.0,146841600.0,reported,ok,bqsim_csv,Archived GPU baseline,
bosonic_gpu,Bosonic-GPU,hybrid_dv_cv,vqe,vqe_circuit|qubits=9|qumodes=5,9,5,4,1050.75,4194304.0,reported,ok,bosonic_csv,Archived GPU baseline,
atlas,Atlas,hybrid_dv_cv,vqe,sc26_vqe_nq9_nm5_c4,9,5,4,684.479703,278876160.0,reported,ok,atlas_csv,Archived Atlas Baseline,
hybridcvdv,Gantry,hybrid_dv_cv,vqe,sc26_vqe_nq9_nm5_c8,9,5,8,3531.356243,537960448.0,peak_gpu,ok,scaling_full_20260405,1x NVIDIA L20,
bqsim,BQSim,hybrid_dv_cv,vqe,sc26_vqe_nq9_nm5_c8,9,5,8,57335.0,667463680.0,reported,ok,bqsim_csv,Archived GPU baseline,
bosonic_gpu,Bosonic-GPU,hybrid_dv_cv,vqe,vqe_circuit|qubits=9|qumodes=5,9,5,8,2202.5,134217728.0,reported,ok,bosonic_csv,Archived GPU baseline,
atlas,Atlas,hybrid_dv_cv,vqe,sc26_vqe_nq9_nm5_c8,9,5,8,23873.877747,17365057536.0,reported,ok,atlas_csv,Archived Atlas Baseline,
hybridcvdv,Gantry,hybrid_dv_cv,vqe,sc26_vqe_nq9_nm5_c16,9,5,16,135900.328628,17213464576.0,peak_gpu,ok,scaling_full_20260405,1x NVIDIA L20,
bqsim,BQSim,hybrid_dv_cv,vqe,sc26_vqe_nq9_nm5_c16,9,5,16,,,reported,failed,bqsim_csv,Archived GPU baseline,
bosonic_gpu,Bosonic-GPU,hybrid_dv_cv,vqe,vqe_circuit|qubits=9|qumodes=5,9,5,16,59776.7,4294967296.0,reported,ok,bosonic_csv,Archived GPU baseline,
atlas,Atlas,hybrid_dv_cv,vqe,sc26_vqe_nq9_nm5_c16,9,5,16,,,reported,failed,atlas_csv,Archived Atlas Baseline,
hybridcvdv,Gantry,hybrid_dv_cv,vqe,sc26_vqe_nq9_nm5_c32,9,5,32,,,peak_gpu,failed,scaling_full_20260405,1x NVIDIA L20,
hybridcvdv,Gantry,hybrid_dv_cv,vqe,sc26_vqe_nq9_nm6_c4,9,6,4,2382.675392,67280896.0,peak_gpu,ok,scaling_full_20260405,1x NVIDIA L20,
bqsim,BQSim,hybrid_dv_cv,vqe,sc26_vqe_nq9_nm6_c4,9,6,4,5031.0,197181440.0,reported,ok,bqsim_csv,Archived GPU baseline,
bosonic_gpu,Bosonic-GPU,hybrid_dv_cv,vqe,vqe_circuit|qubits=9|qumodes=6,9,6,4,536.273,16777216.0,reported,ok,bosonic_csv,Archived GPU baseline,
atlas,Atlas,hybrid_dv_cv,vqe,sc26_vqe_nq9_nm6_c4,9,6,4,1233.19729,453869568.0,reported,ok,atlas_csv,Archived Atlas Baseline,
hybridcvdv,Gantry,hybrid_dv_cv,vqe,sc26_vqe_nq9_nm6_c8,9,6,8,18097.228152,4303396864.0,peak_gpu,ok,scaling_full_20260405,1x NVIDIA L20,
bqsim,BQSim,hybrid_dv_cv,vqe,sc26_vqe_nq9_nm6_c8,9,6,8,,,reported,failed,bqsim_csv,Archived GPU baseline,
bosonic_gpu,Bosonic-GPU,hybrid_dv_cv,vqe,vqe_circuit|qubits=9|qumodes=6,9,6,8,21273.3,1073741824.0,reported,ok,bosonic_csv,Archived GPU baseline,
atlas,Atlas,hybrid_dv_cv,vqe,sc26_vqe_nq9_nm6_c8,9,6,8,,,reported,failed,atlas_csv,Archived Atlas Baseline,
hybridcvdv,Gantry,hybrid_dv_cv,vqe,sc26_vqe_nq9_nm6_c16,9,6,16,,,peak_gpu,failed,scaling_full_20260405,1x NVIDIA L20,
bqsim,BQSim,hybrid_dv_cv,vqe,sc26_vqe_nq9_nm6_c16,9,6,16,,,reported,failed,bqsim_csv,Archived GPU baseline,
bosonic_gpu,Bosonic-GPU,hybrid_dv_cv,vqe,vqe_circuit|qubits=9|qumodes=6,9,6,16,366.193,68719476736.0,reported,ok,bosonic_csv,Archived GPU baseline,
atlas,Atlas,hybrid_dv_cv,vqe,sc26_vqe_nq9_nm6_c16,9,6,16,,,reported,failed,atlas_csv,Archived Atlas Baseline,
hybridcvdv,Gantry,hybrid_dv_cv,vqe,sc26_vqe_nq9_nm6_c32,9,6,32,,,peak_gpu,failed,scaling_full_20260405,1x NVIDIA L20,
hybridcvdv,Gantry,hybrid_dv_cv,vqe,sc26_vqe_nq9_nm7_c4,9,7,4,3074.535852,269000704.0,peak_gpu,ok,scaling_full_20260405,1x NVIDIA L20,
bqsim,BQSim,hybrid_dv_cv,vqe,sc26_vqe_nq9_nm7_c4,9,7,4,22156.0,398503936.0,reported,ok,bqsim_csv,Archived GPU baseline,
bosonic_gpu,Bosonic-GPU,hybrid_dv_cv,vqe,vqe_circuit|qubits=9|qumodes=7,9,7,4,1825.54,67108864.0,reported,ok,bosonic_csv,Archived GPU baseline,
atlas,Atlas,hybrid_dv_cv,vqe,sc26_vqe_nq9_nm7_c4,9,7,4,9331.407161,4480253952.0,reported,ok,atlas_csv,Archived Atlas Baseline,
hybridcvdv,Gantry,hybrid_dv_cv,vqe,sc26_vqe_nq9_nm7_c8,9,7,8,,,peak_gpu,failed,scaling_full_20260405,1x NVIDIA L20,
bqsim,BQSim,hybrid_dv_cv,vqe,sc26_vqe_nq9_nm7_c8,9,7,8,,,reported,failed,bqsim_csv,Archived GPU baseline,
bosonic_gpu,Bosonic-GPU,hybrid_dv_cv,vqe,vqe_circuit|qubits=9|qumodes=7,9,7,8,169152.0,8589934592.0,reported,ok,bosonic_csv,Archived GPU baseline,
atlas,Atlas,hybrid_dv_cv,vqe,sc26_vqe_nq9_nm7_c8,9,7,8,,,reported,failed,atlas_csv,Archived Atlas Baseline,
hybridcvdv,Gantry,hybrid_dv_cv,vqe,sc26_vqe_nq9_nm7_c16,9,7,16,,,peak_gpu,failed,scaling_full_20260405,1x NVIDIA L20,
bqsim,BQSim,hybrid_dv_cv,vqe,sc26_vqe_nq9_nm7_c16,9,7,16,,,reported,failed,bqsim_csv,Archived GPU baseline,
bosonic_gpu,Bosonic-GPU,hybrid_dv_cv,vqe,vqe_circuit|qubits=9|qumodes=7,9,7,16,343.166,1099511627776.0,reported,ok,bosonic_csv,Archived GPU baseline,
atlas,Atlas,hybrid_dv_cv,vqe,sc26_vqe_nq9_nm7_c16,9,7,16,,,reported,failed,atlas_csv,Archived Atlas Baseline,
hybridcvdv,Gantry,hybrid_dv_cv,vqe,sc26_vqe_nq10_nm2_c4,10,2,4,1911.019427,607488.0,peak_gpu,ok,scaling_full_20260405,1x NVIDIA L20,
hybridcvdv,Gantry,hybrid_dv_cv,vqe,sc26_vqe_nq10_nm2_c8,10,2,8,1997.222397,2184192.0,peak_gpu,ok,scaling_full_20260405,1x NVIDIA L20,
hybridcvdv,Gantry,hybrid_dv_cv,vqe,sc26_vqe_nq10_nm2_c16,10,2,16,2778.811333,8491008.0,peak_gpu,ok,scaling_full_20260405,1x NVIDIA L20,
hybridcvdv,Gantry,hybrid_dv_cv,vqe,sc26_vqe_nq10_nm2_c32,10,2,32,5501.466893,33718272.0,peak_gpu,ok,scaling_full_20260405,1x NVIDIA L20,
hybridcvdv,Gantry,hybrid_dv_cv,vqe,sc26_vqe_nq10_nm3_c4,10,3,4,2653.112305,2184192.0,peak_gpu,ok,scaling_full_20260405,1x NVIDIA L20,
bqsim,BQSim,hybrid_dv_cv,vqe,sc26_vqe_nq10_nm3_c4,10,3,4,142.0,131895296.0,reported,ok,bqsim_csv,Archived GPU baseline,
bosonic_gpu,Bosonic-GPU,hybrid_dv_cv,vqe,vqe_circuit|qubits=10|qumodes=3,10,3,4,149.956,524288.0,reported,ok,bosonic_csv,Archived GPU baseline,
atlas,Atlas,hybrid_dv_cv,vqe,sc26_vqe_nq10_nm3_c4,10,3,4,438.767017,275263488.0,reported,ok,atlas_csv,Archived Atlas Baseline,
hybridcvdv,Gantry,hybrid_dv_cv,vqe,sc26_vqe_nq10_nm3_c8,10,3,8,3024.746484,16900096.0,peak_gpu,ok,scaling_full_20260405,1x NVIDIA L20,
bqsim,BQSim,hybrid_dv_cv,vqe,sc26_vqe_nq10_nm3_c8,10,3,8,1351.0,146833408.0,reported,ok,bqsim_csv,Archived GPU baseline,
bosonic_gpu,Bosonic-GPU,hybrid_dv_cv,vqe,vqe_circuit|qubits=10|qumodes=3,10,3,8,247.158,4194304.0,reported,ok,bosonic_csv,Archived GPU baseline,
atlas,Atlas,hybrid_dv_cv,vqe,sc26_vqe_nq10_nm3_c8,10,3,8,411.371763,275214336.0,reported,ok,atlas_csv,Archived Atlas Baseline,
hybridcvdv,Gantry,hybrid_dv_cv,vqe,sc26_vqe_nq10_nm3_c16,10,3,16,4574.618167,134627328.0,peak_gpu,ok,scaling_full_20260405,1x NVIDIA L20,
bqsim,BQSim,hybrid_dv_cv,vqe,sc26_vqe_nq10_nm3_c16,10,3,16,15875.0,264019968.0,reported,ok,bqsim_csv,Archived GPU baseline,
bosonic_gpu,Bosonic-GPU,hybrid_dv_cv,vqe,vqe_circuit|qubits=10|qumodes=3,10,3,16,6975.05,33554432.0,reported,ok,bosonic_csv,Archived GPU baseline,
atlas,Atlas,hybrid_dv_cv,vqe,sc26_vqe_nq10_nm3_c16,10,3,16,1201.910109,454184960.0,reported,ok,atlas_csv,Archived Atlas Baseline,
hybridcvdv,Gantry,hybrid_dv_cv,vqe,sc26_vqe_nq10_nm3_c32,10,3,32,22625.314964,1076445184.0,peak_gpu,ok,scaling_full_20260405,1x NVIDIA L20,
hybridcvdv,Gantry,hybrid_dv_cv,vqe,sc26_vqe_nq10_nm4_c4,10,4,4,3462.193126,8491008.0,peak_gpu,ok,scaling_full_20260405,1x NVIDIA L20,
bqsim,BQSim,hybrid_dv_cv,vqe,sc26_vqe_nq10_nm4_c4,10,4,4,578.0,138448896.0,reported,ok,bqsim_csv,Archived GPU baseline,
bosonic_gpu,Bosonic-GPU,hybrid_dv_cv,vqe,vqe_circuit|qubits=10|qumodes=4,10,4,4,103.587,2097152.0,reported,ok,bosonic_csv,Archived GPU baseline,
atlas,Atlas,hybrid_dv_cv,vqe,sc26_vqe_nq10_nm4_c4,10,4,4,431.820387,275382272.0,reported,ok,atlas_csv,Archived Atlas Baseline,
hybridcvdv,Gantry,hybrid_dv_cv,vqe,sc26_vqe_nq10_nm4_c8,10,4,8,4309.461366,134627328.0,peak_gpu,ok,scaling_full_20260405,1x NVIDIA L20,
bqsim,BQSim,hybrid_dv_cv,vqe,sc26_vqe_nq10_nm4_c8,10,4,8,13099.0,264286208.0,reported,ok,bqsim_csv,Archived GPU baseline,
bosonic_gpu,Bosonic-GPU,hybrid_dv_cv,vqe,vqe_circuit|qubits=10|qumodes=4,10,4,8,104812.0,33554432.0,reported,ok,bosonic_csv,Archived GPU baseline,
atlas,Atlas,hybrid_dv_cv,vqe,sc26_vqe_nq10_nm4_c8,10,4,8,811.382822,454184960.0,reported,ok,atlas_csv,Archived Atlas Baseline,
hybridcvdv,Gantry,hybrid_dv_cv,vqe,sc26_vqe_nq10_nm4_c16,10,4,16,20110.377888,2152808448.0,peak_gpu,ok,scaling_full_20260405,1x NVIDIA L20,
bqsim,BQSim,hybrid_dv_cv,vqe,sc26_vqe_nq10_nm4_c16,10,4,16,,,reported,failed,bqsim_csv,Archived GPU baseline,
bosonic_gpu,Bosonic-GPU,hybrid_dv_cv,vqe,vqe_circuit|qubits=10|qumodes=4,10,4,16,7005.18,536870912.0,reported,ok,bosonic_csv,Archived GPU baseline,
atlas,Atlas,hybrid_dv_cv,vqe,sc26_vqe_nq10_nm4_c16,10,4,16,,,reported,failed,atlas_csv,Archived Atlas Baseline,
hybridcvdv,Gantry,hybrid_dv_cv,vqe,sc26_vqe_nq10_nm4_c32,10,4,32,,,peak_gpu,failed,scaling_full_20260405,1x NVIDIA L20,
hybridcvdv,Gantry,hybrid_dv_cv,vqe,sc26_vqe_nq10_nm5_c4,10,5,4,4316.914483,33718272.0,peak_gpu,ok,scaling_full_20260405,1x NVIDIA L20,
bqsim,BQSim,hybrid_dv_cv,vqe,sc26_vqe_nq10_nm5_c4,10,5,4,2564.0,163614720.0,reported,ok,bqsim_csv,Archived GPU baseline,
bosonic_gpu,Bosonic-GPU,hybrid_dv_cv,vqe,vqe_circuit|qubits=10|qumodes=5,10,5,4,521.872,8388608.0,reported,ok,bosonic_csv,Archived GPU baseline,
atlas,Atlas,hybrid_dv_cv,vqe,sc26_vqe_nq10_nm5_c4,10,5,4,521.700293,282787840.0,reported,ok,atlas_csv,Archived Atlas Baseline,
hybridcvdv,Gantry,hybrid_dv_cv,vqe,sc26_vqe_nq10_nm5_c8,10,5,8,9016.932124,1076445184.0,peak_gpu,ok,scaling_full_20260405,1x NVIDIA L20,
bqsim,BQSim,hybrid_dv_cv,vqe,sc26_vqe_nq10_nm5_c8,10,5,8,124796.0,1204330496.0,reported,ok,bqsim_csv,Archived GPU baseline,
bosonic_gpu,Bosonic-GPU,hybrid_dv_cv,vqe,vqe_circuit|qubits=10|qumodes=5,10,5,8,20806.8,268435456.0,reported,ok,bosonic_csv,Archived GPU baseline,
atlas,Atlas,hybrid_dv_cv,vqe,sc26_vqe_nq10_nm5_c8,10,5,8,38494.986883,17365630976.0,reported,ok,atlas_csv,Archived Atlas Baseline,
hybridcvdv,Gantry,hybrid_dv_cv,vqe,sc26_vqe_nq10_nm5_c16,10,5,16,,,peak_gpu,failed,scaling_full_20260405,1x NVIDIA L20,
bqsim,BQSim,hybrid_dv_cv,vqe,sc26_vqe_nq10_nm5_c16,10,5,16,,,reported,failed,bqsim_csv,Archived GPU baseline,
bosonic_gpu,Bosonic-GPU,hybrid_dv_cv,vqe,vqe_circuit|num_qubits=10|num_modes=5,10,5,16,,,reported,failed,bosonic_csv,Archived GPU baseline,Failed to allocate GPU memory
atlas,Atlas,hybrid_dv_cv,vqe,sc26_vqe_nq10_nm5_c16,10,5,16,,,reported,failed,atlas_csv,Archived Atlas Baseline,
hybridcvdv,Gantry,hybrid_dv_cv,vqe,sc26_vqe_nq10_nm5_c32,10,5,32,,,peak_gpu,failed,scaling_full_20260405,1x NVIDIA L20,
hybridcvdv,Gantry,hybrid_dv_cv,vqe,sc26_vqe_nq10_nm6_c4,10,6,4,5403.810094,134627328.0,peak_gpu,ok,scaling_full_20260405,1x NVIDIA L20,
bqsim,BQSim,hybrid_dv_cv,vqe,sc26_vqe_nq10_nm6_c4,10,6,4,11068.0,264019968.0,reported,ok,bqsim_csv,Archived GPU baseline,
bosonic_gpu,Bosonic-GPU,hybrid_dv_cv,vqe,vqe_circuit|qubits=10|qumodes=6,10,6,4,2800.78,33554432.0,reported,ok,bosonic_csv,Archived GPU baseline,
atlas,Atlas,hybrid_dv_cv,vqe,sc26_vqe_nq10_nm6_c4,10,6,4,479.265539,453967872.0,reported,ok,atlas_csv,Archived Atlas Baseline,
hybridcvdv,Gantry,hybrid_dv_cv,vqe,sc26_vqe_nq10_nm6_c8,10,6,8,51121.002646,8610988032.0,peak_gpu,ok,scaling_full_20260405,1x NVIDIA L20,
bqsim,BQSim,hybrid_dv_cv,vqe,sc26_vqe_nq10_nm6_c8,10,6,8,,,reported,failed,bqsim_csv,Archived GPU baseline,
bosonic_gpu,Bosonic-GPU,hybrid_dv_cv,vqe,vqe_circuit|qubits=10|qumodes=6,10,6,8,59638.9,2147483648.0,reported,ok,bosonic_csv,Archived GPU baseline,
atlas,Atlas,hybrid_dv_cv,vqe,sc26_vqe_nq10_nm6_c8,10,6,8,,,reported,failed,atlas_csv,Archived Atlas Baseline,
hybridcvdv,Gantry,hybrid_dv_cv,vqe,sc26_vqe_nq10_nm6_c16,10,6,16,,,peak_gpu,failed,scaling_full_20260405,1x NVIDIA L20,
bqsim,BQSim,hybrid_dv_cv,vqe,sc26_vqe_nq10_nm6_c16,10,6,16,,,reported,failed,bqsim_csv,Archived GPU baseline,
bosonic_gpu,Bosonic-GPU,hybrid_dv_cv,vqe,vqe_circuit|qubits=10|qumodes=6,10,6,16,267.2,137438953472.0,reported,ok,bosonic_csv,Archived GPU baseline,
atlas,Atlas,hybrid_dv_cv,vqe,sc26_vqe_nq10_nm6_c16,10,6,16,,,reported,failed,atlas_csv,Archived Atlas Baseline,
hybridcvdv,Gantry,hybrid_dv_cv,vqe,sc26_vqe_nq10_nm6_c32,10,6,32,,,peak_gpu,failed,scaling_full_20260405,1x NVIDIA L20,
hybridcvdv,Gantry,hybrid_dv_cv,vqe,sc26_vqe_nq10_nm7_c4,10,7,4,7177.836221,538263552.0,peak_gpu,ok,scaling_full_20260405,1x NVIDIA L20,
bqsim,BQSim,hybrid_dv_cv,vqe,sc26_vqe_nq10_nm7_c4,10,7,4,48529.0,667205632.0,reported,ok,bqsim_csv,Archived GPU baseline,
bosonic_gpu,Bosonic-GPU,hybrid_dv_cv,vqe,vqe_circuit|qubits=10|qumodes=7,10,7,4,3427.71,134217728.0,reported,ok,bosonic_csv,Archived GPU baseline,
atlas,Atlas,hybrid_dv_cv,vqe,sc26_vqe_nq10_nm7_c4,10,7,4,7748.284619,4480446464.0,reported,ok,atlas_csv,Archived Atlas Baseline,
hybridcvdv,Gantry,hybrid_dv_cv,vqe,sc26_vqe_nq10_nm7_c8,10,7,8,,,peak_gpu,failed,scaling_full_20260405,1x NVIDIA L20,
bqsim,BQSim,hybrid_dv_cv,vqe,sc26_vqe_nq10_nm7_c8,10,7,8,,,reported,failed,bqsim_csv,Archived GPU baseline,
bosonic_gpu,Bosonic-GPU,hybrid_dv_cv,vqe,vqe_circuit|num_qubits=10|num_modes=7,10,7,8,,,reported,failed,bosonic_csv,Archived GPU baseline,Failed to allocate GPU memory
atlas,Atlas,hybrid_dv_cv,vqe,sc26_vqe_nq10_nm7_c8,10,7,8,,,reported,failed,atlas_csv,Archived Atlas Baseline,
hybridcvdv,Gantry,hybrid_dv_cv,vqe,sc26_vqe_nq10_nm7_c16,10,7,16,,,peak_gpu,failed,scaling_full_20260405,1x NVIDIA L20,
bqsim,BQSim,hybrid_dv_cv,vqe,sc26_vqe_nq10_nm7_c16,10,7,16,,,reported,failed,bqsim_csv,Archived GPU baseline,
bosonic_gpu,Bosonic-GPU,hybrid_dv_cv,vqe,vqe_circuit|qubits=10|qumodes=7,10,7,16,471.029,2199023255552.0,reported,ok,bosonic_csv,Archived GPU baseline,
atlas,Atlas,hybrid_dv_cv,vqe,sc26_vqe_nq10_nm7_c16,10,7,16,,,reported,failed,atlas_csv,Archived Atlas Baseline,
strawberryfields_tf,SF-TF,pure_cv,jch,strawberryfields_tf_jch_photonic_chain_nm3_c16,,3,16,74.89938393700868,65536.0,state_vector_estimate,ok,remote_h100_pure,Archived H100,
mrmustard_jax,MrM-JAX,pure_cv,jch,mrmustard_jax_jch_photonic_chain_nm3_c16,,3,16,1.8214829033240676,65536.0,state_vector_estimate,ok,remote_h100_pure,Archived H100,
strawberryfields_tf,SF-TF,pure_cv,jch,strawberryfields_tf_jch_photonic_chain_nm4_c16,,4,16,103.50333095993847,1048576.0,state_vector_estimate,ok,remote_h100_pure,Archived H100,
mrmustard_jax,MrM-JAX,pure_cv,jch,mrmustard_jax_jch_photonic_chain_nm4_c16,,4,16,2.716153976507485,1048576.0,state_vector_estimate,ok,remote_h100_pure,Archived H100,
strawberryfields_tf,SF-TF,pure_cv,jch,strawberryfields_tf_jch_photonic_chain_nm5_c16,,5,16,130.04563795402646,16777216.0,state_vector_estimate,ok,remote_h100_pure,Archived H100,
mrmustard_jax,MrM-JAX,pure_cv,jch,mrmustard_jax_jch_photonic_chain_nm5_c16,,5,16,19.674983923323452,16777216.0,state_vector_estimate,ok,remote_h100_pure,Archived H100,
strawberryfields_tf,SF-TF,pure_cv,jch,strawberryfields_tf_jch_photonic_chain_nm6_c16,,6,16,200.30050503555685,268435456.0,state_vector_estimate,ok,remote_h100_pure,Archived H100,
mrmustard_jax,MrM-JAX,pure_cv,jch,mrmustard_jax_jch_photonic_chain_nm6_c16,,6,16,467.8707119310275,268435456.0,state_vector_estimate,ok,remote_h100_pure,Archived H100,
strawberryfields_tf,SF-TF,pure_cv,jch,strawberryfields_tf_jch_photonic_chain_nm7_c16,,7,16,,,state_vector_estimate,error,remote_h100_pure,Archived H100,"{{function_node __wrapped__MatMul_device_/job:localhost/replica:0/task:0/device:GPU:0}} OOM when allocating tensor with shape[256,1048576] and type complex64 on /job:localhost/replica:0/task:0/device:GPU:0 by allocator GPU_0_bfc [Op:MatMul] name: "
hybridcvdv,Gantry,pure_cv,qaoa,sc26_qaoa_nm1_c4,,1,4,0.205566,2944.0,peak_gpu,ok,scaling_full_20260405,1x NVIDIA L20,
bqsim,BQSim,pure_cv,qaoa,sc26_qaoa_nm1_c4,,1,4,6.0,131878912.0,reported,ok,bqsim_csv,Archived GPU baseline,
bosonic_gpu,Bosonic-GPU,pure_cv,qaoa,qaoa_circuit|qumodes=1|layers=1,,1,4,26.5662,32.0,reported,ok,bosonic_csv,Archived GPU baseline,
atlas,Atlas,pure_cv,qaoa,sc26_qaoa_nm1_c4,,1,4,441.29084,274010112.0,reported,ok,atlas_csv,Archived Atlas Baseline,
hybridcvdv,Gantry,pure_cv,qaoa,sc26_qaoa_nm1_c8,,1,8,0.19099,3328.0,peak_gpu,ok,scaling_full_20260405,1x NVIDIA L20,
bqsim,BQSim,pure_cv,qaoa,sc26_qaoa_nm1_c8,,1,8,8.0,131878912.0,reported,ok,bqsim_csv,Archived GPU baseline,
bosonic_gpu,Bosonic-GPU,pure_cv,qaoa,qaoa_circuit|qumodes=1|layers=1,,1,8,12.9191,64.0,reported,ok,bosonic_csv,Archived GPU baseline,
atlas,Atlas,pure_cv,qaoa,sc26_qaoa_nm1_c8,,1,8,406.485028,274362368.0,reported,ok,atlas_csv,Archived Atlas Baseline,
hybridcvdv,Gantry,pure_cv,qaoa,sc26_qaoa_nm1_c16,,1,16,0.190951,4096.0,peak_gpu,ok,scaling_full_20260405,1x NVIDIA L20,
bqsim,BQSim,pure_cv,qaoa,sc26_qaoa_nm1_c16,,1,16,10.0,131567616.0,reported,ok,bqsim_csv,Archived GPU baseline,
bosonic_gpu,Bosonic-GPU,pure_cv,qaoa,qaoa_circuit|qumodes=1|layers=1,,1,16,16.2132,128.0,reported,ok,bosonic_csv,Archived GPU baseline,
atlas,Atlas,pure_cv,qaoa,sc26_qaoa_nm1_c16,,1,16,460.353251,274460672.0,reported,ok,atlas_csv,Archived Atlas Baseline,
strawberryfields_tf,SF-TF,pure_cv,qaoa,strawberryfields_tf_cv_qaoa_nm1_c16,,1,16,2.184181068837643,65536.0,state_vector_estimate,ok,remote_h100_pure,Archived H100,
mrmustard_jax,MrM-JAX,pure_cv,qaoa,mrmustard_jax_cv_qaoa_nm1_c16,,1,16,0.68195998352021,65536.0,state_vector_estimate,ok,remote_h100_pure,Archived H100,
hybridcvdv,Gantry,pure_cv,qaoa,sc26_qaoa_nm1_c32,,1,32,0.19149,5632.0,peak_gpu,ok,scaling_full_20260405,1x NVIDIA L20,
bosonic_gpu,Bosonic-GPU,pure_cv,qaoa,qaoa_circuit|qumodes=1|layers=1,,1,32,13.4943,256.0,reported,ok,bosonic_csv,Archived GPU baseline,
hybridcvdv,Gantry,pure_cv,qaoa,sc26_qaoa_nm2_c4,,2,4,0.290477,4096.0,peak_gpu,ok,scaling_full_20260405,1x NVIDIA L20,
bqsim,BQSim,pure_cv,qaoa,sc26_qaoa_nm2_c4,,2,4,10.0,131887104.0,reported,ok,bqsim_csv,Archived GPU baseline,
bosonic_gpu,Bosonic-GPU,pure_cv,qaoa,qaoa_circuit|qumodes=2|layers=1,,2,4,22.2951,128.0,reported,ok,bosonic_csv,Archived GPU baseline,
atlas,Atlas,pure_cv,qaoa,sc26_qaoa_nm2_c4,,2,4,703.15003,274190336.0,reported,ok,atlas_csv,Archived Atlas Baseline,
hybridcvdv,Gantry,pure_cv,qaoa,sc26_qaoa_nm2_c8,,2,8,0.299911,8704.0,peak_gpu,ok,scaling_full_20260405,1x NVIDIA L20,
bqsim,BQSim,pure_cv,qaoa,sc26_qaoa_nm2_c8,,2,8,13.0,131883008.0,reported,ok,bqsim_csv,Archived GPU baseline,
bosonic_gpu,Bosonic-GPU,pure_cv,qaoa,qaoa_circuit|qumodes=2|layers=1,,2,8,77.2614,512.0,reported,ok,bosonic_csv,Archived GPU baseline,
atlas,Atlas,pure_cv,qaoa,sc26_qaoa_nm2_c8,,2,8,673.900119,274145280.0,reported,ok,atlas_csv,Archived Atlas Baseline,
hybridcvdv,Gantry,pure_cv,qaoa,sc26_qaoa_nm2_c16,,2,16,0.294512,27136.0,peak_gpu,ok,scaling_full_20260405,1x NVIDIA L20,
bqsim,BQSim,pure_cv,qaoa,sc26_qaoa_nm2_c16,,2,16,17.0,131891200.0,reported,ok,bqsim_csv,Archived GPU baseline,
bosonic_gpu,Bosonic-GPU,pure_cv,qaoa,qaoa_circuit|qumodes=2|layers=1,,2,16,260.163,2048.0,reported,ok,bosonic_csv,Archived GPU baseline,
atlas,Atlas,pure_cv,qaoa,sc26_qaoa_nm2_c16,,2,16,700.138159,275599360.0,reported,ok,atlas_csv,Archived Atlas Baseline,
strawberryfields_tf,SF-TF,pure_cv,qaoa,strawberryfields_tf_cv_qaoa_nm2_c16,,2,16,14.484181068837643,65536.0,state_vector_estimate,ok,remote_h100_pure,Archived H100,
mrmustard_jax,MrM-JAX,pure_cv,qaoa,mrmustard_jax_cv_qaoa_nm2_c16,,2,16,2.28195998352021,65536.0,state_vector_estimate,ok,remote_h100_pure,Archived H100,
hybridcvdv,Gantry,pure_cv,qaoa,sc26_qaoa_nm2_c32,,2,32,0.293966,100864.0,peak_gpu,ok,scaling_full_20260405,1x NVIDIA L20,
bosonic_gpu,Bosonic-GPU,pure_cv,qaoa,qaoa_circuit|qumodes=2|layers=1,,2,32,26.2144,8192.0,reported,ok,bosonic_csv,Archived GPU baseline,
strawberryfields_tf,SF-TF,pure_cv,qaoa,strawberryfields_tf_cv_qaoa_nm3_c16,,3,16,14.484181068837643,65536.0,state_vector_estimate,ok,remote_h100_pure,Archived H100,
mrmustard_jax,MrM-JAX,pure_cv,qaoa,mrmustard_jax_cv_qaoa_nm3_c16,,3,16,2.28195998352021,65536.0,state_vector_estimate,ok,remote_h100_pure,Archived H100,
hybridcvdv,Gantry,pure_cv,qaoa,sc26_qaoa_nm4_c4,,4,4,0.499899,27136.0,peak_gpu,ok,scaling_full_20260405,1x NVIDIA L20,
bqsim,BQSim,pure_cv,qaoa,sc26_qaoa_nm4_c4,,4,4,17.0,131825664.0,reported,ok,bqsim_csv,Archived GPU baseline,
bosonic_gpu,Bosonic-GPU,pure_cv,qaoa,qaoa_circuit|qumodes=4|layers=1,,4,4,21.6385,2048.0,reported,ok,bosonic_csv,Archived GPU baseline,
atlas,Atlas,pure_cv,qaoa,sc26_qaoa_nm4_c4,,4,4,500.126251,275435520.0,reported,ok,atlas_csv,Archived Atlas Baseline,
hybridcvdv,Gantry,pure_cv,qaoa,sc26_qaoa_nm4_c8,,4,8,0.500268,395776.0,peak_gpu,ok,scaling_full_20260405,1x NVIDIA L20,
bqsim,BQSim,pure_cv,qaoa,sc26_qaoa_nm4_c8,,4,8,42.0,132153344.0,reported,ok,bqsim_csv,Archived GPU baseline,
bosonic_gpu,Bosonic-GPU,pure_cv,qaoa,qaoa_circuit|qumodes=4|layers=1,,4,8,3236.51,32768.0,reported,ok,bosonic_csv,Archived GPU baseline,
atlas,Atlas,pure_cv,qaoa,sc26_qaoa_nm4_c8,,4,8,1195.233408,453828608.0,reported,ok,atlas_csv,Archived Atlas Baseline,
hybridcvdv,Gantry,pure_cv,qaoa,sc26_qaoa_nm4_c16,,4,16,0.49996,6294016.0,peak_gpu,ok,scaling_full_20260405,1x NVIDIA L20,
bqsim,BQSim,pure_cv,qaoa,sc26_qaoa_nm4_c16,,4,16,473.0,134516736.0,reported,ok,bqsim_csv,Archived GPU baseline,
bosonic_gpu,Bosonic-GPU,pure_cv,qaoa,qaoa_circuit|qumodes=4|layers=1,,4,16,1141.17,524288.0,reported,ok,bosonic_csv,Archived GPU baseline,
atlas,Atlas,pure_cv,qaoa,sc26_qaoa_nm4_c16,,4,16,407.859761,274743296.0,reported,ok,atlas_csv,Archived Atlas Baseline,
strawberryfields_tf,SF-TF,pure_cv,qaoa,strawberryfields_tf_cv_qaoa_nm4_c16,,4,16,19.59394197911024,1048576.0,state_vector_estimate,ok,remote_h100_pure,Archived H100,
mrmustard_jax,MrM-JAX,pure_cv,qaoa,mrmustard_jax_cv_qaoa_nm4_c16,,4,16,2.880662097595632,1048576.0,state_vector_estimate,ok,remote_h100_pure,Archived H100,
hybridcvdv,Gantry,pure_cv,qaoa,sc26_qaoa_nm4_c32,,4,32,0.541943,100665856.0,peak_gpu,ok,scaling_full_20260405,1x NVIDIA L20,
bosonic_gpu,Bosonic-GPU,pure_cv,qaoa,qaoa_circuit|qumodes=4|layers=1,,4,32,61.4646,8388608.0,reported,ok,bosonic_csv,Archived GPU baseline,
strawberryfields_tf,SF-TF,pure_cv,qaoa,strawberryfields_tf_cv_qaoa_nm5_c16,,5,16,25.377861922606826,16777216.0,state_vector_estimate,ok,remote_h100_pure,Archived H100,
mrmustard_jax,MrM-JAX,pure_cv,qaoa,mrmustard_jax_cv_qaoa_nm5_c16,,5,16,19.511147984303534,16777216.0,state_vector_estimate,ok,remote_h100_pure,Archived H100,
hybridcvdv,Gantry,pure_cv,qaoa,sc26_qaoa_nm6_c16,,6,16,5.50032,1610617656.0,peak_gpu,ok,scaling_full_20260405,1x NVIDIA L20,
strawberryfields_tf,SF-TF,pure_cv,qaoa,strawberryfields_tf_cv_qaoa_nm6_c16,,6,16,53.5274330759421,268435456.0,state_vector_estimate,ok,remote_h100_pure,Archived H100,
mrmustard_jax,MrM-JAX,pure_cv,qaoa,mrmustard_jax_cv_qaoa_nm6_c16,,6,16,446.563477977179,268435456.0,state_vector_estimate,ok,remote_h100_pure,Archived H100,
hybridcvdv,Gantry,pure_cv,qaoa,sc26_qaoa_nm7_c16,,7,16,19.5848885,25769804056.0,peak_gpu,ok,scaling_full_20260405,1x NVIDIA L20,
strawberryfields_tf,SF-TF,pure_cv,qaoa,strawberryfields_tf_cv_qaoa_nm7_c16,,7,16,,,state_vector_estimate,error,remote_h100_pure,Archived H100,CUDA error: Could not synchronize CUDA stream: CUDA_ERROR_CONTAINED: Invalid access of peer GPU memory over nvlink or a hardware error
mrmustard_jax,MrM-JAX,pure_cv,qaoa,mrmustard_jax_cv_qaoa_nm7_c16,,7,16,9316.749682999216,4294967296.0,state_vector_estimate,ok,remote_h100_pure,Archived H100,
hybridcvdv,Gantry,pure_cv,qaoa,sc26_qaoa_nm8_c4,,8,4,0.980712,6294016.0,peak_gpu,ok,scaling_full_20260405,1x NVIDIA L20,
bqsim,BQSim,pure_cv,qaoa,sc26_qaoa_nm8_c4,,8,4,455.0,134258688.0,reported,ok,bqsim_csv,Archived GPU baseline,
bosonic_gpu,Bosonic-GPU,pure_cv,qaoa,qaoa_circuit|qumodes=8|layers=1,,8,4,56.0448,524288.0,reported,ok,bosonic_csv,Archived GPU baseline,
atlas,Atlas,pure_cv,qaoa,sc26_qaoa_nm8_c4,,8,4,313.496365,274952192.0,reported,ok,atlas_csv,Archived Atlas Baseline,
bqsim,BQSim,pure_cv,qaoa,sc26_qaoa_nm8_c8,,8,8,,,reported,failed,bqsim_csv,Archived GPU baseline,
bosonic_gpu,Bosonic-GPU,pure_cv,qaoa,qaoa_circuit|qumodes=8|layers=1,,8,8,1578.06,134217728.0,reported,ok,bosonic_csv,Archived GPU baseline,
atlas,Atlas,pure_cv,qaoa,sc26_qaoa_nm8_c8,,8,8,469.251532,274526208.0,reported,ok,atlas_csv,Archived Atlas Baseline,
bqsim,BQSim,pure_cv,qaoa,sc26_qaoa_nm8_c16,,8,16,,,reported,failed,bqsim_csv,Archived GPU baseline,
bosonic_gpu,Bosonic-GPU,pure_cv,qaoa,qaoa_circuit|qumodes=8|layers=1,,8,16,0.188314,34359738368.0,reported,ok,bosonic_csv,Archived GPU baseline,
atlas,Atlas,pure_cv,qaoa,sc26_qaoa_nm8_c16,,8,16,510.115482,274620416.0,reported,ok,atlas_csv,Archived Atlas Baseline,
strawberryfields_tf,SF-TF,pure_cv,qaoa,strawberryfields_tf_cv_qaoa_nm8_c16,,8,16,,,state_vector_estimate,error,remote_h100_pure,Archived H100,CUDA error: Could not synchronize CUDA stream: CUDA_ERROR_CONTAINED: Invalid access of peer GPU memory over nvlink or a hardware error
mrmustard_jax,MrM-JAX,pure_cv,qaoa,mrmustard_jax_cv_qaoa_nm8_c16,,8,16,,,state_vector_estimate,error,remote_h100_pure,Archived H100,CUDA error: Could not synchronize CUDA stream: CUDA_ERROR_CONTAINED: Invalid access of peer GPU memory over nvlink or a hardware error
bosonic_gpu,Bosonic-GPU,pure_cv,qaoa,qaoa_circuit|qumodes=8|layers=1,,8,32,0.191163,8796093022208.0,reported,ok,bosonic_csv,Archived GPU baseline,
