=== Ablation V2 Run (Wed Apr  8 01:22:37 AM UTC 2026) ===
[RUN] sc26_cv_qaoa_nm2_c16__full
[GPUContext] Initialized with 1 device(s)
[MultiGPU] Initialized 1 GPU(s)
╔══════════════════════════════════════════════════╗
║          GPU Context Summary                    ║
╠══════════════════════════════════════════════════╣
║ GPU 0: NVIDIA L20                               ║
║   Compute: SM 8.9  |  SMs: 92    |  Warp: 32   ║
║   Memory:  45467 MiB total / 45177 MiB free    ║
║   SharedMem/Block:    48 KB  /SM:   100 KB    ║
╚══════════════════════════════════════════════════╝
CUDA设备检查: device_count=1, error=no error
CVStatePool 初始化完成: 单个qumode截断维度=16, 初始总维度=256, 容量=64, 设备数=1
创建量子电路: 0 qubits, 2 qumodes, 截断维度=16, 执行GPU=0
构建量子线路...
量子线路构建完成
执行量子线路...
GaussianStatePool initialized: 2 qumodes, 4096 capacity (refcount-enabled).
量子线路执行完成
执行时间: 0.726197 ms
传输时延: 0 ms
计算时延: 0.301587 ms
规划时延: 0.01315 ms
HDD节点管理器已清空
CVStatePool 已重置
CVStatePool 销毁完成
CUDA设备检查: device_count=1, error=no error
CVStatePool 初始化完成: 单个qumode截断维度=16, 初始总维度=256, 容量=64, 设备数=1
创建量子电路: 0 qubits, 2 qumodes, 截断维度=16, 执行GPU=0
构建量子线路...
量子线路构建完成
执行量子线路...
GaussianStatePool initialized: 2 qumodes, 4096 capacity (refcount-enabled).
量子线路执行完成
执行时间: 0.310474 ms
传输时延: 0 ms
计算时延: 0.187643 ms
规划时延: 0.007187 ms
HDD节点管理器已清空
CVStatePool 已重置
CVStatePool 销毁完成
CUDA设备检查: device_count=1, error=no error
CVStatePool 初始化完成: 单个qumode截断维度=16, 初始总维度=256, 容量=64, 设备数=1
创建量子电路: 0 qubits, 2 qumodes, 截断维度=16, 执行GPU=0
构建量子线路...
量子线路构建完成
执行量子线路...
GaussianStatePool initialized: 2 qumodes, 4096 capacity (refcount-enabled).
量子线路执行完成
执行时间: 0.307672 ms
传输时延: 0 ms
计算时延: 0.199088 ms
规划时延: 0.006481 ms
HDD节点管理器已清空
CVStatePool 已重置
CVStatePool 销毁完成
CUDA设备检查: device_count=1, error=no error
CVStatePool 初始化完成: 单个qumode截断维度=16, 初始总维度=256, 容量=64, 设备数=1
创建量子电路: 0 qubits, 2 qumodes, 截断维度=16, 执行GPU=0
构建量子线路...
量子线路构建完成
执行量子线路...
GaussianStatePool initialized: 2 qumodes, 4096 capacity (refcount-enabled).
量子线路执行完成
执行时间: 0.289613 ms
传输时延: 0 ms
计算时延: 0.184875 ms
规划时延: 0.005947 ms
HDD节点管理器已清空
CVStatePool 已重置
CVStatePool 销毁完成
CUDA设备检查: device_count=1, error=no error
CVStatePool 初始化完成: 单个qumode截断维度=16, 初始总维度=256, 容量=64, 设备数=1
创建量子电路: 0 qubits, 2 qumodes, 截断维度=16, 执行GPU=0
构建量子线路...
量子线路构建完成
执行量子线路...
GaussianStatePool initialized: 2 qumodes, 4096 capacity (refcount-enabled).
量子线路执行完成
执行时间: 0.285755 ms
传输时延: 0 ms
计算时延: 0.186663 ms
规划时延: 0.005559 ms
HDD节点管理器已清空
CVStatePool 已重置
CVStatePool 销毁完成
CUDA设备检查: device_count=1, error=no error
CVStatePool 初始化完成: 单个qumode截断维度=16, 初始总维度=256, 容量=64, 设备数=1
创建量子电路: 0 qubits, 2 qumodes, 截断维度=16, 执行GPU=0
构建量子线路...
量子线路构建完成
执行量子线路...
GaussianStatePool initialized: 2 qumodes, 4096 capacity (refcount-enabled).
量子线路执行完成
执行时间: 0.283932 ms
传输时延: 0 ms
计算时延: 0.18587 ms
规划时延: 0.00583 ms
HDD节点管理器已清空
CVStatePool 已重置
CVStatePool 销毁完成
CUDA设备检查: device_count=1, error=no error
CVStatePool 初始化完成: 单个qumode截断维度=16, 初始总维度=256, 容量=64, 设备数=1
创建量子电路: 0 qubits, 2 qumodes, 截断维度=16, 执行GPU=0
构建量子线路...
量子线路构建完成
执行量子线路...
GaussianStatePool initialized: 2 qumodes, 4096 capacity (refcount-enabled).
量子线路执行完成
执行时间: 0.297023 ms
传输时延: 0 ms
计算时延: 0.196247 ms
规划时延: 0.005648 ms
HDD节点管理器已清空
CVStatePool 已重置
CVStatePool 销毁完成
CUDA设备检查: device_count=1, error=no error
CVStatePool 初始化完成: 单个qumode截断维度=16, 初始总维度=256, 容量=64, 设备数=1
创建量子电路: 0 qubits, 2 qumodes, 截断维度=16, 执行GPU=0
构建量子线路...
量子线路构建完成
执行量子线路...
GaussianStatePool initialized: 2 qumodes, 4096 capacity (refcount-enabled).
量子线路执行完成
执行时间: 0.289251 ms
传输时延: 0 ms
计算时延: 0.187011 ms
规划时延: 0.004871 ms
HDD节点管理器已清空
CVStatePool 已重置
CVStatePool 销毁完成
CUDA设备检查: device_count=1, error=no error
CVStatePool 初始化完成: 单个qumode截断维度=16, 初始总维度=256, 容量=64, 设备数=1
创建量子电路: 0 qubits, 2 qumodes, 截断维度=16, 执行GPU=0
构建量子线路...
量子线路构建完成
执行量子线路...
GaussianStatePool initialized: 2 qumodes, 4096 capacity (refcount-enabled).
量子线路执行完成
执行时间: 0.283806 ms
传输时延: 0 ms
计算时延: 0.185229 ms
规划时延: 0.004932 ms
HDD节点管理器已清空
CVStatePool 已重置
CVStatePool 销毁完成
CUDA设备检查: device_count=1, error=no error
CVStatePool 初始化完成: 单个qumode截断维度=16, 初始总维度=256, 容量=64, 设备数=1
创建量子电路: 0 qubits, 2 qumodes, 截断维度=16, 执行GPU=0
构建量子线路...
量子线路构建完成
执行量子线路...
GaussianStatePool initialized: 2 qumodes, 4096 capacity (refcount-enabled).
量子线路执行完成
执行时间: 0.294406 ms
传输时延: 0 ms
计算时延: 0.197016 ms
规划时延: 0.005568 ms
HDD节点管理器已清空
CVStatePool 已重置
CVStatePool 销毁完成
CUDA设备检查: device_count=1, error=no error
CVStatePool 初始化完成: 单个qumode截断维度=16, 初始总维度=256, 容量=64, 设备数=1
创建量子电路: 0 qubits, 2 qumodes, 截断维度=16, 执行GPU=0
构建量子线路...
量子线路构建完成
执行量子线路...
GaussianStatePool initialized: 2 qumodes, 4096 capacity (refcount-enabled).
量子线路执行完成
执行时间: 0.29226 ms
传输时延: 0 ms
计算时延: 0.184733 ms
规划时延: 0.005231 ms
HDD节点管理器已清空
CVStatePool 已重置
CVStatePool 销毁完成
CUDA设备检查: device_count=1, error=no error
CVStatePool 初始化完成: 单个qumode截断维度=16, 初始总维度=256, 容量=64, 设备数=1
创建量子电路: 0 qubits, 2 qumodes, 截断维度=16, 执行GPU=0
构建量子线路...
量子线路构建完成
执行量子线路...
GaussianStatePool initialized: 2 qumodes, 4096 capacity (refcount-enabled).
量子线路执行完成
执行时间: 0.282053 ms
传输时延: 0 ms
计算时延: 0.185822 ms
规划时延: 0.00526 ms
HDD节点管理器已清空
CVStatePool 已重置
CVStatePool 销毁完成
Wrote experiment report to "experiments/results/ablation_v2/sc26_cv_qaoa_nm2_c16__full.json"
Results: ok=1, unsupported=0, error=0
[DONE] sc26_cv_qaoa_nm2_c16__full
[RUN] sc26_cv_qaoa_nm2_c16__no_symbolic
[GPUContext] Initialized with 1 device(s)
[MultiGPU] Initialized 1 GPU(s)
╔══════════════════════════════════════════════════╗
║          GPU Context Summary                    ║
╠══════════════════════════════════════════════════╣
║ GPU 0: NVIDIA L20                               ║
║   Compute: SM 8.9  |  SMs: 92    |  Warp: 32   ║
║   Memory:  45467 MiB total / 45177 MiB free    ║
║   SharedMem/Block:    48 KB  /SM:   100 KB    ║
╚══════════════════════════════════════════════════╝
CUDA设备检查: device_count=1, error=no error
CVStatePool 初始化完成: 单个qumode截断维度=16, 初始总维度=256, 容量=64, 设备数=1
创建量子电路: 0 qubits, 2 qumodes, 截断维度=16, 执行GPU=0
构建量子线路...
量子线路构建完成
执行量子线路...
量子线路执行完成
执行时间: 0.533012 ms
传输时延: 0.009884 ms
计算时延: 0.502689 ms
规划时延: 0.011166 ms
HDD节点管理器已清空
CVStatePool 已重置
CVStatePool 销毁完成
CUDA设备检查: device_count=1, error=no error
CVStatePool 初始化完成: 单个qumode截断维度=16, 初始总维度=256, 容量=64, 设备数=1
创建量子电路: 0 qubits, 2 qumodes, 截断维度=16, 执行GPU=0
构建量子线路...
量子线路构建完成
执行量子线路...
量子线路执行完成
执行时间: 0.343523 ms
传输时延: 0.009311 ms
计算时延: 0.322194 ms
规划时延: 0.007369 ms
HDD节点管理器已清空
CVStatePool 已重置
CVStatePool 销毁完成
CUDA设备检查: device_count=1, error=no error
CVStatePool 初始化完成: 单个qumode截断维度=16, 初始总维度=256, 容量=64, 设备数=1
创建量子电路: 0 qubits, 2 qumodes, 截断维度=16, 执行GPU=0
构建量子线路...
量子线路构建完成
执行量子线路...
量子线路执行完成
执行时间: 0.311597 ms
传输时延: 0.008576 ms
计算时延: 0.292405 ms
规划时延: 0.005604 ms
HDD节点管理器已清空
CVStatePool 已重置
CVStatePool 销毁完成
CUDA设备检查: device_count=1, error=no error
CVStatePool 初始化完成: 单个qumode截断维度=16, 初始总维度=256, 容量=64, 设备数=1
创建量子电路: 0 qubits, 2 qumodes, 截断维度=16, 执行GPU=0
构建量子线路...
量子线路构建完成
执行量子线路...
量子线路执行完成
执行时间: 0.324263 ms
传输时延: 0.009085 ms
计算时延: 0.305477 ms
规划时延: 0.00548 ms
HDD节点管理器已清空
CVStatePool 已重置
CVStatePool 销毁完成
CUDA设备检查: device_count=1, error=no error
CVStatePool 初始化完成: 单个qumode截断维度=16, 初始总维度=256, 容量=64, 设备数=1
创建量子电路: 0 qubits, 2 qumodes, 截断维度=16, 执行GPU=0
构建量子线路...
量子线路构建完成
执行量子线路...
量子线路执行完成
执行时间: 0.345051 ms
传输时延: 0.009019 ms
计算时延: 0.326545 ms
规划时延: 0.005108 ms
HDD节点管理器已清空
CVStatePool 已重置
CVStatePool 销毁完成
CUDA设备检查: device_count=1, error=no error
CVStatePool 初始化完成: 单个qumode截断维度=16, 初始总维度=256, 容量=64, 设备数=1
创建量子电路: 0 qubits, 2 qumodes, 截断维度=16, 执行GPU=0
构建量子线路...
量子线路构建完成
执行量子线路...
量子线路执行完成
执行时间: 0.327995 ms
传输时延: 0.009156 ms
计算时延: 0.309266 ms
规划时延: 0.004905 ms
HDD节点管理器已清空
CVStatePool 已重置
CVStatePool 销毁完成
CUDA设备检查: device_count=1, error=no error
CVStatePool 初始化完成: 单个qumode截断维度=16, 初始总维度=256, 容量=64, 设备数=1
创建量子电路: 0 qubits, 2 qumodes, 截断维度=16, 执行GPU=0
构建量子线路...
量子线路构建完成
执行量子线路...
量子线路执行完成
执行时间: 0.323485 ms
传输时延: 0.008909 ms
计算时延: 0.30502 ms
规划时延: 0.005277 ms
HDD节点管理器已清空
CVStatePool 已重置
CVStatePool 销毁完成
CUDA设备检查: device_count=1, error=no error
CVStatePool 初始化完成: 单个qumode截断维度=16, 初始总维度=256, 容量=64, 设备数=1
创建量子电路: 0 qubits, 2 qumodes, 截断维度=16, 执行GPU=0
构建量子线路...
量子线路构建完成
执行量子线路...
量子线路执行完成
执行时间: 0.32824 ms
传输时延: 0.009147 ms
计算时延: 0.309694 ms
规划时延: 0.004975 ms
HDD节点管理器已清空
CVStatePool 已重置
CVStatePool 销毁完成
CUDA设备检查: device_count=1, error=no error
CVStatePool 初始化完成: 单个qumode截断维度=16, 初始总维度=256, 容量=64, 设备数=1
创建量子电路: 0 qubits, 2 qumodes, 截断维度=16, 执行GPU=0
构建量子线路...
量子线路构建完成
执行量子线路...
量子线路执行完成
执行时间: 0.310815 ms
传输时延: 0.008752 ms
计算时延: 0.292334 ms
规划时延: 0.004955 ms
HDD节点管理器已清空
CVStatePool 已重置
CVStatePool 销毁完成
CUDA设备检查: device_count=1, error=no error
CVStatePool 初始化完成: 单个qumode截断维度=16, 初始总维度=256, 容量=64, 设备数=1
创建量子电路: 0 qubits, 2 qumodes, 截断维度=16, 执行GPU=0
构建量子线路...
量子线路构建完成
执行量子线路...
量子线路执行完成
执行时间: 0.333661 ms
传输时延: 0.009147 ms
计算时延: 0.31496 ms
规划时延: 0.005421 ms
HDD节点管理器已清空
CVStatePool 已重置
CVStatePool 销毁完成
CUDA设备检查: device_count=1, error=no error
CVStatePool 初始化完成: 单个qumode截断维度=16, 初始总维度=256, 容量=64, 设备数=1
创建量子电路: 0 qubits, 2 qumodes, 截断维度=16, 执行GPU=0
构建量子线路...
量子线路构建完成
执行量子线路...
量子线路执行完成
执行时间: 0.323154 ms
传输时延: 0.009204 ms
计算时延: 0.304386 ms
规划时延: 0.005 ms
HDD节点管理器已清空
CVStatePool 已重置
CVStatePool 销毁完成
CUDA设备检查: device_count=1, error=no error
CVStatePool 初始化完成: 单个qumode截断维度=16, 初始总维度=256, 容量=64, 设备数=1
创建量子电路: 0 qubits, 2 qumodes, 截断维度=16, 执行GPU=0
构建量子线路...
量子线路构建完成
执行量子线路...
量子线路执行完成
执行时间: 0.323164 ms
传输时延: 0.009179 ms
计算时延: 0.304258 ms
规划时延: 0.005361 ms
HDD节点管理器已清空
CVStatePool 已重置
CVStatePool 销毁完成
Wrote experiment report to "experiments/results/ablation_v2/sc26_cv_qaoa_nm2_c16__no_symbolic.json"
Results: ok=1, unsupported=0, error=0
[DONE] sc26_cv_qaoa_nm2_c16__no_symbolic
[RUN] sc26_cv_qaoa_nm2_c16__no_symbolic_dense_fock
[GPUContext] Initialized with 1 device(s)
[MultiGPU] Initialized 1 GPU(s)
╔══════════════════════════════════════════════════╗
║          GPU Context Summary                    ║
╠══════════════════════════════════════════════════╣
║ GPU 0: NVIDIA L20                               ║
║   Compute: SM 8.9  |  SMs: 92    |  Warp: 32   ║
║   Memory:  45467 MiB total / 45177 MiB free    ║
║   SharedMem/Block:    48 KB  /SM:   100 KB    ║
╚══════════════════════════════════════════════════╝
CUDA设备检查: device_count=1, error=no error
CVStatePool 初始化完成: 单个qumode截断维度=16, 初始总维度=256, 容量=64, 设备数=1
创建量子电路: 0 qubits, 2 qumodes, 截断维度=16, 执行GPU=0
构建量子线路...
量子线路构建完成
执行量子线路...
量子线路执行完成
执行时间: 2.56094 ms
传输时延: 0.010291 ms
计算时延: 2.12672 ms
规划时延: 0.010482 ms
HDD节点管理器已清空
CVStatePool 已重置
CVStatePool 销毁完成
CUDA设备检查: device_count=1, error=no error
CVStatePool 初始化完成: 单个qumode截断维度=16, 初始总维度=256, 容量=64, 设备数=1
创建量子电路: 0 qubits, 2 qumodes, 截断维度=16, 执行GPU=0
构建量子线路...
量子线路构建完成
执行量子线路...
量子线路执行完成
执行时间: 2.19701 ms
传输时延: 0.010153 ms
计算时延: 1.75633 ms
规划时延: 0.006466 ms
HDD节点管理器已清空
CVStatePool 已重置
CVStatePool 销毁完成
CUDA设备检查: device_count=1, error=no error
CVStatePool 初始化完成: 单个qumode截断维度=16, 初始总维度=256, 容量=64, 设备数=1
创建量子电路: 0 qubits, 2 qumodes, 截断维度=16, 执行GPU=0
构建量子线路...
量子线路构建完成
执行量子线路...
量子线路执行完成
执行时间: 2.19364 ms
传输时延: 0.009024 ms
计算时延: 1.75469 ms
规划时延: 0.005837 ms
HDD节点管理器已清空
CVStatePool 已重置
CVStatePool 销毁完成
CUDA设备检查: device_count=1, error=no error
CVStatePool 初始化完成: 单个qumode截断维度=16, 初始总维度=256, 容量=64, 设备数=1
创建量子电路: 0 qubits, 2 qumodes, 截断维度=16, 执行GPU=0
构建量子线路...
量子线路构建完成
执行量子线路...
量子线路执行完成
执行时间: 2.19385 ms
传输时延: 0.009498 ms
计算时延: 1.75397 ms
规划时延: 0.005153 ms
HDD节点管理器已清空
CVStatePool 已重置
CVStatePool 销毁完成
CUDA设备检查: device_count=1, error=no error
CVStatePool 初始化完成: 单个qumode截断维度=16, 初始总维度=256, 容量=64, 设备数=1
创建量子电路: 0 qubits, 2 qumodes, 截断维度=16, 执行GPU=0
构建量子线路...
量子线路构建完成
执行量子线路...
量子线路执行完成
执行时间: 2.19411 ms
传输时延: 0.009352 ms
计算时延: 1.75487 ms
规划时延: 0.005111 ms
HDD节点管理器已清空
CVStatePool 已重置
CVStatePool 销毁完成
CUDA设备检查: device_count=1, error=no error
CVStatePool 初始化完成: 单个qumode截断维度=16, 初始总维度=256, 容量=64, 设备数=1
创建量子电路: 0 qubits, 2 qumodes, 截断维度=16, 执行GPU=0
构建量子线路...
量子线路构建完成
执行量子线路...
量子线路执行完成
执行时间: 2.19342 ms
传输时延: 0.009483 ms
计算时延: 1.75377 ms
规划时延: 0.004932 ms
HDD节点管理器已清空
CVStatePool 已重置
CVStatePool 销毁完成
CUDA设备检查: device_count=1, error=no error
CVStatePool 初始化完成: 单个qumode截断维度=16, 初始总维度=256, 容量=64, 设备数=1
创建量子电路: 0 qubits, 2 qumodes, 截断维度=16, 执行GPU=0
构建量子线路...
量子线路构建完成
执行量子线路...
量子线路执行完成
执行时间: 2.19118 ms
传输时延: 0.009204 ms
计算时延: 1.75261 ms
规划时延: 0.004789 ms
HDD节点管理器已清空
CVStatePool 已重置
CVStatePool 销毁完成
CUDA设备检查: device_count=1, error=no error
CVStatePool 初始化完成: 单个qumode截断维度=16, 初始总维度=256, 容量=64, 设备数=1
创建量子电路: 0 qubits, 2 qumodes, 截断维度=16, 执行GPU=0
构建量子线路...
量子线路构建完成
执行量子线路...
量子线路执行完成
执行时间: 2.19004 ms
传输时延: 0.009115 ms
计算时延: 1.75072 ms
规划时延: 0.004691 ms
HDD节点管理器已清空
CVStatePool 已重置
CVStatePool 销毁完成
CUDA设备检查: device_count=1, error=no error
CVStatePool 初始化完成: 单个qumode截断维度=16, 初始总维度=256, 容量=64, 设备数=1
创建量子电路: 0 qubits, 2 qumodes, 截断维度=16, 执行GPU=0
构建量子线路...
量子线路构建完成
执行量子线路...
量子线路执行完成
执行时间: 2.20336 ms
传输时延: 0.009463 ms
计算时延: 1.75652 ms
规划时延: 0.005527 ms
HDD节点管理器已清空
CVStatePool 已重置
CVStatePool 销毁完成
CUDA设备检查: device_count=1, error=no error
CVStatePool 初始化完成: 单个qumode截断维度=16, 初始总维度=256, 容量=64, 设备数=1
创建量子电路: 0 qubits, 2 qumodes, 截断维度=16, 执行GPU=0
构建量子线路...
量子线路构建完成
执行量子线路...
量子线路执行完成
执行时间: 2.19373 ms
传输时延: 0.009009 ms
计算时延: 1.75452 ms
规划时延: 0.005033 ms
HDD节点管理器已清空
CVStatePool 已重置
CVStatePool 销毁完成
CUDA设备检查: device_count=1, error=no error
CVStatePool 初始化完成: 单个qumode截断维度=16, 初始总维度=256, 容量=64, 设备数=1
创建量子电路: 0 qubits, 2 qumodes, 截断维度=16, 执行GPU=0
构建量子线路...
量子线路构建完成
执行量子线路...
量子线路执行完成
执行时间: 2.19308 ms
传输时延: 0.00921 ms
计算时延: 1.75358 ms
规划时延: 0.004853 ms
HDD节点管理器已清空
CVStatePool 已重置
CVStatePool 销毁完成
CUDA设备检查: device_count=1, error=no error
CVStatePool 初始化完成: 单个qumode截断维度=16, 初始总维度=256, 容量=64, 设备数=1
创建量子电路: 0 qubits, 2 qumodes, 截断维度=16, 执行GPU=0
构建量子线路...
量子线路构建完成
执行量子线路...
量子线路执行完成
执行时间: 2.18985 ms
传输时延: 0.008946 ms
计算时延: 1.75345 ms
规划时延: 0.005064 ms
HDD节点管理器已清空
CVStatePool 已重置
CVStatePool 销毁完成
Wrote experiment report to "experiments/results/ablation_v2/sc26_cv_qaoa_nm2_c16__no_symbolic_dense_fock.json"
Results: ok=1, unsupported=0, error=0
[DONE] sc26_cv_qaoa_nm2_c16__no_symbolic_dense_fock
[RUN] sc26_cv_qaoa_nm3_c16__full
[GPUContext] Initialized with 1 device(s)
[MultiGPU] Initialized 1 GPU(s)
╔══════════════════════════════════════════════════╗
║          GPU Context Summary                    ║
╠══════════════════════════════════════════════════╣
║ GPU 0: NVIDIA L20                               ║
║   Compute: SM 8.9  |  SMs: 92    |  Warp: 32   ║
║   Memory:  45467 MiB total / 45177 MiB free    ║
║   SharedMem/Block:    48 KB  /SM:   100 KB    ║
╚══════════════════════════════════════════════════╝
CUDA设备检查: device_count=1, error=no error
CVStatePool 初始化完成: 单个qumode截断维度=16, 初始总维度=4096, 容量=64, 设备数=1
创建量子电路: 0 qubits, 3 qumodes, 截断维度=16, 执行GPU=0
构建量子线路...
量子线路构建完成
执行量子线路...
GaussianStatePool initialized: 3 qumodes, 4096 capacity (refcount-enabled).
量子线路执行完成
执行时间: 0.833757 ms
传输时延: 0 ms
计算时延: 0.416056 ms
规划时延: 0.012556 ms
HDD节点管理器已清空
CVStatePool 已重置
CVStatePool 销毁完成
CUDA设备检查: device_count=1, error=no error
CVStatePool 初始化完成: 单个qumode截断维度=16, 初始总维度=4096, 容量=64, 设备数=1
创建量子电路: 0 qubits, 3 qumodes, 截断维度=16, 执行GPU=0
构建量子线路...
量子线路构建完成
执行量子线路...
GaussianStatePool initialized: 3 qumodes, 4096 capacity (refcount-enabled).
量子线路执行完成
执行时间: 0.405096 ms
传输时延: 0 ms
计算时延: 0.293363 ms
规划时延: 0.009824 ms
HDD节点管理器已清空
CVStatePool 已重置
CVStatePool 销毁完成
CUDA设备检查: device_count=1, error=no error
CVStatePool 初始化完成: 单个qumode截断维度=16, 初始总维度=4096, 容量=64, 设备数=1
创建量子电路: 0 qubits, 3 qumodes, 截断维度=16, 执行GPU=0
构建量子线路...
量子线路构建完成
执行量子线路...
GaussianStatePool initialized: 3 qumodes, 4096 capacity (refcount-enabled).
量子线路执行完成
执行时间: 0.409561 ms
传输时延: 0 ms
计算时延: 0.303324 ms
规划时延: 0.007927 ms
HDD节点管理器已清空
CVStatePool 已重置
CVStatePool 销毁完成
CUDA设备检查: device_count=1, error=no error
CVStatePool 初始化完成: 单个qumode截断维度=16, 初始总维度=4096, 容量=64, 设备数=1
创建量子电路: 0 qubits, 3 qumodes, 截断维度=16, 执行GPU=0
构建量子线路...
量子线路构建完成
执行量子线路...
GaussianStatePool initialized: 3 qumodes, 4096 capacity (refcount-enabled).
量子线路执行完成
执行时间: 0.390868 ms
传输时延: 0 ms
计算时延: 0.291585 ms
规划时延: 0.007439 ms
HDD节点管理器已清空
CVStatePool 已重置
CVStatePool 销毁完成
CUDA设备检查: device_count=1, error=no error
CVStatePool 初始化完成: 单个qumode截断维度=16, 初始总维度=4096, 容量=64, 设备数=1
创建量子电路: 0 qubits, 3 qumodes, 截断维度=16, 执行GPU=0
构建量子线路...
量子线路构建完成
执行量子线路...
GaussianStatePool initialized: 3 qumodes, 4096 capacity (refcount-enabled).
量子线路执行完成
执行时间: 0.403029 ms
传输时延: 0 ms
计算时延: 0.299813 ms
规划时延: 0.007428 ms
HDD节点管理器已清空
CVStatePool 已重置
CVStatePool 销毁完成
CUDA设备检查: device_count=1, error=no error
CVStatePool 初始化完成: 单个qumode截断维度=16, 初始总维度=4096, 容量=64, 设备数=1
创建量子电路: 0 qubits, 3 qumodes, 截断维度=16, 执行GPU=0
构建量子线路...
量子线路构建完成
执行量子线路...
GaussianStatePool initialized: 3 qumodes, 4096 capacity (refcount-enabled).
量子线路执行完成
执行时间: 0.411303 ms
传输时延: 0 ms
计算时延: 0.301179 ms
规划时延: 0.007446 ms
HDD节点管理器已清空
CVStatePool 已重置
CVStatePool 销毁完成
CUDA设备检查: device_count=1, error=no error
CVStatePool 初始化完成: 单个qumode截断维度=16, 初始总维度=4096, 容量=64, 设备数=1
创建量子电路: 0 qubits, 3 qumodes, 截断维度=16, 执行GPU=0
构建量子线路...
量子线路构建完成
执行量子线路...
GaussianStatePool initialized: 3 qumodes, 4096 capacity (refcount-enabled).
量子线路执行完成
执行时间: 0.402874 ms
传输时延: 0 ms
计算时延: 0.291897 ms
规划时延: 0.007257 ms
HDD节点管理器已清空
CVStatePool 已重置
CVStatePool 销毁完成
CUDA设备检查: device_count=1, error=no error
CVStatePool 初始化完成: 单个qumode截断维度=16, 初始总维度=4096, 容量=64, 设备数=1
创建量子电路: 0 qubits, 3 qumodes, 截断维度=16, 执行GPU=0
构建量子线路...
量子线路构建完成
执行量子线路...
GaussianStatePool initialized: 3 qumodes, 4096 capacity (refcount-enabled).
量子线路执行完成
执行时间: 0.396932 ms
传输时延: 0 ms
计算时延: 0.300285 ms
规划时延: 0.007203 ms
HDD节点管理器已清空
CVStatePool 已重置
CVStatePool 销毁完成
CUDA设备检查: device_count=1, error=no error
CVStatePool 初始化完成: 单个qumode截断维度=16, 初始总维度=4096, 容量=64, 设备数=1
创建量子电路: 0 qubits, 3 qumodes, 截断维度=16, 执行GPU=0
构建量子线路...
量子线路构建完成
执行量子线路...
GaussianStatePool initialized: 3 qumodes, 4096 capacity (refcount-enabled).
量子线路执行完成
执行时间: 0.399778 ms
传输时延: 0 ms
计算时延: 0.304731 ms
规划时延: 0.007009 ms
HDD节点管理器已清空
CVStatePool 已重置
CVStatePool 销毁完成
CUDA设备检查: device_count=1, error=no error
CVStatePool 初始化完成: 单个qumode截断维度=16, 初始总维度=4096, 容量=64, 设备数=1
创建量子电路: 0 qubits, 3 qumodes, 截断维度=16, 执行GPU=0
构建量子线路...
量子线路构建完成
执行量子线路...
GaussianStatePool initialized: 3 qumodes, 4096 capacity (refcount-enabled).
量子线路执行完成
执行时间: 0.393287 ms
传输时延: 0 ms
计算时延: 0.296606 ms
规划时延: 0.006978 ms
HDD节点管理器已清空
CVStatePool 已重置
CVStatePool 销毁完成
CUDA设备检查: device_count=1, error=no error
CVStatePool 初始化完成: 单个qumode截断维度=16, 初始总维度=4096, 容量=64, 设备数=1
创建量子电路: 0 qubits, 3 qumodes, 截断维度=16, 执行GPU=0
构建量子线路...
量子线路构建完成
执行量子线路...
GaussianStatePool initialized: 3 qumodes, 4096 capacity (refcount-enabled).
量子线路执行完成
执行时间: 0.405591 ms
传输时延: 0 ms
计算时延: 0.291168 ms
规划时延: 0.00715 ms
HDD节点管理器已清空
CVStatePool 已重置
CVStatePool 销毁完成
CUDA设备检查: device_count=1, error=no error
CVStatePool 初始化完成: 单个qumode截断维度=16, 初始总维度=4096, 容量=64, 设备数=1
创建量子电路: 0 qubits, 3 qumodes, 截断维度=16, 执行GPU=0
构建量子线路...
量子线路构建完成
执行量子线路...
GaussianStatePool initialized: 3 qumodes, 4096 capacity (refcount-enabled).
量子线路执行完成
执行时间: 0.397658 ms
传输时延: 0 ms
计算时延: 0.291807 ms
规划时延: 0.00692 ms
HDD节点管理器已清空
CVStatePool 已重置
CVStatePool 销毁完成
Wrote experiment report to "experiments/results/ablation_v2/sc26_cv_qaoa_nm3_c16__full.json"
Results: ok=1, unsupported=0, error=0
[DONE] sc26_cv_qaoa_nm3_c16__full
[RUN] sc26_cv_qaoa_nm3_c16__no_symbolic
[GPUContext] Initialized with 1 device(s)
[MultiGPU] Initialized 1 GPU(s)
╔══════════════════════════════════════════════════╗
║          GPU Context Summary                    ║
╠══════════════════════════════════════════════════╣
║ GPU 0: NVIDIA L20                               ║
║   Compute: SM 8.9  |  SMs: 92    |  Warp: 32   ║
║   Memory:  45467 MiB total / 45177 MiB free    ║
║   SharedMem/Block:    48 KB  /SM:   100 KB    ║
╚══════════════════════════════════════════════════╝
CUDA设备检查: device_count=1, error=no error
CVStatePool 初始化完成: 单个qumode截断维度=16, 初始总维度=4096, 容量=64, 设备数=1
创建量子电路: 0 qubits, 3 qumodes, 截断维度=16, 执行GPU=0
构建量子线路...
量子线路构建完成
执行量子线路...
量子线路执行完成
执行时间: 0.664794 ms
传输时延: 0.010182 ms
计算时延: 0.629519 ms
规划时延: 0.015561 ms
HDD节点管理器已清空
CVStatePool 已重置
CVStatePool 销毁完成
CUDA设备检查: device_count=1, error=no error
CVStatePool 初始化完成: 单个qumode截断维度=16, 初始总维度=4096, 容量=64, 设备数=1
创建量子电路: 0 qubits, 3 qumodes, 截断维度=16, 执行GPU=0
构建量子线路...
量子线路构建完成
执行量子线路...
量子线路执行完成
执行时间: 0.480997 ms
传输时延: 0.009594 ms
计算时延: 0.456405 ms
规划时延: 0.0097 ms
HDD节点管理器已清空
CVStatePool 已重置
CVStatePool 销毁完成
CUDA设备检查: device_count=1, error=no error
CVStatePool 初始化完成: 单个qumode截断维度=16, 初始总维度=4096, 容量=64, 设备数=1
创建量子电路: 0 qubits, 3 qumodes, 截断维度=16, 执行GPU=0
构建量子线路...
量子线路构建完成
执行量子线路...
量子线路执行完成
执行时间: 0.473044 ms
传输时延: 0.009432 ms
计算时延: 0.450004 ms
规划时延: 0.008151 ms
HDD节点管理器已清空
CVStatePool 已重置
CVStatePool 销毁完成
CUDA设备检查: device_count=1, error=no error
CVStatePool 初始化完成: 单个qumode截断维度=16, 初始总维度=4096, 容量=64, 设备数=1
创建量子电路: 0 qubits, 3 qumodes, 截断维度=16, 执行GPU=0
构建量子线路...
量子线路构建完成
执行量子线路...
量子线路执行完成
执行时间: 0.475008 ms
传输时延: 0.00936 ms
计算时延: 0.453295 ms
规划时延: 0.007632 ms
HDD节点管理器已清空
CVStatePool 已重置
CVStatePool 销毁完成
CUDA设备检查: device_count=1, error=no error
CVStatePool 初始化完成: 单个qumode截断维度=16, 初始总维度=4096, 容量=64, 设备数=1
创建量子电路: 0 qubits, 3 qumodes, 截断维度=16, 执行GPU=0
构建量子线路...
量子线路构建完成
执行量子线路...
量子线路执行完成
执行时间: 0.483649 ms
传输时延: 0.015386 ms
计算时延: 0.45335 ms
规划时延: 0.009956 ms
HDD节点管理器已清空
CVStatePool 已重置
CVStatePool 销毁完成
CUDA设备检查: device_count=1, error=no error
CVStatePool 初始化完成: 单个qumode截断维度=16, 初始总维度=4096, 容量=64, 设备数=1
创建量子电路: 0 qubits, 3 qumodes, 截断维度=16, 执行GPU=0
构建量子线路...
量子线路构建完成
执行量子线路...
量子线路执行完成
执行时间: 0.459995 ms
传输时延: 0.009188 ms
计算时延: 0.438303 ms
规划时延: 0.008018 ms
HDD节点管理器已清空
CVStatePool 已重置
CVStatePool 销毁完成
CUDA设备检查: device_count=1, error=no error
CVStatePool 初始化完成: 单个qumode截断维度=16, 初始总维度=4096, 容量=64, 设备数=1
创建量子电路: 0 qubits, 3 qumodes, 截断维度=16, 执行GPU=0
构建量子线路...
量子线路构建完成
执行量子线路...
量子线路执行完成
执行时间: 0.464649 ms
传输时延: 0.009249 ms
计算时延: 0.44363 ms
规划时延: 0.007062 ms
HDD节点管理器已清空
CVStatePool 已重置
CVStatePool 销毁完成
CUDA设备检查: device_count=1, error=no error
CVStatePool 初始化完成: 单个qumode截断维度=16, 初始总维度=4096, 容量=64, 设备数=1
创建量子电路: 0 qubits, 3 qumodes, 截断维度=16, 执行GPU=0
构建量子线路...
量子线路构建完成
执行量子线路...
量子线路执行完成
执行时间: 0.47207 ms
传输时延: 0.009422 ms
计算时延: 0.450795 ms
规划时延: 0.007171 ms
HDD节点管理器已清空
CVStatePool 已重置
CVStatePool 销毁完成
CUDA设备检查: device_count=1, error=no error
CVStatePool 初始化完成: 单个qumode截断维度=16, 初始总维度=4096, 容量=64, 设备数=1
创建量子电路: 0 qubits, 3 qumodes, 截断维度=16, 执行GPU=0
构建量子线路...
量子线路构建完成
执行量子线路...
量子线路执行完成
执行时间: 0.460229 ms
传输时延: 0.0093 ms
计算时延: 0.43924 ms
规划时延: 0.007206 ms
HDD节点管理器已清空
CVStatePool 已重置
CVStatePool 销毁完成
CUDA设备检查: device_count=1, error=no error
CVStatePool 初始化完成: 单个qumode截断维度=16, 初始总维度=4096, 容量=64, 设备数=1
创建量子电路: 0 qubits, 3 qumodes, 截断维度=16, 执行GPU=0
构建量子线路...
量子线路构建完成
执行量子线路...
量子线路执行完成
执行时间: 0.466395 ms
传输时延: 0.009046 ms
计算时延: 0.445838 ms
规划时延: 0.006903 ms
HDD节点管理器已清空
CVStatePool 已重置
CVStatePool 销毁完成
CUDA设备检查: device_count=1, error=no error
CVStatePool 初始化完成: 单个qumode截断维度=16, 初始总维度=4096, 容量=64, 设备数=1
创建量子电路: 0 qubits, 3 qumodes, 截断维度=16, 执行GPU=0
构建量子线路...
量子线路构建完成
执行量子线路...
量子线路执行完成
执行时间: 0.489932 ms
传输时延: 0.009587 ms
计算时延: 0.467982 ms
规划时延: 0.00766 ms
HDD节点管理器已清空
CVStatePool 已重置
CVStatePool 销毁完成
CUDA设备检查: device_count=1, error=no error
CVStatePool 初始化完成: 单个qumode截断维度=16, 初始总维度=4096, 容量=64, 设备数=1
创建量子电路: 0 qubits, 3 qumodes, 截断维度=16, 执行GPU=0
构建量子线路...
量子线路构建完成
执行量子线路...
量子线路执行完成
执行时间: 0.445945 ms
传输时延: 0.008376 ms
计算时延: 0.425658 ms
规划时延: 0.007202 ms
HDD节点管理器已清空
CVStatePool 已重置
CVStatePool 销毁完成
Wrote experiment report to "experiments/results/ablation_v2/sc26_cv_qaoa_nm3_c16__no_symbolic.json"
Results: ok=1, unsupported=0, error=0
[DONE] sc26_cv_qaoa_nm3_c16__no_symbolic
[RUN] sc26_cv_qaoa_nm3_c16__no_symbolic_dense_fock
[GPUContext] Initialized with 1 device(s)
[MultiGPU] Initialized 1 GPU(s)
╔══════════════════════════════════════════════════╗
║          GPU Context Summary                    ║
╠══════════════════════════════════════════════════╣
║ GPU 0: NVIDIA L20                               ║
║   Compute: SM 8.9  |  SMs: 92    |  Warp: 32   ║
║   Memory:  45467 MiB total / 45177 MiB free    ║
║   SharedMem/Block:    48 KB  /SM:   100 KB    ║
╚══════════════════════════════════════════════════╝
CUDA设备检查: device_count=1, error=no error
CVStatePool 初始化完成: 单个qumode截断维度=16, 初始总维度=4096, 容量=64, 设备数=1
创建量子电路: 0 qubits, 3 qumodes, 截断维度=16, 执行GPU=0
构建量子线路...
量子线路构建完成
执行量子线路...
量子线路执行完成
执行时间: 3.41493 ms
传输时延: 0.01183 ms
计算时延: 2.9737 ms
规划时延: 0.013869 ms
HDD节点管理器已清空
CVStatePool 已重置
CVStatePool 销毁完成
CUDA设备检查: device_count=1, error=no error
CVStatePool 初始化完成: 单个qumode截断维度=16, 初始总维度=4096, 容量=64, 设备数=1
创建量子电路: 0 qubits, 3 qumodes, 截断维度=16, 执行GPU=0
构建量子线路...
量子线路构建完成
执行量子线路...
量子线路执行完成
执行时间: 3.07282 ms
传输时延: 0.010508 ms
计算时延: 2.62632 ms
规划时延: 0.009477 ms
HDD节点管理器已清空
CVStatePool 已重置
CVStatePool 销毁完成
CUDA设备检查: device_count=1, error=no error
CVStatePool 初始化完成: 单个qumode截断维度=16, 初始总维度=4096, 容量=64, 设备数=1
创建量子电路: 0 qubits, 3 qumodes, 截断维度=16, 执行GPU=0
构建量子线路...
量子线路构建完成
执行量子线路...
量子线路执行完成
执行时间: 3.06869 ms
传输时延: 0.01001 ms
计算时延: 2.62772 ms
规划时延: 0.008001 ms
HDD节点管理器已清空
CVStatePool 已重置
CVStatePool 销毁完成
CUDA设备检查: device_count=1, error=no error
CVStatePool 初始化完成: 单个qumode截断维度=16, 初始总维度=4096, 容量=64, 设备数=1
创建量子电路: 0 qubits, 3 qumodes, 截断维度=16, 执行GPU=0
构建量子线路...
量子线路构建完成
执行量子线路...
量子线路执行完成
执行时间: 3.06058 ms
传输时延: 0.009717 ms
计算时延: 2.62202 ms
规划时延: 0.007589 ms
HDD节点管理器已清空
CVStatePool 已重置
CVStatePool 销毁完成
CUDA设备检查: device_count=1, error=no error
CVStatePool 初始化完成: 单个qumode截断维度=16, 初始总维度=4096, 容量=64, 设备数=1
创建量子电路: 0 qubits, 3 qumodes, 截断维度=16, 执行GPU=0
构建量子线路...
量子线路构建完成
执行量子线路...
量子线路执行完成
执行时间: 3.06076 ms
传输时延: 0.00943 ms
计算时延: 2.61459 ms
规划时延: 0.007344 ms
HDD节点管理器已清空
CVStatePool 已重置
CVStatePool 销毁完成
CUDA设备检查: device_count=1, error=no error
CVStatePool 初始化完成: 单个qumode截断维度=16, 初始总维度=4096, 容量=64, 设备数=1
创建量子电路: 0 qubits, 3 qumodes, 截断维度=16, 执行GPU=0
构建量子线路...
量子线路构建完成
执行量子线路...
量子线路执行完成
执行时间: 3.06214 ms
传输时延: 0.010617 ms
计算时延: 2.61699 ms
规划时延: 0.008139 ms
HDD节点管理器已清空
CVStatePool 已重置
CVStatePool 销毁完成
CUDA设备检查: device_count=1, error=no error
CVStatePool 初始化完成: 单个qumode截断维度=16, 初始总维度=4096, 容量=64, 设备数=1
创建量子电路: 0 qubits, 3 qumodes, 截断维度=16, 执行GPU=0
构建量子线路...
量子线路构建完成
执行量子线路...
量子线路执行完成
执行时间: 3.06006 ms
传输时延: 0.009354 ms
计算时延: 2.62396 ms
规划时延: 0.007424 ms
HDD节点管理器已清空
CVStatePool 已重置
CVStatePool 销毁完成
CUDA设备检查: device_count=1, error=no error
CVStatePool 初始化完成: 单个qumode截断维度=16, 初始总维度=4096, 容量=64, 设备数=1
创建量子电路: 0 qubits, 3 qumodes, 截断维度=16, 执行GPU=0
构建量子线路...
量子线路构建完成
执行量子线路...
量子线路执行完成
执行时间: 3.0594 ms
传输时延: 0.00938 ms
计算时延: 2.61429 ms
规划时延: 0.007043 ms
HDD节点管理器已清空
CVStatePool 已重置
CVStatePool 销毁完成
CUDA设备检查: device_count=1, error=no error
CVStatePool 初始化完成: 单个qumode截断维度=16, 初始总维度=4096, 容量=64, 设备数=1
创建量子电路: 0 qubits, 3 qumodes, 截断维度=16, 执行GPU=0
构建量子线路...
量子线路构建完成
执行量子线路...
量子线路执行完成
执行时间: 3.06094 ms
传输时延: 0.009513 ms
计算时延: 2.61509 ms
规划时延: 0.007055 ms
HDD节点管理器已清空
CVStatePool 已重置
CVStatePool 销毁完成
CUDA设备检查: device_count=1, error=no error
CVStatePool 初始化完成: 单个qumode截断维度=16, 初始总维度=4096, 容量=64, 设备数=1
创建量子电路: 0 qubits, 3 qumodes, 截断维度=16, 执行GPU=0
构建量子线路...
量子线路构建完成
执行量子线路...
量子线路执行完成
执行时间: 3.06062 ms
传输时延: 0.009342 ms
计算时延: 2.61579 ms
规划时延: 0.006938 ms
HDD节点管理器已清空
CVStatePool 已重置
CVStatePool 销毁完成
CUDA设备检查: device_count=1, error=no error
CVStatePool 初始化完成: 单个qumode截断维度=16, 初始总维度=4096, 容量=64, 设备数=1
创建量子电路: 0 qubits, 3 qumodes, 截断维度=16, 执行GPU=0
构建量子线路...
量子线路构建完成
执行量子线路...
量子线路执行完成
执行时间: 3.06013 ms
传输时延: 0.009315 ms
计算时延: 2.61421 ms
规划时延: 0.006919 ms
HDD节点管理器已清空
CVStatePool 已重置
CVStatePool 销毁完成
CUDA设备检查: device_count=1, error=no error
CVStatePool 初始化完成: 单个qumode截断维度=16, 初始总维度=4096, 容量=64, 设备数=1
创建量子电路: 0 qubits, 3 qumodes, 截断维度=16, 执行GPU=0
构建量子线路...
量子线路构建完成
执行量子线路...
量子线路执行完成
执行时间: 3.05982 ms
传输时延: 0.009055 ms
计算时延: 2.61613 ms
规划时延: 0.007246 ms
HDD节点管理器已清空
CVStatePool 已重置
CVStatePool 销毁完成
Wrote experiment report to "experiments/results/ablation_v2/sc26_cv_qaoa_nm3_c16__no_symbolic_dense_fock.json"
Results: ok=1, unsupported=0, error=0
[DONE] sc26_cv_qaoa_nm3_c16__no_symbolic_dense_fock
[RUN] sc26_cv_qaoa_nm4_c16__full
[GPUContext] Initialized with 1 device(s)
[MultiGPU] Initialized 1 GPU(s)
╔══════════════════════════════════════════════════╗
║          GPU Context Summary                    ║
╠══════════════════════════════════════════════════╣
║ GPU 0: NVIDIA L20                               ║
║   Compute: SM 8.9  |  SMs: 92    |  Warp: 32   ║
║   Memory:  45467 MiB total / 45177 MiB free    ║
║   SharedMem/Block:    48 KB  /SM:   100 KB    ║
╚══════════════════════════════════════════════════╝
CUDA设备检查: device_count=1, error=no error
CVStatePool 初始化完成: 单个qumode截断维度=16, 初始总维度=65536, 容量=64, 设备数=1
创建量子电路: 0 qubits, 4 qumodes, 截断维度=16, 执行GPU=0
构建量子线路...
量子线路构建完成
执行量子线路...
GaussianStatePool initialized: 4 qumodes, 4096 capacity (refcount-enabled).
量子线路执行完成
执行时间: 0.917378 ms
传输时延: 0 ms
计算时延: 0.498555 ms
规划时延: 0.018959 ms
HDD节点管理器已清空
CVStatePool 已重置
CVStatePool 销毁完成
CUDA设备检查: device_count=1, error=no error
CVStatePool 初始化完成: 单个qumode截断维度=16, 初始总维度=65536, 容量=64, 设备数=1
创建量子电路: 0 qubits, 4 qumodes, 截断维度=16, 执行GPU=0
构建量子线路...
量子线路构建完成
执行量子线路...
GaussianStatePool initialized: 4 qumodes, 4096 capacity (refcount-enabled).
量子线路执行完成
执行时间: 0.495099 ms
传输时延: 0 ms
计算时延: 0.379151 ms
规划时延: 0.010663 ms
HDD节点管理器已清空
CVStatePool 已重置
CVStatePool 销毁完成
CUDA设备检查: device_count=1, error=no error
CVStatePool 初始化完成: 单个qumode截断维度=16, 初始总维度=65536, 容量=64, 设备数=1
创建量子电路: 0 qubits, 4 qumodes, 截断维度=16, 执行GPU=0
构建量子线路...
量子线路构建完成
执行量子线路...
GaussianStatePool initialized: 4 qumodes, 4096 capacity (refcount-enabled).
量子线路执行完成
执行时间: 0.5023 ms
传输时延: 0 ms
计算时延: 0.388588 ms
规划时延: 0.010446 ms
HDD节点管理器已清空
CVStatePool 已重置
CVStatePool 销毁完成
CUDA设备检查: device_count=1, error=no error
CVStatePool 初始化完成: 单个qumode截断维度=16, 初始总维度=65536, 容量=64, 设备数=1
创建量子电路: 0 qubits, 4 qumodes, 截断维度=16, 执行GPU=0
构建量子线路...
量子线路构建完成
执行量子线路...
GaussianStatePool initialized: 4 qumodes, 4096 capacity (refcount-enabled).
量子线路执行完成
执行时间: 0.502713 ms
传输时延: 0 ms
计算时延: 0.397437 ms
规划时延: 0.009165 ms
HDD节点管理器已清空
CVStatePool 已重置
CVStatePool 销毁完成
CUDA设备检查: device_count=1, error=no error
CVStatePool 初始化完成: 单个qumode截断维度=16, 初始总维度=65536, 容量=64, 设备数=1
创建量子电路: 0 qubits, 4 qumodes, 截断维度=16, 执行GPU=0
构建量子线路...
量子线路构建完成
执行量子线路...
GaussianStatePool initialized: 4 qumodes, 4096 capacity (refcount-enabled).
量子线路执行完成
执行时间: 0.488133 ms
传输时延: 0 ms
计算时延: 0.384386 ms
规划时延: 0.009315 ms
HDD节点管理器已清空
CVStatePool 已重置
CVStatePool 销毁完成
CUDA设备检查: device_count=1, error=no error
CVStatePool 初始化完成: 单个qumode截断维度=16, 初始总维度=65536, 容量=64, 设备数=1
创建量子电路: 0 qubits, 4 qumodes, 截断维度=16, 执行GPU=0
构建量子线路...
量子线路构建完成
执行量子线路...
GaussianStatePool initialized: 4 qumodes, 4096 capacity (refcount-enabled).
量子线路执行完成
执行时间: 0.502395 ms
传输时延: 0 ms
计算时延: 0.38809 ms
规划时延: 0.008777 ms
HDD节点管理器已清空
CVStatePool 已重置
CVStatePool 销毁完成
CUDA设备检查: device_count=1, error=no error
CVStatePool 初始化完成: 单个qumode截断维度=16, 初始总维度=65536, 容量=64, 设备数=1
创建量子电路: 0 qubits, 4 qumodes, 截断维度=16, 执行GPU=0
构建量子线路...
量子线路构建完成
执行量子线路...
GaussianStatePool initialized: 4 qumodes, 4096 capacity (refcount-enabled).
量子线路执行完成
执行时间: 0.493388 ms
传输时延: 0 ms
计算时延: 0.376741 ms
规划时延: 0.008929 ms
HDD节点管理器已清空
CVStatePool 已重置
CVStatePool 销毁完成
CUDA设备检查: device_count=1, error=no error
CVStatePool 初始化完成: 单个qumode截断维度=16, 初始总维度=65536, 容量=64, 设备数=1
创建量子电路: 0 qubits, 4 qumodes, 截断维度=16, 执行GPU=0
构建量子线路...
量子线路构建完成
执行量子线路...
GaussianStatePool initialized: 4 qumodes, 4096 capacity (refcount-enabled).
量子线路执行完成
执行时间: 0.499411 ms
传输时延: 0 ms
计算时延: 0.394834 ms
规划时延: 0.009525 ms
HDD节点管理器已清空
CVStatePool 已重置
CVStatePool 销毁完成
CUDA设备检查: device_count=1, error=no error
CVStatePool 初始化完成: 单个qumode截断维度=16, 初始总维度=65536, 容量=64, 设备数=1
创建量子电路: 0 qubits, 4 qumodes, 截断维度=16, 执行GPU=0
构建量子线路...
量子线路构建完成
执行量子线路...
GaussianStatePool initialized: 4 qumodes, 4096 capacity (refcount-enabled).
量子线路执行完成
执行时间: 0.488712 ms
传输时延: 0 ms
计算时延: 0.387431 ms
规划时延: 0.008905 ms
HDD节点管理器已清空
CVStatePool 已重置
CVStatePool 销毁完成
CUDA设备检查: device_count=1, error=no error
CVStatePool 初始化完成: 单个qumode截断维度=16, 初始总维度=65536, 容量=64, 设备数=1
创建量子电路: 0 qubits, 4 qumodes, 截断维度=16, 执行GPU=0
构建量子线路...
量子线路构建完成
执行量子线路...
GaussianStatePool initialized: 4 qumodes, 4096 capacity (refcount-enabled).
量子线路执行完成
执行时间: 0.48078 ms
传输时延: 0 ms
计算时延: 0.380555 ms
规划时延: 0.008839 ms
HDD节点管理器已清空
CVStatePool 已重置
CVStatePool 销毁完成
CUDA设备检查: device_count=1, error=no error
CVStatePool 初始化完成: 单个qumode截断维度=16, 初始总维度=65536, 容量=64, 设备数=1
创建量子电路: 0 qubits, 4 qumodes, 截断维度=16, 执行GPU=0
构建量子线路...
量子线路构建完成
执行量子线路...
GaussianStatePool initialized: 4 qumodes, 4096 capacity (refcount-enabled).
量子线路执行完成
执行时间: 0.47852 ms
传输时延: 0 ms
计算时延: 0.378145 ms
规划时延: 0.009004 ms
HDD节点管理器已清空
CVStatePool 已重置
CVStatePool 销毁完成
CUDA设备检查: device_count=1, error=no error
CVStatePool 初始化完成: 单个qumode截断维度=16, 初始总维度=65536, 容量=64, 设备数=1
创建量子电路: 0 qubits, 4 qumodes, 截断维度=16, 执行GPU=0
构建量子线路...
量子线路构建完成
执行量子线路...
GaussianStatePool initialized: 4 qumodes, 4096 capacity (refcount-enabled).
量子线路执行完成
执行时间: 0.472849 ms
传输时延: 0 ms
计算时延: 0.374571 ms
规划时延: 0.009028 ms
HDD节点管理器已清空
CVStatePool 已重置
CVStatePool 销毁完成
Wrote experiment report to "experiments/results/ablation_v2/sc26_cv_qaoa_nm4_c16__full.json"
Results: ok=1, unsupported=0, error=0
[DONE] sc26_cv_qaoa_nm4_c16__full
[RUN] sc26_cv_qaoa_nm4_c16__no_symbolic
[GPUContext] Initialized with 1 device(s)
[MultiGPU] Initialized 1 GPU(s)
╔══════════════════════════════════════════════════╗
║          GPU Context Summary                    ║
╠══════════════════════════════════════════════════╣
║ GPU 0: NVIDIA L20                               ║
║   Compute: SM 8.9  |  SMs: 92    |  Warp: 32   ║
║   Memory:  45467 MiB total / 45177 MiB free    ║
║   SharedMem/Block:    48 KB  /SM:   100 KB    ║
╚══════════════════════════════════════════════════╝
CUDA设备检查: device_count=1, error=no error
CVStatePool 初始化完成: 单个qumode截断维度=16, 初始总维度=65536, 容量=64, 设备数=1
创建量子电路: 0 qubits, 4 qumodes, 截断维度=16, 执行GPU=0
构建量子线路...
量子线路构建完成
执行量子线路...
量子线路执行完成
执行时间: 1.02914 ms
传输时延: 0.009853 ms
计算时延: 0.988314 ms
规划时延: 0.020372 ms
HDD节点管理器已清空
CVStatePool 已重置
CVStatePool 销毁完成
CUDA设备检查: device_count=1, error=no error
CVStatePool 初始化完成: 单个qumode截断维度=16, 初始总维度=65536, 容量=64, 设备数=1
创建量子电路: 0 qubits, 4 qumodes, 截断维度=16, 执行GPU=0
构建量子线路...
量子线路构建完成
执行量子线路...
量子线路执行完成
执行时间: 0.835227 ms
传输时延: 0.015898 ms
计算时延: 0.800645 ms
规划时延: 0.010908 ms
HDD节点管理器已清空
CVStatePool 已重置
CVStatePool 销毁完成
CUDA设备检查: device_count=1, error=no error
CVStatePool 初始化完成: 单个qumode截断维度=16, 初始总维度=65536, 容量=64, 设备数=1
创建量子电路: 0 qubits, 4 qumodes, 截断维度=16, 执行GPU=0
构建量子线路...
量子线路构建完成
执行量子线路...
量子线路执行完成
执行时间: 0.828947 ms
传输时延: 0.009694 ms
计算时延: 0.803198 ms
规划时延: 0.009603 ms
HDD节点管理器已清空
CVStatePool 已重置
CVStatePool 销毁完成
CUDA设备检查: device_count=1, error=no error
CVStatePool 初始化完成: 单个qumode截断维度=16, 初始总维度=65536, 容量=64, 设备数=1
创建量子电路: 0 qubits, 4 qumodes, 截断维度=16, 执行GPU=0
构建量子线路...
量子线路构建完成
执行量子线路...
量子线路执行完成
执行时间: 0.826623 ms
传输时延: 0.009795 ms
计算时延: 0.800775 ms
规划时延: 0.009274 ms
HDD节点管理器已清空
CVStatePool 已重置
CVStatePool 销毁完成
CUDA设备检查: device_count=1, error=no error
CVStatePool 初始化完成: 单个qumode截断维度=16, 初始总维度=65536, 容量=64, 设备数=1
创建量子电路: 0 qubits, 4 qumodes, 截断维度=16, 执行GPU=0
构建量子线路...
量子线路构建完成
执行量子线路...
量子线路执行完成
执行时间: 0.82778 ms
传输时延: 0.009547 ms
计算时延: 0.795758 ms
规划时延: 0.009195 ms
HDD节点管理器已清空
CVStatePool 已重置
CVStatePool 销毁完成
CUDA设备检查: device_count=1, error=no error
CVStatePool 初始化完成: 单个qumode截断维度=16, 初始总维度=65536, 容量=64, 设备数=1
创建量子电路: 0 qubits, 4 qumodes, 截断维度=16, 执行GPU=0
构建量子线路...
量子线路构建完成
执行量子线路...
量子线路执行完成
执行时间: 0.849543 ms
传输时延: 0.009651 ms
计算时延: 0.823986 ms
规划时延: 0.009474 ms
HDD节点管理器已清空
CVStatePool 已重置
CVStatePool 销毁完成
CUDA设备检查: device_count=1, error=no error
CVStatePool 初始化完成: 单个qumode截断维度=16, 初始总维度=65536, 容量=64, 设备数=1
创建量子电路: 0 qubits, 4 qumodes, 截断维度=16, 执行GPU=0
构建量子线路...
量子线路构建完成
执行量子线路...
量子线路执行完成
执行时间: 0.834173 ms
传输时延: 0.009669 ms
计算时延: 0.808657 ms
规划时延: 0.009083 ms
HDD节点管理器已清空
CVStatePool 已重置
CVStatePool 销毁完成
CUDA设备检查: device_count=1, error=no error
CVStatePool 初始化完成: 单个qumode截断维度=16, 初始总维度=65536, 容量=64, 设备数=1
创建量子电路: 0 qubits, 4 qumodes, 截断维度=16, 执行GPU=0
构建量子线路...
量子线路构建完成
执行量子线路...
量子线路执行完成
执行时间: 0.819987 ms
传输时延: 0.009427 ms
计算时延: 0.795203 ms
规划时延: 0.008617 ms
HDD节点管理器已清空
CVStatePool 已重置
CVStatePool 销毁完成
CUDA设备检查: device_count=1, error=no error
CVStatePool 初始化完成: 单个qumode截断维度=16, 初始总维度=65536, 容量=64, 设备数=1
创建量子电路: 0 qubits, 4 qumodes, 截断维度=16, 执行GPU=0
构建量子线路...
量子线路构建完成
执行量子线路...
量子线路执行完成
执行时间: 0.844626 ms
传输时延: 0.00995 ms
计算时延: 0.818801 ms
规划时延: 0.009069 ms
HDD节点管理器已清空
CVStatePool 已重置
CVStatePool 销毁完成
CUDA设备检查: device_count=1, error=no error
CVStatePool 初始化完成: 单个qumode截断维度=16, 初始总维度=65536, 容量=64, 设备数=1
创建量子电路: 0 qubits, 4 qumodes, 截断维度=16, 执行GPU=0
构建量子线路...
量子线路构建完成
执行量子线路...
量子线路执行完成
执行时间: 0.843903 ms
传输时延: 0.009795 ms
计算时延: 0.815969 ms
规划时延: 0.010263 ms
HDD节点管理器已清空
CVStatePool 已重置
CVStatePool 销毁完成
CUDA设备检查: device_count=1, error=no error
CVStatePool 初始化完成: 单个qumode截断维度=16, 初始总维度=65536, 容量=64, 设备数=1
创建量子电路: 0 qubits, 4 qumodes, 截断维度=16, 执行GPU=0
构建量子线路...
量子线路构建完成
执行量子线路...
量子线路执行完成
执行时间: 0.814126 ms
传输时延: 0.009389 ms
计算时延: 0.7892 ms
规划时延: 0.008803 ms
HDD节点管理器已清空
CVStatePool 已重置
CVStatePool 销毁完成
CUDA设备检查: device_count=1, error=no error
CVStatePool 初始化完成: 单个qumode截断维度=16, 初始总维度=65536, 容量=64, 设备数=1
创建量子电路: 0 qubits, 4 qumodes, 截断维度=16, 执行GPU=0
构建量子线路...
量子线路构建完成
执行量子线路...
量子线路执行完成
执行时间: 0.818442 ms
传输时延: 0.008817 ms
计算时延: 0.793661 ms
规划时延: 0.009556 ms
HDD节点管理器已清空
CVStatePool 已重置
CVStatePool 销毁完成
Wrote experiment report to "experiments/results/ablation_v2/sc26_cv_qaoa_nm4_c16__no_symbolic.json"
Results: ok=1, unsupported=0, error=0
[DONE] sc26_cv_qaoa_nm4_c16__no_symbolic
[RUN] sc26_cv_qaoa_nm4_c16__no_symbolic_dense_fock
[GPUContext] Initialized with 1 device(s)
[MultiGPU] Initialized 1 GPU(s)
╔══════════════════════════════════════════════════╗
║          GPU Context Summary                    ║
╠══════════════════════════════════════════════════╣
║ GPU 0: NVIDIA L20                               ║
║   Compute: SM 8.9  |  SMs: 92    |  Warp: 32   ║
║   Memory:  45467 MiB total / 45177 MiB free    ║
║   SharedMem/Block:    48 KB  /SM:   100 KB    ║
╚══════════════════════════════════════════════════╝
CUDA设备检查: device_count=1, error=no error
CVStatePool 初始化完成: 单个qumode截断维度=16, 初始总维度=65536, 容量=64, 设备数=1
创建量子电路: 0 qubits, 4 qumodes, 截断维度=16, 执行GPU=0
构建量子线路...
量子线路构建完成
执行量子线路...
量子线路执行完成
执行时间: 11.13 ms
传输时延: 0.010489 ms
计算时延: 10.6424 ms
规划时延: 0.02055 ms
HDD节点管理器已清空
CVStatePool 已重置
CVStatePool 销毁完成
CUDA设备检查: device_count=1, error=no error
CVStatePool 初始化完成: 单个qumode截断维度=16, 初始总维度=65536, 容量=64, 设备数=1
创建量子电路: 0 qubits, 4 qumodes, 截断维度=16, 执行GPU=0
构建量子线路...
量子线路构建完成
执行量子线路...
量子线路执行完成
执行时间: 10.773 ms
传输时延: 0.009797 ms
计算时延: 10.2883 ms
规划时延: 0.010781 ms
HDD节点管理器已清空
CVStatePool 已重置
CVStatePool 销毁完成
CUDA设备检查: device_count=1, error=no error
CVStatePool 初始化完成: 单个qumode截断维度=16, 初始总维度=65536, 容量=64, 设备数=1
创建量子电路: 0 qubits, 4 qumodes, 截断维度=16, 执行GPU=0
构建量子线路...
量子线路构建完成
执行量子线路...
量子线路执行完成
执行时间: 10.7715 ms
传输时延: 0.009316 ms
计算时延: 10.2945 ms
规划时延: 0.009122 ms
HDD节点管理器已清空
CVStatePool 已重置
CVStatePool 销毁完成
CUDA设备检查: device_count=1, error=no error
CVStatePool 初始化完成: 单个qumode截断维度=16, 初始总维度=65536, 容量=64, 设备数=1
创建量子电路: 0 qubits, 4 qumodes, 截断维度=16, 执行GPU=0
构建量子线路...
量子线路构建完成
执行量子线路...
量子线路执行完成
执行时间: 10.7707 ms
传输时延: 0.009741 ms
计算时延: 10.2811 ms
规划时延: 0.00865 ms
HDD节点管理器已清空
CVStatePool 已重置
CVStatePool 销毁完成
CUDA设备检查: device_count=1, error=no error
CVStatePool 初始化完成: 单个qumode截断维度=16, 初始总维度=65536, 容量=64, 设备数=1
创建量子电路: 0 qubits, 4 qumodes, 截断维度=16, 执行GPU=0
构建量子线路...
量子线路构建完成
执行量子线路...
量子线路执行完成
执行时间: 10.7765 ms
传输时延: 0.009478 ms
计算时延: 10.2849 ms
规划时延: 0.008383 ms
HDD节点管理器已清空
CVStatePool 已重置
CVStatePool 销毁完成
CUDA设备检查: device_count=1, error=no error
CVStatePool 初始化完成: 单个qumode截断维度=16, 初始总维度=65536, 容量=64, 设备数=1
创建量子电路: 0 qubits, 4 qumodes, 截断维度=16, 执行GPU=0
构建量子线路...
量子线路构建完成
执行量子线路...
量子线路执行完成
执行时间: 10.7804 ms
传输时延: 0.009695 ms
计算时延: 10.2962 ms
规划时延: 0.008373 ms
HDD节点管理器已清空
CVStatePool 已重置
CVStatePool 销毁完成
CUDA设备检查: device_count=1, error=no error
CVStatePool 初始化完成: 单个qumode截断维度=16, 初始总维度=65536, 容量=64, 设备数=1
创建量子电路: 0 qubits, 4 qumodes, 截断维度=16, 执行GPU=0
构建量子线路...
量子线路构建完成
执行量子线路...
量子线路执行完成
执行时间: 10.7701 ms
传输时延: 0.009564 ms
计算时延: 10.2886 ms
规划时延: 0.008748 ms
HDD节点管理器已清空
CVStatePool 已重置
CVStatePool 销毁完成
CUDA设备检查: device_count=1, error=no error
CVStatePool 初始化完成: 单个qumode截断维度=16, 初始总维度=65536, 容量=64, 设备数=1
创建量子电路: 0 qubits, 4 qumodes, 截断维度=16, 执行GPU=0
构建量子线路...
量子线路构建完成
执行量子线路...
量子线路执行完成
执行时间: 10.7675 ms
传输时延: 0.0094 ms
计算时延: 10.2783 ms
规划时延: 0.008392 ms
HDD节点管理器已清空
CVStatePool 已重置
CVStatePool 销毁完成
CUDA设备检查: device_count=1, error=no error
CVStatePool 初始化完成: 单个qumode截断维度=16, 初始总维度=65536, 容量=64, 设备数=1
创建量子电路: 0 qubits, 4 qumodes, 截断维度=16, 执行GPU=0
构建量子线路...
量子线路构建完成
执行量子线路...
量子线路执行完成
执行时间: 10.7656 ms
传输时延: 0.009202 ms
计算时延: 10.2766 ms
规划时延: 0.008155 ms
HDD节点管理器已清空
CVStatePool 已重置
CVStatePool 销毁完成
CUDA设备检查: device_count=1, error=no error
CVStatePool 初始化完成: 单个qumode截断维度=16, 初始总维度=65536, 容量=64, 设备数=1
创建量子电路: 0 qubits, 4 qumodes, 截断维度=16, 执行GPU=0
构建量子线路...
量子线路构建完成
执行量子线路...
量子线路执行完成
执行时间: 10.768 ms
传输时延: 0.009556 ms
计算时延: 10.2935 ms
规划时延: 0.00854 ms
HDD节点管理器已清空
CVStatePool 已重置
CVStatePool 销毁完成
CUDA设备检查: device_count=1, error=no error
CVStatePool 初始化完成: 单个qumode截断维度=16, 初始总维度=65536, 容量=64, 设备数=1
创建量子电路: 0 qubits, 4 qumodes, 截断维度=16, 执行GPU=0
构建量子线路...
量子线路构建完成
执行量子线路...
量子线路执行完成
执行时间: 10.7686 ms
传输时延: 0.009852 ms
计算时延: 10.2849 ms
规划时延: 0.008529 ms
HDD节点管理器已清空
CVStatePool 已重置
CVStatePool 销毁完成
CUDA设备检查: device_count=1, error=no error
CVStatePool 初始化完成: 单个qumode截断维度=16, 初始总维度=65536, 容量=64, 设备数=1
创建量子电路: 0 qubits, 4 qumodes, 截断维度=16, 执行GPU=0
构建量子线路...
量子线路构建完成
执行量子线路...
量子线路执行完成
执行时间: 10.767 ms
传输时延: 0.009317 ms
计算时延: 10.2815 ms
规划时延: 0.008383 ms
HDD节点管理器已清空
CVStatePool 已重置
CVStatePool 销毁完成
Wrote experiment report to "experiments/results/ablation_v2/sc26_cv_qaoa_nm4_c16__no_symbolic_dense_fock.json"
Results: ok=1, unsupported=0, error=0
[DONE] sc26_cv_qaoa_nm4_c16__no_symbolic_dense_fock
[RUN] sc26_cv_qaoa_nm5_c16__full
[GPUContext] Initialized with 1 device(s)
[MultiGPU] Initialized 1 GPU(s)
╔══════════════════════════════════════════════════╗
║          GPU Context Summary                    ║
╠══════════════════════════════════════════════════╣
║ GPU 0: NVIDIA L20                               ║
║   Compute: SM 8.9  |  SMs: 92    |  Warp: 32   ║
║   Memory:  45467 MiB total / 45177 MiB free    ║
║   SharedMem/Block:    48 KB  /SM:   100 KB    ║
╚══════════════════════════════════════════════════╝
CUDA设备检查: device_count=1, error=no error
CVStatePool 初始化完成: 单个qumode截断维度=16, 初始总维度=1048576, 容量=64, 设备数=1
创建量子电路: 0 qubits, 5 qumodes, 截断维度=16, 执行GPU=0
构建量子线路...
量子线路构建完成
执行量子线路...
GaussianStatePool initialized: 5 qumodes, 4096 capacity (refcount-enabled).
量子线路执行完成
执行时间: 1.10329 ms
传输时延: 0 ms
计算时延: 0.638515 ms
规划时延: 0.023768 ms
HDD节点管理器已清空
CVStatePool 已重置
CVStatePool 销毁完成
CUDA设备检查: device_count=1, error=no error
CVStatePool 初始化完成: 单个qumode截断维度=16, 初始总维度=1048576, 容量=64, 设备数=1
创建量子电路: 0 qubits, 5 qumodes, 截断维度=16, 执行GPU=0
构建量子线路...
量子线路构建完成
执行量子线路...
GaussianStatePool initialized: 5 qumodes, 4096 capacity (refcount-enabled).
量子线路执行完成
执行时间: 0.674224 ms
传输时延: 0 ms
计算时延: 0.511413 ms
规划时延: 0.013135 ms
HDD节点管理器已清空
CVStatePool 已重置
CVStatePool 销毁完成
CUDA设备检查: device_count=1, error=no error
CVStatePool 初始化完成: 单个qumode截断维度=16, 初始总维度=1048576, 容量=64, 设备数=1
创建量子电路: 0 qubits, 5 qumodes, 截断维度=16, 执行GPU=0
构建量子线路...
量子线路构建完成
执行量子线路...
GaussianStatePool initialized: 5 qumodes, 4096 capacity (refcount-enabled).
量子线路执行完成
执行时间: 0.652108 ms
传输时延: 0 ms
计算时延: 0.497564 ms
规划时延: 0.011371 ms
HDD节点管理器已清空
CVStatePool 已重置
CVStatePool 销毁完成
CUDA设备检查: device_count=1, error=no error
CVStatePool 初始化完成: 单个qumode截断维度=16, 初始总维度=1048576, 容量=64, 设备数=1
创建量子电路: 0 qubits, 5 qumodes, 截断维度=16, 执行GPU=0
构建量子线路...
量子线路构建完成
执行量子线路...
GaussianStatePool initialized: 5 qumodes, 4096 capacity (refcount-enabled).
量子线路执行完成
执行时间: 0.672536 ms
传输时延: 0 ms
计算时延: 0.508544 ms
规划时延: 0.020642 ms
HDD节点管理器已清空
CVStatePool 已重置
CVStatePool 销毁完成
CUDA设备检查: device_count=1, error=no error
CVStatePool 初始化完成: 单个qumode截断维度=16, 初始总维度=1048576, 容量=64, 设备数=1
创建量子电路: 0 qubits, 5 qumodes, 截断维度=16, 执行GPU=0
构建量子线路...
量子线路构建完成
执行量子线路...
GaussianStatePool initialized: 5 qumodes, 4096 capacity (refcount-enabled).
量子线路执行完成
执行时间: 0.651918 ms
传输时延: 0 ms
计算时延: 0.504631 ms
规划时延: 0.010588 ms
HDD节点管理器已清空
CVStatePool 已重置
CVStatePool 销毁完成
CUDA设备检查: device_count=1, error=no error
CVStatePool 初始化完成: 单个qumode截断维度=16, 初始总维度=1048576, 容量=64, 设备数=1
创建量子电路: 0 qubits, 5 qumodes, 截断维度=16, 执行GPU=0
构建量子线路...
量子线路构建完成
执行量子线路...
GaussianStatePool initialized: 5 qumodes, 4096 capacity (refcount-enabled).
量子线路执行完成
执行时间: 0.664506 ms
传输时延: 0 ms
计算时延: 0.512831 ms
规划时延: 0.010332 ms
HDD节点管理器已清空
CVStatePool 已重置
CVStatePool 销毁完成
CUDA设备检查: device_count=1, error=no error
CVStatePool 初始化完成: 单个qumode截断维度=16, 初始总维度=1048576, 容量=64, 设备数=1
创建量子电路: 0 qubits, 5 qumodes, 截断维度=16, 执行GPU=0
构建量子线路...
量子线路构建完成
执行量子线路...
GaussianStatePool initialized: 5 qumodes, 4096 capacity (refcount-enabled).
量子线路执行完成
执行时间: 0.659027 ms
传输时延: 0 ms
计算时延: 0.511882 ms
规划时延: 0.01046 ms
HDD节点管理器已清空
CVStatePool 已重置
CVStatePool 销毁完成
CUDA设备检查: device_count=1, error=no error
CVStatePool 初始化完成: 单个qumode截断维度=16, 初始总维度=1048576, 容量=64, 设备数=1
创建量子电路: 0 qubits, 5 qumodes, 截断维度=16, 执行GPU=0
构建量子线路...
量子线路构建完成
执行量子线路...
GaussianStatePool initialized: 5 qumodes, 4096 capacity (refcount-enabled).
量子线路执行完成
执行时间: 0.646837 ms
传输时延: 0 ms
计算时延: 0.503103 ms
规划时延: 0.010326 ms
HDD节点管理器已清空
CVStatePool 已重置
CVStatePool 销毁完成
CUDA设备检查: device_count=1, error=no error
CVStatePool 初始化完成: 单个qumode截断维度=16, 初始总维度=1048576, 容量=64, 设备数=1
创建量子电路: 0 qubits, 5 qumodes, 截断维度=16, 执行GPU=0
构建量子线路...
量子线路构建完成
执行量子线路...
GaussianStatePool initialized: 5 qumodes, 4096 capacity (refcount-enabled).
量子线路执行完成
执行时间: 0.662228 ms
传输时延: 0 ms
计算时延: 0.514026 ms
规划时延: 0.010971 ms
HDD节点管理器已清空
CVStatePool 已重置
CVStatePool 销毁完成
CUDA设备检查: device_count=1, error=no error
CVStatePool 初始化完成: 单个qumode截断维度=16, 初始总维度=1048576, 容量=64, 设备数=1
创建量子电路: 0 qubits, 5 qumodes, 截断维度=16, 执行GPU=0
构建量子线路...
量子线路构建完成
执行量子线路...
GaussianStatePool initialized: 5 qumodes, 4096 capacity (refcount-enabled).
量子线路执行完成
执行时间: 0.655412 ms
传输时延: 0 ms
计算时延: 0.51008 ms
规划时延: 0.010676 ms
HDD节点管理器已清空
CVStatePool 已重置
CVStatePool 销毁完成
CUDA设备检查: device_count=1, error=no error
CVStatePool 初始化完成: 单个qumode截断维度=16, 初始总维度=1048576, 容量=64, 设备数=1
创建量子电路: 0 qubits, 5 qumodes, 截断维度=16, 执行GPU=0
构建量子线路...
量子线路构建完成
执行量子线路...
GaussianStatePool initialized: 5 qumodes, 4096 capacity (refcount-enabled).
量子线路执行完成
执行时间: 0.659109 ms
传输时延: 0 ms
计算时延: 0.509549 ms
规划时延: 0.010662 ms
HDD节点管理器已清空
CVStatePool 已重置
CVStatePool 销毁完成
CUDA设备检查: device_count=1, error=no error
CVStatePool 初始化完成: 单个qumode截断维度=16, 初始总维度=1048576, 容量=64, 设备数=1
创建量子电路: 0 qubits, 5 qumodes, 截断维度=16, 执行GPU=0
构建量子线路...
量子线路构建完成
执行量子线路...
GaussianStatePool initialized: 5 qumodes, 4096 capacity (refcount-enabled).
量子线路执行完成
执行时间: 0.658734 ms
传输时延: 0 ms
计算时延: 0.512325 ms
规划时延: 0.010967 ms
HDD节点管理器已清空
CVStatePool 已重置
CVStatePool 销毁完成
Wrote experiment report to "experiments/results/ablation_v2/sc26_cv_qaoa_nm5_c16__full.json"
Results: ok=1, unsupported=0, error=0
[DONE] sc26_cv_qaoa_nm5_c16__full
[RUN] sc26_cv_qaoa_nm5_c16__no_symbolic
[GPUContext] Initialized with 1 device(s)
[MultiGPU] Initialized 1 GPU(s)
╔══════════════════════════════════════════════════╗
║          GPU Context Summary                    ║
╠══════════════════════════════════════════════════╣
║ GPU 0: NVIDIA L20                               ║
║   Compute: SM 8.9  |  SMs: 92    |  Warp: 32   ║
║   Memory:  45467 MiB total / 45177 MiB free    ║
║   SharedMem/Block:    48 KB  /SM:   100 KB    ║
╚══════════════════════════════════════════════════╝
CUDA设备检查: device_count=1, error=no error
CVStatePool 初始化完成: 单个qumode截断维度=16, 初始总维度=1048576, 容量=64, 设备数=1
创建量子电路: 0 qubits, 5 qumodes, 截断维度=16, 执行GPU=0
构建量子线路...
量子线路构建完成
执行量子线路...
量子线路执行完成
执行时间: 5.45145 ms
传输时延: 0.010949 ms
计算时延: 5.40699 ms
规划时延: 0.022476 ms
HDD节点管理器已清空
CVStatePool 已重置
CVStatePool 销毁完成
CUDA设备检查: device_count=1, error=no error
CVStatePool 初始化完成: 单个qumode截断维度=16, 初始总维度=1048576, 容量=64, 设备数=1
创建量子电路: 0 qubits, 5 qumodes, 截断维度=16, 执行GPU=0
构建量子线路...
量子线路构建完成
执行量子线路...
量子线路执行完成
执行时间: 5.28044 ms
传输时延: 0.010924 ms
计算时延: 5.24437 ms
规划时延: 0.016186 ms
HDD节点管理器已清空
CVStatePool 已重置
CVStatePool 销毁完成
CUDA设备检查: device_count=1, error=no error
CVStatePool 初始化完成: 单个qumode截断维度=16, 初始总维度=1048576, 容量=64, 设备数=1
创建量子电路: 0 qubits, 5 qumodes, 截断维度=16, 执行GPU=0
构建量子线路...
量子线路构建完成
执行量子线路...
量子线路执行完成
执行时间: 5.2817 ms
传输时延: 0.010809 ms
计算时延: 5.24865 ms
规划时延: 0.014023 ms
HDD节点管理器已清空
CVStatePool 已重置
CVStatePool 销毁完成
CUDA设备检查: device_count=1, error=no error
CVStatePool 初始化完成: 单个qumode截断维度=16, 初始总维度=1048576, 容量=64, 设备数=1
创建量子电路: 0 qubits, 5 qumodes, 截断维度=16, 执行GPU=0
构建量子线路...
量子线路构建完成
执行量子线路...
量子线路执行完成
执行时间: 5.28136 ms
传输时延: 0.01806 ms
计算时延: 5.24342 ms
规划时延: 0.012399 ms
HDD节点管理器已清空
CVStatePool 已重置
CVStatePool 销毁完成
CUDA设备检查: device_count=1, error=no error
CVStatePool 初始化完成: 单个qumode截断维度=16, 初始总维度=1048576, 容量=64, 设备数=1
创建量子电路: 0 qubits, 5 qumodes, 截断维度=16, 执行GPU=0
构建量子线路...
量子线路构建完成
执行量子线路...
量子线路执行完成
执行时间: 5.26347 ms
传输时延: 0.011021 ms
计算时延: 5.23318 ms
规划时延: 0.011583 ms
HDD节点管理器已清空
CVStatePool 已重置
CVStatePool 销毁完成
CUDA设备检查: device_count=1, error=no error
CVStatePool 初始化完成: 单个qumode截断维度=16, 初始总维度=1048576, 容量=64, 设备数=1
创建量子电路: 0 qubits, 5 qumodes, 截断维度=16, 执行GPU=0
构建量子线路...
量子线路构建完成
执行量子线路...
量子线路执行完成
执行时间: 5.27034 ms
传输时延: 0.010032 ms
计算时延: 5.2424 ms
规划时延: 0.011072 ms
HDD节点管理器已清空
CVStatePool 已重置
CVStatePool 销毁完成
CUDA设备检查: device_count=1, error=no error
CVStatePool 初始化完成: 单个qumode截断维度=16, 初始总维度=1048576, 容量=64, 设备数=1
创建量子电路: 0 qubits, 5 qumodes, 截断维度=16, 执行GPU=0
构建量子线路...
量子线路构建完成
执行量子线路...
量子线路执行完成
执行时间: 5.27075 ms
传输时延: 0.010487 ms
计算时延: 5.24261 ms
规划时延: 0.010726 ms
HDD节点管理器已清空
CVStatePool 已重置
CVStatePool 销毁完成
CUDA设备检查: device_count=1, error=no error
CVStatePool 初始化完成: 单个qumode截断维度=16, 初始总维度=1048576, 容量=64, 设备数=1
创建量子电路: 0 qubits, 5 qumodes, 截断维度=16, 执行GPU=0
构建量子线路...
量子线路构建完成
执行量子线路...
量子线路执行完成
执行时间: 5.24841 ms
传输时延: 0.010309 ms
计算时延: 5.21981 ms
规划时延: 0.010995 ms
HDD节点管理器已清空
CVStatePool 已重置
CVStatePool 销毁完成
CUDA设备检查: device_count=1, error=no error
CVStatePool 初始化完成: 单个qumode截断维度=16, 初始总维度=1048576, 容量=64, 设备数=1
创建量子电路: 0 qubits, 5 qumodes, 截断维度=16, 执行GPU=0
构建量子线路...
量子线路构建完成
执行量子线路...
量子线路执行完成
执行时间: 5.25562 ms
传输时延: 0.010627 ms
计算时延: 5.22682 ms
规划时延: 0.010704 ms
HDD节点管理器已清空
CVStatePool 已重置
CVStatePool 销毁完成
CUDA设备检查: device_count=1, error=no error
CVStatePool 初始化完成: 单个qumode截断维度=16, 初始总维度=1048576, 容量=64, 设备数=1
创建量子电路: 0 qubits, 5 qumodes, 截断维度=16, 执行GPU=0
构建量子线路...
量子线路构建完成
执行量子线路...
量子线路执行完成
执行时间: 5.24123 ms
传输时延: 0.010324 ms
计算时延: 5.21318 ms
规划时延: 0.01041 ms
HDD节点管理器已清空
CVStatePool 已重置
CVStatePool 销毁完成
CUDA设备检查: device_count=1, error=no error
CVStatePool 初始化完成: 单个qumode截断维度=16, 初始总维度=1048576, 容量=64, 设备数=1
创建量子电路: 0 qubits, 5 qumodes, 截断维度=16, 执行GPU=0
构建量子线路...
量子线路构建完成
执行量子线路...
量子线路执行完成
执行时间: 5.25638 ms
传输时延: 0.010718 ms
计算时延: 5.22805 ms
规划时延: 0.010645 ms
HDD节点管理器已清空
CVStatePool 已重置
CVStatePool 销毁完成
CUDA设备检查: device_count=1, error=no error
CVStatePool 初始化完成: 单个qumode截断维度=16, 初始总维度=1048576, 容量=64, 设备数=1
创建量子电路: 0 qubits, 5 qumodes, 截断维度=16, 执行GPU=0
构建量子线路...
量子线路构建完成
执行量子线路...
量子线路执行完成
执行时间: 5.24871 ms
传输时延: 0.010558 ms
计算时延: 5.22019 ms
规划时延: 0.010695 ms
HDD节点管理器已清空
CVStatePool 已重置
CVStatePool 销毁完成
Wrote experiment report to "experiments/results/ablation_v2/sc26_cv_qaoa_nm5_c16__no_symbolic.json"
Results: ok=1, unsupported=0, error=0
[DONE] sc26_cv_qaoa_nm5_c16__no_symbolic
[RUN] sc26_cv_qaoa_nm5_c16__no_symbolic_dense_fock
[GPUContext] Initialized with 1 device(s)
[MultiGPU] Initialized 1 GPU(s)
╔══════════════════════════════════════════════════╗
║          GPU Context Summary                    ║
╠══════════════════════════════════════════════════╣
║ GPU 0: NVIDIA L20                               ║
║   Compute: SM 8.9  |  SMs: 92    |  Warp: 32   ║
║   Memory:  45467 MiB total / 45177 MiB free    ║
║   SharedMem/Block:    48 KB  /SM:   100 KB    ║
╚══════════════════════════════════════════════════╝
CUDA设备检查: device_count=1, error=no error
CVStatePool 初始化完成: 单个qumode截断维度=16, 初始总维度=1048576, 容量=64, 设备数=1
创建量子电路: 0 qubits, 5 qumodes, 截断维度=16, 执行GPU=0
构建量子线路...
量子线路构建完成
执行量子线路...
量子线路执行完成
执行时间: 192.748 ms
传输时延: 0.011638 ms
计算时延: 190.409 ms
规划时延: 0.022321 ms
HDD节点管理器已清空
CVStatePool 已重置
CVStatePool 销毁完成
CUDA设备检查: device_count=1, error=no error
CVStatePool 初始化完成: 单个qumode截断维度=16, 初始总维度=1048576, 容量=64, 设备数=1
创建量子电路: 0 qubits, 5 qumodes, 截断维度=16, 执行GPU=0
构建量子线路...
量子线路构建完成
执行量子线路...
量子线路执行完成
执行时间: 192.426 ms
传输时延: 0.01673 ms
计算时延: 190.078 ms
规划时延: 0.01632 ms
HDD节点管理器已清空
CVStatePool 已重置
CVStatePool 销毁完成
CUDA设备检查: device_count=1, error=no error
CVStatePool 初始化完成: 单个qumode截断维度=16, 初始总维度=1048576, 容量=64, 设备数=1
创建量子电路: 0 qubits, 5 qumodes, 截断维度=16, 执行GPU=0
构建量子线路...
量子线路构建完成
执行量子线路...
量子线路执行完成
执行时间: 192.459 ms
传输时延: 0.012467 ms
计算时延: 190.123 ms
规划时延: 0.015738 ms
HDD节点管理器已清空
CVStatePool 已重置
CVStatePool 销毁完成
CUDA设备检查: device_count=1, error=no error
CVStatePool 初始化完成: 单个qumode截断维度=16, 初始总维度=1048576, 容量=64, 设备数=1
创建量子电路: 0 qubits, 5 qumodes, 截断维度=16, 执行GPU=0
构建量子线路...
量子线路构建完成
执行量子线路...
量子线路执行完成
执行时间: 192.435 ms
传输时延: 0.013128 ms
计算时延: 190.101 ms
规划时延: 0.018049 ms
HDD节点管理器已清空
CVStatePool 已重置
CVStatePool 销毁完成
CUDA设备检查: device_count=1, error=no error
CVStatePool 初始化完成: 单个qumode截断维度=16, 初始总维度=1048576, 容量=64, 设备数=1
创建量子电路: 0 qubits, 5 qumodes, 截断维度=16, 执行GPU=0
构建量子线路...
量子线路构建完成
执行量子线路...
量子线路执行完成
执行时间: 192.427 ms
传输时延: 0.012088 ms
计算时延: 190.084 ms
规划时延: 0.018598 ms
HDD节点管理器已清空
CVStatePool 已重置
CVStatePool 销毁完成
CUDA设备检查: device_count=1, error=no error
CVStatePool 初始化完成: 单个qumode截断维度=16, 初始总维度=1048576, 容量=64, 设备数=1
创建量子电路: 0 qubits, 5 qumodes, 截断维度=16, 执行GPU=0
构建量子线路...
量子线路构建完成
执行量子线路...
量子线路执行完成
执行时间: 192.421 ms
传输时延: 0.012434 ms
计算时延: 190.099 ms
规划时延: 0.015728 ms
HDD节点管理器已清空
CVStatePool 已重置
CVStatePool 销毁完成
CUDA设备检查: device_count=1, error=no error
CVStatePool 初始化完成: 单个qumode截断维度=16, 初始总维度=1048576, 容量=64, 设备数=1
创建量子电路: 0 qubits, 5 qumodes, 截断维度=16, 执行GPU=0
构建量子线路...
量子线路构建完成
执行量子线路...
量子线路执行完成
执行时间: 192.417 ms
传输时延: 0.011763 ms
计算时延: 190.092 ms
规划时延: 0.014129 ms
HDD节点管理器已清空
CVStatePool 已重置
CVStatePool 销毁完成
CUDA设备检查: device_count=1, error=no error
CVStatePool 初始化完成: 单个qumode截断维度=16, 初始总维度=1048576, 容量=64, 设备数=1
创建量子电路: 0 qubits, 5 qumodes, 截断维度=16, 执行GPU=0
构建量子线路...
量子线路构建完成
执行量子线路...
量子线路执行完成
执行时间: 192.42 ms
传输时延: 0.01199 ms
计算时延: 190.083 ms
规划时延: 0.013763 ms
HDD节点管理器已清空
CVStatePool 已重置
CVStatePool 销毁完成
CUDA设备检查: device_count=1, error=no error
CVStatePool 初始化完成: 单个qumode截断维度=16, 初始总维度=1048576, 容量=64, 设备数=1
创建量子电路: 0 qubits, 5 qumodes, 截断维度=16, 执行GPU=0
构建量子线路...
量子线路构建完成
执行量子线路...
量子线路执行完成
执行时间: 192.412 ms
传输时延: 0.011176 ms
计算时延: 190.07 ms
规划时延: 0.014899 ms
HDD节点管理器已清空
CVStatePool 已重置
CVStatePool 销毁完成
CUDA设备检查: device_count=1, error=no error
CVStatePool 初始化完成: 单个qumode截断维度=16, 初始总维度=1048576, 容量=64, 设备数=1
创建量子电路: 0 qubits, 5 qumodes, 截断维度=16, 执行GPU=0
构建量子线路...
量子线路构建完成
执行量子线路...
量子线路执行完成
执行时间: 192.413 ms
传输时延: 0.011218 ms
计算时延: 190.071 ms
规划时延: 0.013144 ms
HDD节点管理器已清空
CVStatePool 已重置
CVStatePool 销毁完成
CUDA设备检查: device_count=1, error=no error
CVStatePool 初始化完成: 单个qumode截断维度=16, 初始总维度=1048576, 容量=64, 设备数=1
创建量子电路: 0 qubits, 5 qumodes, 截断维度=16, 执行GPU=0
构建量子线路...
量子线路构建完成
执行量子线路...
量子线路执行完成
执行时间: 192.411 ms
传输时延: 0.012183 ms
计算时延: 190.068 ms
规划时延: 0.013345 ms
HDD节点管理器已清空
CVStatePool 已重置
CVStatePool 销毁完成
CUDA设备检查: device_count=1, error=no error
CVStatePool 初始化完成: 单个qumode截断维度=16, 初始总维度=1048576, 容量=64, 设备数=1
创建量子电路: 0 qubits, 5 qumodes, 截断维度=16, 执行GPU=0
构建量子线路...
量子线路构建完成
执行量子线路...
量子线路执行完成
执行时间: 192.42 ms
传输时延: 0.012188 ms
计算时延: 190.091 ms
规划时延: 0.014929 ms
HDD节点管理器已清空
CVStatePool 已重置
CVStatePool 销毁完成
Wrote experiment report to "experiments/results/ablation_v2/sc26_cv_qaoa_nm5_c16__no_symbolic_dense_fock.json"
Results: ok=1, unsupported=0, error=0
[DONE] sc26_cv_qaoa_nm5_c16__no_symbolic_dense_fock
[RUN] sc26_jch_nq4_nm2_c16__full
[GPUContext] Initialized with 1 device(s)
[MultiGPU] Initialized 1 GPU(s)
╔══════════════════════════════════════════════════╗
║          GPU Context Summary                    ║
╠══════════════════════════════════════════════════╣
║ GPU 0: NVIDIA L20                               ║
║   Compute: SM 8.9  |  SMs: 92    |  Warp: 32   ║
║   Memory:  45467 MiB total / 45177 MiB free    ║
║   SharedMem/Block:    48 KB  /SM:   100 KB    ║
╚══════════════════════════════════════════════════╝
CUDA设备检查: device_count=1, error=no error
CVStatePool 初始化完成: 单个qumode截断维度=16, 初始总维度=256, 容量=128, 设备数=1
创建量子电路: 4 qubits, 2 qumodes, 截断维度=16, 执行GPU=0
构建量子线路...
量子线路构建完成
执行量子线路...
块级编译-执行流水线已启用，块数=16
GaussianStatePool initialized: 2 qumodes, 4096 capacity (refcount-enabled).
量子线路执行完成
执行时间: 6.35763 ms
传输时延: 0.040787 ms
计算时延: 0.408777 ms
规划时延: 0.086353 ms
HDD节点管理器已清空
CVStatePool 已重置
CVStatePool 销毁完成
CUDA设备检查: device_count=1, error=no error
CVStatePool 初始化完成: 单个qumode截断维度=16, 初始总维度=256, 容量=128, 设备数=1
创建量子电路: 4 qubits, 2 qumodes, 截断维度=16, 执行GPU=0
构建量子线路...
量子线路构建完成
执行量子线路...
块级编译-执行流水线已启用，块数=16
GaussianStatePool initialized: 2 qumodes, 4096 capacity (refcount-enabled).
量子线路执行完成
执行时间: 5.03646 ms
传输时延: 0.039299 ms
计算时延: 0.277494 ms
规划时延: 0.042267 ms
HDD节点管理器已清空
CVStatePool 已重置
CVStatePool 销毁完成
CUDA设备检查: device_count=1, error=no error
CVStatePool 初始化完成: 单个qumode截断维度=16, 初始总维度=256, 容量=128, 设备数=1
创建量子电路: 4 qubits, 2 qumodes, 截断维度=16, 执行GPU=0
构建量子线路...
量子线路构建完成
执行量子线路...
块级编译-执行流水线已启用，块数=16
GaussianStatePool initialized: 2 qumodes, 4096 capacity (refcount-enabled).
量子线路执行完成
执行时间: 5.02348 ms
传输时延: 0.038394 ms
计算时延: 0.277331 ms
规划时延: 0.037964 ms
HDD节点管理器已清空
CVStatePool 已重置
CVStatePool 销毁完成
CUDA设备检查: device_count=1, error=no error
CVStatePool 初始化完成: 单个qumode截断维度=16, 初始总维度=256, 容量=128, 设备数=1
创建量子电路: 4 qubits, 2 qumodes, 截断维度=16, 执行GPU=0
构建量子线路...
量子线路构建完成
执行量子线路...
块级编译-执行流水线已启用，块数=16
GaussianStatePool initialized: 2 qumodes, 4096 capacity (refcount-enabled).
量子线路执行完成
执行时间: 4.96849 ms
传输时延: 0.040408 ms
计算时延: 0.27748 ms
规划时延: 0.04112 ms
HDD节点管理器已清空
CVStatePool 已重置
CVStatePool 销毁完成
CUDA设备检查: device_count=1, error=no error
CVStatePool 初始化完成: 单个qumode截断维度=16, 初始总维度=256, 容量=128, 设备数=1
创建量子电路: 4 qubits, 2 qumodes, 截断维度=16, 执行GPU=0
构建量子线路...
量子线路构建完成
执行量子线路...
块级编译-执行流水线已启用，块数=16
GaussianStatePool initialized: 2 qumodes, 4096 capacity (refcount-enabled).
量子线路执行完成
执行时间: 4.99906 ms
传输时延: 0.041394 ms
计算时延: 0.309707 ms
规划时延: 0.040476 ms
HDD节点管理器已清空
CVStatePool 已重置
CVStatePool 销毁完成
CUDA设备检查: device_count=1, error=no error
CVStatePool 初始化完成: 单个qumode截断维度=16, 初始总维度=256, 容量=128, 设备数=1
创建量子电路: 4 qubits, 2 qumodes, 截断维度=16, 执行GPU=0
构建量子线路...
量子线路构建完成
执行量子线路...
块级编译-执行流水线已启用，块数=16
GaussianStatePool initialized: 2 qumodes, 4096 capacity (refcount-enabled).
量子线路执行完成
执行时间: 5.02163 ms
传输时延: 0.038402 ms
计算时延: 0.284319 ms
规划时延: 0.041133 ms
HDD节点管理器已清空
CVStatePool 已重置
CVStatePool 销毁完成
CUDA设备检查: device_count=1, error=no error
CVStatePool 初始化完成: 单个qumode截断维度=16, 初始总维度=256, 容量=128, 设备数=1
创建量子电路: 4 qubits, 2 qumodes, 截断维度=16, 执行GPU=0
构建量子线路...
量子线路构建完成
执行量子线路...
块级编译-执行流水线已启用，块数=16
GaussianStatePool initialized: 2 qumodes, 4096 capacity (refcount-enabled).
量子线路执行完成
执行时间: 5.00334 ms
传输时延: 0.037568 ms
计算时延: 0.274934 ms
规划时延: 0.039631 ms
HDD节点管理器已清空
CVStatePool 已重置
CVStatePool 销毁完成
CUDA设备检查: device_count=1, error=no error
CVStatePool 初始化完成: 单个qumode截断维度=16, 初始总维度=256, 容量=128, 设备数=1
创建量子电路: 4 qubits, 2 qumodes, 截断维度=16, 执行GPU=0
构建量子线路...
量子线路构建完成
执行量子线路...
块级编译-执行流水线已启用，块数=16
GaussianStatePool initialized: 2 qumodes, 4096 capacity (refcount-enabled).
量子线路执行完成
执行时间: 4.97405 ms
传输时延: 0.036154 ms
计算时延: 0.275824 ms
规划时延: 0.038749 ms
HDD节点管理器已清空
CVStatePool 已重置
CVStatePool 销毁完成
CUDA设备检查: device_count=1, error=no error
CVStatePool 初始化完成: 单个qumode截断维度=16, 初始总维度=256, 容量=128, 设备数=1
创建量子电路: 4 qubits, 2 qumodes, 截断维度=16, 执行GPU=0
构建量子线路...
量子线路构建完成
执行量子线路...
块级编译-执行流水线已启用，块数=16
GaussianStatePool initialized: 2 qumodes, 4096 capacity (refcount-enabled).
量子线路执行完成
执行时间: 5.0112 ms
传输时延: 0.037855 ms
计算时延: 0.29036 ms
规划时延: 0.044387 ms
HDD节点管理器已清空
CVStatePool 已重置
CVStatePool 销毁完成
CUDA设备检查: device_count=1, error=no error
CVStatePool 初始化完成: 单个qumode截断维度=16, 初始总维度=256, 容量=128, 设备数=1
创建量子电路: 4 qubits, 2 qumodes, 截断维度=16, 执行GPU=0
构建量子线路...
量子线路构建完成
执行量子线路...
块级编译-执行流水线已启用，块数=16
GaussianStatePool initialized: 2 qumodes, 4096 capacity (refcount-enabled).
量子线路执行完成
执行时间: 4.99658 ms
传输时延: 0.038462 ms
计算时延: 0.282034 ms
规划时延: 0.039204 ms
HDD节点管理器已清空
CVStatePool 已重置
CVStatePool 销毁完成
CUDA设备检查: device_count=1, error=no error
CVStatePool 初始化完成: 单个qumode截断维度=16, 初始总维度=256, 容量=128, 设备数=1
创建量子电路: 4 qubits, 2 qumodes, 截断维度=16, 执行GPU=0
构建量子线路...
量子线路构建完成
执行量子线路...
块级编译-执行流水线已启用，块数=16
GaussianStatePool initialized: 2 qumodes, 4096 capacity (refcount-enabled).
量子线路执行完成
执行时间: 4.97469 ms
传输时延: 0.045068 ms
计算时延: 0.28248 ms
规划时延: 0.039569 ms
HDD节点管理器已清空
CVStatePool 已重置
CVStatePool 销毁完成
CUDA设备检查: device_count=1, error=no error
CVStatePool 初始化完成: 单个qumode截断维度=16, 初始总维度=256, 容量=128, 设备数=1
创建量子电路: 4 qubits, 2 qumodes, 截断维度=16, 执行GPU=0
构建量子线路...
量子线路构建完成
执行量子线路...
块级编译-执行流水线已启用，块数=16
GaussianStatePool initialized: 2 qumodes, 4096 capacity (refcount-enabled).
量子线路执行完成
执行时间: 4.99352 ms
传输时延: 0.050902 ms
计算时延: 0.285131 ms
规划时延: 0.045128 ms
HDD节点管理器已清空
CVStatePool 已重置
CVStatePool 销毁完成
Wrote experiment report to "experiments/results/ablation_v2/sc26_jch_nq4_nm2_c16__full.json"
Results: ok=1, unsupported=0, error=0
[DONE] sc26_jch_nq4_nm2_c16__full
[RUN] sc26_jch_nq4_nm2_c16__no_symbolic
[GPUContext] Initialized with 1 device(s)
[MultiGPU] Initialized 1 GPU(s)
╔══════════════════════════════════════════════════╗
║          GPU Context Summary                    ║
╠══════════════════════════════════════════════════╣
║ GPU 0: NVIDIA L20                               ║
║   Compute: SM 8.9  |  SMs: 92    |  Warp: 32   ║
║   Memory:  45467 MiB total / 45177 MiB free    ║
║   SharedMem/Block:    48 KB  /SM:   100 KB    ║
╚══════════════════════════════════════════════════╝
CUDA设备检查: device_count=1, error=no error
CVStatePool 初始化完成: 单个qumode截断维度=16, 初始总维度=256, 容量=128, 设备数=1
创建量子电路: 4 qubits, 2 qumodes, 截断维度=16, 执行GPU=0
构建量子线路...
量子线路构建完成
执行量子线路...
块级编译-执行流水线已启用，块数=16
量子线路执行完成
执行时间: 4.51969 ms
传输时延: 0.091049 ms
计算时延: 0.910261 ms
规划时延: 0.079124 ms
HDD节点管理器已清空
CVStatePool 已重置
CVStatePool 销毁完成
CUDA设备检查: device_count=1, error=no error
CVStatePool 初始化完成: 单个qumode截断维度=16, 初始总维度=256, 容量=128, 设备数=1
创建量子电路: 4 qubits, 2 qumodes, 截断维度=16, 执行GPU=0
构建量子线路...
量子线路构建完成
执行量子线路...
块级编译-执行流水线已启用，块数=16
量子线路执行完成
执行时间: 3.39968 ms
传输时延: 0.085072 ms
计算时延: 0.085683 ms
规划时延: 0.043783 ms
HDD节点管理器已清空
CVStatePool 已重置
CVStatePool 销毁完成
CUDA设备检查: device_count=1, error=no error
CVStatePool 初始化完成: 单个qumode截断维度=16, 初始总维度=256, 容量=128, 设备数=1
创建量子电路: 4 qubits, 2 qumodes, 截断维度=16, 执行GPU=0
构建量子线路...
量子线路构建完成
执行量子线路...
块级编译-执行流水线已启用，块数=16
量子线路执行完成
执行时间: 3.3335 ms
传输时延: 0.078644 ms
计算时延: 0.082885 ms
规划时延: 0.048745 ms
HDD节点管理器已清空
CVStatePool 已重置
CVStatePool 销毁完成
CUDA设备检查: device_count=1, error=no error
CVStatePool 初始化完成: 单个qumode截断维度=16, 初始总维度=256, 容量=128, 设备数=1
创建量子电路: 4 qubits, 2 qumodes, 截断维度=16, 执行GPU=0
构建量子线路...
量子线路构建完成
执行量子线路...
块级编译-执行流水线已启用，块数=16
量子线路执行完成
执行时间: 3.32443 ms
传输时延: 0.078245 ms
计算时延: 0.080651 ms
规划时延: 0.039744 ms
HDD节点管理器已清空
CVStatePool 已重置
CVStatePool 销毁完成
CUDA设备检查: device_count=1, error=no error
CVStatePool 初始化完成: 单个qumode截断维度=16, 初始总维度=256, 容量=128, 设备数=1
创建量子电路: 4 qubits, 2 qumodes, 截断维度=16, 执行GPU=0
构建量子线路...
量子线路构建完成
执行量子线路...
块级编译-执行流水线已启用，块数=16
量子线路执行完成
执行时间: 3.37207 ms
传输时延: 0.085589 ms
计算时延: 0.08403 ms
规划时延: 0.045813 ms
HDD节点管理器已清空
CVStatePool 已重置
CVStatePool 销毁完成
CUDA设备检查: device_count=1, error=no error
CVStatePool 初始化完成: 单个qumode截断维度=16, 初始总维度=256, 容量=128, 设备数=1
创建量子电路: 4 qubits, 2 qumodes, 截断维度=16, 执行GPU=0
构建量子线路...
量子线路构建完成
执行量子线路...
块级编译-执行流水线已启用，块数=16
量子线路执行完成
执行时间: 3.39142 ms
传输时延: 0.081014 ms
计算时延: 0.088015 ms
规划时延: 0.038946 ms
HDD节点管理器已清空
CVStatePool 已重置
CVStatePool 销毁完成
CUDA设备检查: device_count=1, error=no error
CVStatePool 初始化完成: 单个qumode截断维度=16, 初始总维度=256, 容量=128, 设备数=1
创建量子电路: 4 qubits, 2 qumodes, 截断维度=16, 执行GPU=0
构建量子线路...
量子线路构建完成
执行量子线路...
块级编译-执行流水线已启用，块数=16
量子线路执行完成
执行时间: 3.37502 ms
传输时延: 0.081318 ms
计算时延: 0.081227 ms
规划时延: 0.039072 ms
HDD节点管理器已清空
CVStatePool 已重置
CVStatePool 销毁完成
CUDA设备检查: device_count=1, error=no error
CVStatePool 初始化完成: 单个qumode截断维度=16, 初始总维度=256, 容量=128, 设备数=1
创建量子电路: 4 qubits, 2 qumodes, 截断维度=16, 执行GPU=0
构建量子线路...
量子线路构建完成
执行量子线路...
块级编译-执行流水线已启用，块数=16
量子线路执行完成
执行时间: 3.38868 ms
传输时延: 0.082526 ms
计算时延: 0.08372 ms
规划时延: 0.04079 ms
HDD节点管理器已清空
CVStatePool 已重置
CVStatePool 销毁完成
CUDA设备检查: device_count=1, error=no error
CVStatePool 初始化完成: 单个qumode截断维度=16, 初始总维度=256, 容量=128, 设备数=1
创建量子电路: 4 qubits, 2 qumodes, 截断维度=16, 执行GPU=0
构建量子线路...
量子线路构建完成
执行量子线路...
块级编译-执行流水线已启用，块数=16
量子线路执行完成
执行时间: 3.32096 ms
传输时延: 0.078515 ms
计算时延: 0.092035 ms
规划时延: 0.04012 ms
HDD节点管理器已清空
CVStatePool 已重置
CVStatePool 销毁完成
CUDA设备检查: device_count=1, error=no error
CVStatePool 初始化完成: 单个qumode截断维度=16, 初始总维度=256, 容量=128, 设备数=1
创建量子电路: 4 qubits, 2 qumodes, 截断维度=16, 执行GPU=0
构建量子线路...
量子线路构建完成
执行量子线路...
块级编译-执行流水线已启用，块数=16
量子线路执行完成
执行时间: 3.3695 ms
传输时延: 0.080742 ms
计算时延: 0.082133 ms
规划时延: 0.036901 ms
HDD节点管理器已清空
CVStatePool 已重置
CVStatePool 销毁完成
CUDA设备检查: device_count=1, error=no error
CVStatePool 初始化完成: 单个qumode截断维度=16, 初始总维度=256, 容量=128, 设备数=1
创建量子电路: 4 qubits, 2 qumodes, 截断维度=16, 执行GPU=0
构建量子线路...
量子线路构建完成
执行量子线路...
块级编译-执行流水线已启用，块数=16
量子线路执行完成
执行时间: 3.35512 ms
传输时延: 0.082397 ms
计算时延: 0.100137 ms
规划时延: 0.04177 ms
HDD节点管理器已清空
CVStatePool 已重置
CVStatePool 销毁完成
CUDA设备检查: device_count=1, error=no error
CVStatePool 初始化完成: 单个qumode截断维度=16, 初始总维度=256, 容量=128, 设备数=1
创建量子电路: 4 qubits, 2 qumodes, 截断维度=16, 执行GPU=0
构建量子线路...
量子线路构建完成
执行量子线路...
块级编译-执行流水线已启用，块数=16
量子线路执行完成
执行时间: 3.35318 ms
传输时延: 0.081088 ms
计算时延: 0.088901 ms
规划时延: 0.036748 ms
HDD节点管理器已清空
CVStatePool 已重置
CVStatePool 销毁完成
Wrote experiment report to "experiments/results/ablation_v2/sc26_jch_nq4_nm2_c16__no_symbolic.json"
Results: ok=1, unsupported=0, error=0
[DONE] sc26_jch_nq4_nm2_c16__no_symbolic
[RUN] sc26_jch_nq4_nm2_c16__no_symbolic_dense_fock
[GPUContext] Initialized with 1 device(s)
[MultiGPU] Initialized 1 GPU(s)
╔══════════════════════════════════════════════════╗
║          GPU Context Summary                    ║
╠══════════════════════════════════════════════════╣
║ GPU 0: NVIDIA L20                               ║
║   Compute: SM 8.9  |  SMs: 92    |  Warp: 32   ║
║   Memory:  45467 MiB total / 45177 MiB free    ║
║   SharedMem/Block:    48 KB  /SM:   100 KB    ║
╚══════════════════════════════════════════════════╝
CUDA设备检查: device_count=1, error=no error
CVStatePool 初始化完成: 单个qumode截断维度=16, 初始总维度=256, 容量=128, 设备数=1
创建量子电路: 4 qubits, 2 qumodes, 截断维度=16, 执行GPU=0
构建量子线路...
量子线路构建完成
执行量子线路...
块级编译-执行流水线已启用，块数=16
量子线路执行完成
执行时间: 5.7888 ms
传输时延: 0.086734 ms
计算时延: 2.18732 ms
规划时延: 0.079419 ms
HDD节点管理器已清空
CVStatePool 已重置
CVStatePool 销毁完成
CUDA设备检查: device_count=1, error=no error
CVStatePool 初始化完成: 单个qumode截断维度=16, 初始总维度=256, 容量=128, 设备数=1
创建量子电路: 4 qubits, 2 qumodes, 截断维度=16, 执行GPU=0
构建量子线路...
量子线路构建完成
执行量子线路...
块级编译-执行流水线已启用，块数=16
量子线路执行完成
执行时间: 4.50942 ms
传输时延: 0.08289 ms
计算时延: 1.20679 ms
规划时延: 0.040901 ms
HDD节点管理器已清空
CVStatePool 已重置
CVStatePool 销毁完成
CUDA设备检查: device_count=1, error=no error
CVStatePool 初始化完成: 单个qumode截断维度=16, 初始总维度=256, 容量=128, 设备数=1
创建量子电路: 4 qubits, 2 qumodes, 截断维度=16, 执行GPU=0
构建量子线路...
量子线路构建完成
执行量子线路...
块级编译-执行流水线已启用，块数=16
量子线路执行完成
执行时间: 4.46493 ms
传输时延: 0.08214 ms
计算时延: 1.18932 ms
规划时延: 0.047027 ms
HDD节点管理器已清空
CVStatePool 已重置
CVStatePool 销毁完成
CUDA设备检查: device_count=1, error=no error
CVStatePool 初始化完成: 单个qumode截断维度=16, 初始总维度=256, 容量=128, 设备数=1
创建量子电路: 4 qubits, 2 qumodes, 截断维度=16, 执行GPU=0
构建量子线路...
量子线路构建完成
执行量子线路...
块级编译-执行流水线已启用，块数=16
量子线路执行完成
执行时间: 4.41515 ms
传输时延: 0.082509 ms
计算时延: 1.15436 ms
规划时延: 0.037515 ms
HDD节点管理器已清空
CVStatePool 已重置
CVStatePool 销毁完成
CUDA设备检查: device_count=1, error=no error
CVStatePool 初始化完成: 单个qumode截断维度=16, 初始总维度=256, 容量=128, 设备数=1
创建量子电路: 4 qubits, 2 qumodes, 截断维度=16, 执行GPU=0
构建量子线路...
量子线路构建完成
执行量子线路...
块级编译-执行流水线已启用，块数=16
量子线路执行完成
执行时间: 4.39661 ms
传输时延: 0.081313 ms
计算时延: 1.15026 ms
规划时延: 0.039565 ms
HDD节点管理器已清空
CVStatePool 已重置
CVStatePool 销毁完成
CUDA设备检查: device_count=1, error=no error
CVStatePool 初始化完成: 单个qumode截断维度=16, 初始总维度=256, 容量=128, 设备数=1
创建量子电路: 4 qubits, 2 qumodes, 截断维度=16, 执行GPU=0
构建量子线路...
量子线路构建完成
执行量子线路...
块级编译-执行流水线已启用，块数=16
量子线路执行完成
执行时间: 4.41186 ms
传输时延: 0.081786 ms
计算时延: 1.14588 ms
规划时延: 0.039552 ms
HDD节点管理器已清空
CVStatePool 已重置
CVStatePool 销毁完成
CUDA设备检查: device_count=1, error=no error
CVStatePool 初始化完成: 单个qumode截断维度=16, 初始总维度=256, 容量=128, 设备数=1
创建量子电路: 4 qubits, 2 qumodes, 截断维度=16, 执行GPU=0
构建量子线路...
量子线路构建完成
执行量子线路...
块级编译-执行流水线已启用，块数=16
量子线路执行完成
执行时间: 4.40984 ms
传输时延: 0.081748 ms
计算时延: 1.14791 ms
规划时延: 0.040416 ms
HDD节点管理器已清空
CVStatePool 已重置
CVStatePool 销毁完成
CUDA设备检查: device_count=1, error=no error
CVStatePool 初始化完成: 单个qumode截断维度=16, 初始总维度=256, 容量=128, 设备数=1
创建量子电路: 4 qubits, 2 qumodes, 截断维度=16, 执行GPU=0
构建量子线路...
量子线路构建完成
执行量子线路...
块级编译-执行流水线已启用，块数=16
量子线路执行完成
执行时间: 4.42112 ms
传输时延: 0.083176 ms
计算时延: 1.15602 ms
规划时延: 0.041219 ms
HDD节点管理器已清空
CVStatePool 已重置
CVStatePool 销毁完成
CUDA设备检查: device_count=1, error=no error
CVStatePool 初始化完成: 单个qumode截断维度=16, 初始总维度=256, 容量=128, 设备数=1
创建量子电路: 4 qubits, 2 qumodes, 截断维度=16, 执行GPU=0
构建量子线路...
量子线路构建完成
执行量子线路...
块级编译-执行流水线已启用，块数=16
量子线路执行完成
执行时间: 4.40038 ms
传输时延: 0.079998 ms
计算时延: 1.14532 ms
规划时延: 0.046543 ms
HDD节点管理器已清空
CVStatePool 已重置
CVStatePool 销毁完成
CUDA设备检查: device_count=1, error=no error
CVStatePool 初始化完成: 单个qumode截断维度=16, 初始总维度=256, 容量=128, 设备数=1
创建量子电路: 4 qubits, 2 qumodes, 截断维度=16, 执行GPU=0
构建量子线路...
量子线路构建完成
执行量子线路...
块级编译-执行流水线已启用，块数=16
量子线路执行完成
执行时间: 4.42158 ms
传输时延: 0.082796 ms
计算时延: 1.14519 ms
规划时延: 0.038828 ms
HDD节点管理器已清空
CVStatePool 已重置
CVStatePool 销毁完成
CUDA设备检查: device_count=1, error=no error
CVStatePool 初始化完成: 单个qumode截断维度=16, 初始总维度=256, 容量=128, 设备数=1
创建量子电路: 4 qubits, 2 qumodes, 截断维度=16, 执行GPU=0
构建量子线路...
量子线路构建完成
执行量子线路...
块级编译-执行流水线已启用，块数=16
量子线路执行完成
执行时间: 4.41958 ms
传输时延: 0.081623 ms
计算时延: 1.14367 ms
规划时延: 0.037286 ms
HDD节点管理器已清空
CVStatePool 已重置
CVStatePool 销毁完成
CUDA设备检查: device_count=1, error=no error
CVStatePool 初始化完成: 单个qumode截断维度=16, 初始总维度=256, 容量=128, 设备数=1
创建量子电路: 4 qubits, 2 qumodes, 截断维度=16, 执行GPU=0
构建量子线路...
量子线路构建完成
执行量子线路...
块级编译-执行流水线已启用，块数=16
量子线路执行完成
执行时间: 4.31973 ms
传输时延: 0.079671 ms
计算时延: 1.13374 ms
规划时延: 0.03753 ms
HDD节点管理器已清空
CVStatePool 已重置
CVStatePool 销毁完成
Wrote experiment report to "experiments/results/ablation_v2/sc26_jch_nq4_nm2_c16__no_symbolic_dense_fock.json"
Results: ok=1, unsupported=0, error=0
[DONE] sc26_jch_nq4_nm2_c16__no_symbolic_dense_fock
[RUN] sc26_jch_nq4_nm3_c16__full
[GPUContext] Initialized with 1 device(s)
[MultiGPU] Initialized 1 GPU(s)
╔══════════════════════════════════════════════════╗
║          GPU Context Summary                    ║
╠══════════════════════════════════════════════════╣
║ GPU 0: NVIDIA L20                               ║
║   Compute: SM 8.9  |  SMs: 92    |  Warp: 32   ║
║   Memory:  45467 MiB total / 45177 MiB free    ║
║   SharedMem/Block:    48 KB  /SM:   100 KB    ║
╚══════════════════════════════════════════════════╝
CUDA设备检查: device_count=1, error=no error
CVStatePool 初始化完成: 单个qumode截断维度=16, 初始总维度=4096, 容量=128, 设备数=1
创建量子电路: 4 qubits, 3 qumodes, 截断维度=16, 执行GPU=0
构建量子线路...
量子线路构建完成
执行量子线路...
块级编译-执行流水线已启用，块数=16
GaussianStatePool initialized: 3 qumodes, 4096 capacity (refcount-enabled).
量子线路执行完成
执行时间: 10.8675 ms
传输时延: 0.036587 ms
计算时延: 0.613751 ms
规划时延: 0.098221 ms
HDD节点管理器已清空
CVStatePool 已重置
CVStatePool 销毁完成
CUDA设备检查: device_count=1, error=no error
CVStatePool 初始化完成: 单个qumode截断维度=16, 初始总维度=4096, 容量=128, 设备数=1
创建量子电路: 4 qubits, 3 qumodes, 截断维度=16, 执行GPU=0
构建量子线路...
量子线路构建完成
执行量子线路...
块级编译-执行流水线已启用，块数=16
GaussianStatePool initialized: 3 qumodes, 4096 capacity (refcount-enabled).
量子线路执行完成
执行时间: 9.48539 ms
传输时延: 0.038188 ms
计算时延: 0.486089 ms
规划时延: 0.048572 ms
HDD节点管理器已清空
CVStatePool 已重置
CVStatePool 销毁完成
CUDA设备检查: device_count=1, error=no error
CVStatePool 初始化完成: 单个qumode截断维度=16, 初始总维度=4096, 容量=128, 设备数=1
创建量子电路: 4 qubits, 3 qumodes, 截断维度=16, 执行GPU=0
构建量子线路...
量子线路构建完成
执行量子线路...
块级编译-执行流水线已启用，块数=16
GaussianStatePool initialized: 3 qumodes, 4096 capacity (refcount-enabled).
量子线路执行完成
执行时间: 9.43734 ms
传输时延: 0.037873 ms
计算时延: 0.465152 ms
规划时延: 0.04638 ms
HDD节点管理器已清空
CVStatePool 已重置
CVStatePool 销毁完成
CUDA设备检查: device_count=1, error=no error
CVStatePool 初始化完成: 单个qumode截断维度=16, 初始总维度=4096, 容量=128, 设备数=1
创建量子电路: 4 qubits, 3 qumodes, 截断维度=16, 执行GPU=0
构建量子线路...
量子线路构建完成
执行量子线路...
块级编译-执行流水线已启用，块数=16
GaussianStatePool initialized: 3 qumodes, 4096 capacity (refcount-enabled).
量子线路执行完成
执行时间: 9.47908 ms
传输时延: 0.03916 ms
计算时延: 0.473323 ms
规划时延: 0.045807 ms
HDD节点管理器已清空
CVStatePool 已重置
CVStatePool 销毁完成
CUDA设备检查: device_count=1, error=no error
CVStatePool 初始化完成: 单个qumode截断维度=16, 初始总维度=4096, 容量=128, 设备数=1
创建量子电路: 4 qubits, 3 qumodes, 截断维度=16, 执行GPU=0
构建量子线路...
量子线路构建完成
执行量子线路...
块级编译-执行流水线已启用，块数=16
GaussianStatePool initialized: 3 qumodes, 4096 capacity (refcount-enabled).
量子线路执行完成
执行时间: 9.38732 ms
传输时延: 0.038207 ms
计算时延: 0.471851 ms
规划时延: 0.044885 ms
HDD节点管理器已清空
CVStatePool 已重置
CVStatePool 销毁完成
CUDA设备检查: device_count=1, error=no error
CVStatePool 初始化完成: 单个qumode截断维度=16, 初始总维度=4096, 容量=128, 设备数=1
创建量子电路: 4 qubits, 3 qumodes, 截断维度=16, 执行GPU=0
构建量子线路...
量子线路构建完成
执行量子线路...
块级编译-执行流水线已启用，块数=16
GaussianStatePool initialized: 3 qumodes, 4096 capacity (refcount-enabled).
量子线路执行完成
执行时间: 9.48074 ms
传输时延: 0.039612 ms
计算时延: 0.496289 ms
规划时延: 0.046218 ms
HDD节点管理器已清空
CVStatePool 已重置
CVStatePool 销毁完成
CUDA设备检查: device_count=1, error=no error
CVStatePool 初始化完成: 单个qumode截断维度=16, 初始总维度=4096, 容量=128, 设备数=1
创建量子电路: 4 qubits, 3 qumodes, 截断维度=16, 执行GPU=0
构建量子线路...
量子线路构建完成
执行量子线路...
块级编译-执行流水线已启用，块数=16
GaussianStatePool initialized: 3 qumodes, 4096 capacity (refcount-enabled).
量子线路执行完成
执行时间: 9.43528 ms
传输时延: 0.037969 ms
计算时延: 0.464256 ms
规划时延: 0.046978 ms
HDD节点管理器已清空
CVStatePool 已重置
CVStatePool 销毁完成
CUDA设备检查: device_count=1, error=no error
CVStatePool 初始化完成: 单个qumode截断维度=16, 初始总维度=4096, 容量=128, 设备数=1
创建量子电路: 4 qubits, 3 qumodes, 截断维度=16, 执行GPU=0
构建量子线路...
量子线路构建完成
执行量子线路...
块级编译-执行流水线已启用，块数=16
GaussianStatePool initialized: 3 qumodes, 4096 capacity (refcount-enabled).
量子线路执行完成
执行时间: 9.4272 ms
传输时延: 0.038678 ms
计算时延: 0.476967 ms
规划时延: 0.047721 ms
HDD节点管理器已清空
CVStatePool 已重置
CVStatePool 销毁完成
CUDA设备检查: device_count=1, error=no error
CVStatePool 初始化完成: 单个qumode截断维度=16, 初始总维度=4096, 容量=128, 设备数=1
创建量子电路: 4 qubits, 3 qumodes, 截断维度=16, 执行GPU=0
构建量子线路...
量子线路构建完成
执行量子线路...
块级编译-执行流水线已启用，块数=16
GaussianStatePool initialized: 3 qumodes, 4096 capacity (refcount-enabled).
量子线路执行完成
执行时间: 9.43605 ms
传输时延: 0.037897 ms
计算时延: 0.475883 ms
规划时延: 0.046452 ms
HDD节点管理器已清空
CVStatePool 已重置
CVStatePool 销毁完成
CUDA设备检查: device_count=1, error=no error
CVStatePool 初始化完成: 单个qumode截断维度=16, 初始总维度=4096, 容量=128, 设备数=1
创建量子电路: 4 qubits, 3 qumodes, 截断维度=16, 执行GPU=0
构建量子线路...
量子线路构建完成
执行量子线路...
块级编译-执行流水线已启用，块数=16
GaussianStatePool initialized: 3 qumodes, 4096 capacity (refcount-enabled).
量子线路执行完成
执行时间: 9.32707 ms
传输时延: 0.037928 ms
计算时延: 0.485497 ms
规划时延: 0.046328 ms
HDD节点管理器已清空
CVStatePool 已重置
CVStatePool 销毁完成
CUDA设备检查: device_count=1, error=no error
CVStatePool 初始化完成: 单个qumode截断维度=16, 初始总维度=4096, 容量=128, 设备数=1
创建量子电路: 4 qubits, 3 qumodes, 截断维度=16, 执行GPU=0
构建量子线路...
量子线路构建完成
执行量子线路...
块级编译-执行流水线已启用，块数=16
GaussianStatePool initialized: 3 qumodes, 4096 capacity (refcount-enabled).
量子线路执行完成
执行时间: 9.4486 ms
传输时延: 0.038557 ms
计算时延: 0.477718 ms
规划时延: 0.045073 ms
HDD节点管理器已清空
CVStatePool 已重置
CVStatePool 销毁完成
CUDA设备检查: device_count=1, error=no error
CVStatePool 初始化完成: 单个qumode截断维度=16, 初始总维度=4096, 容量=128, 设备数=1
创建量子电路: 4 qubits, 3 qumodes, 截断维度=16, 执行GPU=0
构建量子线路...
量子线路构建完成
执行量子线路...
块级编译-执行流水线已启用，块数=16
GaussianStatePool initialized: 3 qumodes, 4096 capacity (refcount-enabled).
量子线路执行完成
执行时间: 9.4315 ms
传输时延: 0.050879 ms
计算时延: 0.485722 ms
规划时延: 0.045792 ms
HDD节点管理器已清空
CVStatePool 已重置
CVStatePool 销毁完成
Wrote experiment report to "experiments/results/ablation_v2/sc26_jch_nq4_nm3_c16__full.json"
Results: ok=1, unsupported=0, error=0
[DONE] sc26_jch_nq4_nm3_c16__full
[RUN] sc26_jch_nq4_nm3_c16__no_symbolic
[GPUContext] Initialized with 1 device(s)
[MultiGPU] Initialized 1 GPU(s)
╔══════════════════════════════════════════════════╗
║          GPU Context Summary                    ║
╠══════════════════════════════════════════════════╣
║ GPU 0: NVIDIA L20                               ║
║   Compute: SM 8.9  |  SMs: 92    |  Warp: 32   ║
║   Memory:  45467 MiB total / 45177 MiB free    ║
║   SharedMem/Block:    48 KB  /SM:   100 KB    ║
╚══════════════════════════════════════════════════╝
CUDA设备检查: device_count=1, error=no error
CVStatePool 初始化完成: 单个qumode截断维度=16, 初始总维度=4096, 容量=128, 设备数=1
创建量子电路: 4 qubits, 3 qumodes, 截断维度=16, 执行GPU=0
构建量子线路...
量子线路构建完成
执行量子线路...
块级编译-执行流水线已启用，块数=16
量子线路执行完成
执行时间: 9.90123 ms
传输时延: 0.086392 ms
计算时延: 1.01156 ms
规划时延: 0.099147 ms
HDD节点管理器已清空
CVStatePool 已重置
CVStatePool 销毁完成
CUDA设备检查: device_count=1, error=no error
CVStatePool 初始化完成: 单个qumode截断维度=16, 初始总维度=4096, 容量=128, 设备数=1
创建量子电路: 4 qubits, 3 qumodes, 截断维度=16, 执行GPU=0
构建量子线路...
量子线路构建完成
执行量子线路...
块级编译-执行流水线已启用，块数=16
量子线路执行完成
执行时间: 8.7308 ms
传输时延: 0.084471 ms
计算时延: 0.151538 ms
规划时延: 0.05254 ms
HDD节点管理器已清空
CVStatePool 已重置
CVStatePool 销毁完成
CUDA设备检查: device_count=1, error=no error
CVStatePool 初始化完成: 单个qumode截断维度=16, 初始总维度=4096, 容量=128, 设备数=1
创建量子电路: 4 qubits, 3 qumodes, 截断维度=16, 执行GPU=0
构建量子线路...
量子线路构建完成
执行量子线路...
块级编译-执行流水线已启用，块数=16
量子线路执行完成
执行时间: 8.67092 ms
传输时延: 0.082047 ms
计算时延: 0.148513 ms
规划时延: 0.047352 ms
HDD节点管理器已清空
CVStatePool 已重置
CVStatePool 销毁完成
CUDA设备检查: device_count=1, error=no error
CVStatePool 初始化完成: 单个qumode截断维度=16, 初始总维度=4096, 容量=128, 设备数=1
创建量子电路: 4 qubits, 3 qumodes, 截断维度=16, 执行GPU=0
构建量子线路...
量子线路构建完成
执行量子线路...
块级编译-执行流水线已启用，块数=16
量子线路执行完成
执行时间: 8.72845 ms
传输时延: 0.084261 ms
计算时延: 0.155705 ms
规划时延: 0.047075 ms
HDD节点管理器已清空
CVStatePool 已重置
CVStatePool 销毁完成
CUDA设备检查: device_count=1, error=no error
CVStatePool 初始化完成: 单个qumode截断维度=16, 初始总维度=4096, 容量=128, 设备数=1
创建量子电路: 4 qubits, 3 qumodes, 截断维度=16, 执行GPU=0
构建量子线路...
量子线路构建完成
执行量子线路...
块级编译-执行流水线已启用，块数=16
量子线路执行完成
执行时间: 8.67158 ms
传输时延: 0.081341 ms
计算时延: 0.148892 ms
规划时延: 0.04491 ms
HDD节点管理器已清空
CVStatePool 已重置
CVStatePool 销毁完成
CUDA设备检查: device_count=1, error=no error
CVStatePool 初始化完成: 单个qumode截断维度=16, 初始总维度=4096, 容量=128, 设备数=1
创建量子电路: 4 qubits, 3 qumodes, 截断维度=16, 执行GPU=0
构建量子线路...
量子线路构建完成
执行量子线路...
块级编译-执行流水线已启用，块数=16
量子线路执行完成
执行时间: 8.73453 ms
传输时延: 0.085012 ms
计算时延: 0.168176 ms
规划时延: 0.04758 ms
HDD节点管理器已清空
CVStatePool 已重置
CVStatePool 销毁完成
CUDA设备检查: device_count=1, error=no error
CVStatePool 初始化完成: 单个qumode截断维度=16, 初始总维度=4096, 容量=128, 设备数=1
创建量子电路: 4 qubits, 3 qumodes, 截断维度=16, 执行GPU=0
构建量子线路...
量子线路构建完成
执行量子线路...
块级编译-执行流水线已启用，块数=16
量子线路执行完成
执行时间: 8.64959 ms
传输时延: 0.084104 ms
计算时延: 0.148649 ms
规划时延: 0.043712 ms
HDD节点管理器已清空
CVStatePool 已重置
CVStatePool 销毁完成
CUDA设备检查: device_count=1, error=no error
CVStatePool 初始化完成: 单个qumode截断维度=16, 初始总维度=4096, 容量=128, 设备数=1
创建量子电路: 4 qubits, 3 qumodes, 截断维度=16, 执行GPU=0
构建量子线路...
量子线路构建完成
执行量子线路...
块级编译-执行流水线已启用，块数=16
量子线路执行完成
执行时间: 8.7516 ms
传输时延: 0.083161 ms
计算时延: 0.15316 ms
规划时延: 0.041998 ms
HDD节点管理器已清空
CVStatePool 已重置
CVStatePool 销毁完成
CUDA设备检查: device_count=1, error=no error
CVStatePool 初始化完成: 单个qumode截断维度=16, 初始总维度=4096, 容量=128, 设备数=1
创建量子电路: 4 qubits, 3 qumodes, 截断维度=16, 执行GPU=0
构建量子线路...
量子线路构建完成
执行量子线路...
块级编译-执行流水线已启用，块数=16
量子线路执行完成
执行时间: 8.69542 ms
传输时延: 0.083845 ms
计算时延: 0.155105 ms
规划时延: 0.04994 ms
HDD节点管理器已清空
CVStatePool 已重置
CVStatePool 销毁完成
CUDA设备检查: device_count=1, error=no error
CVStatePool 初始化完成: 单个qumode截断维度=16, 初始总维度=4096, 容量=128, 设备数=1
创建量子电路: 4 qubits, 3 qumodes, 截断维度=16, 执行GPU=0
构建量子线路...
量子线路构建完成
执行量子线路...
块级编译-执行流水线已启用，块数=16
量子线路执行完成
执行时间: 8.79916 ms
传输时延: 0.090904 ms
计算时延: 0.159875 ms
规划时延: 0.046292 ms
HDD节点管理器已清空
CVStatePool 已重置
CVStatePool 销毁完成
CUDA设备检查: device_count=1, error=no error
CVStatePool 初始化完成: 单个qumode截断维度=16, 初始总维度=4096, 容量=128, 设备数=1
创建量子电路: 4 qubits, 3 qumodes, 截断维度=16, 执行GPU=0
构建量子线路...
量子线路构建完成
执行量子线路...
块级编译-执行流水线已启用，块数=16
量子线路执行完成
执行时间: 8.7519 ms
传输时延: 0.083497 ms
计算时延: 0.147475 ms
规划时延: 0.043689 ms
HDD节点管理器已清空
CVStatePool 已重置
CVStatePool 销毁完成
CUDA设备检查: device_count=1, error=no error
CVStatePool 初始化完成: 单个qumode截断维度=16, 初始总维度=4096, 容量=128, 设备数=1
创建量子电路: 4 qubits, 3 qumodes, 截断维度=16, 执行GPU=0
构建量子线路...
量子线路构建完成
执行量子线路...
块级编译-执行流水线已启用，块数=16
量子线路执行完成
执行时间: 8.8276 ms
传输时延: 0.085368 ms
计算时延: 0.148897 ms
规划时延: 0.042881 ms
HDD节点管理器已清空
CVStatePool 已重置
CVStatePool 销毁完成
Wrote experiment report to "experiments/results/ablation_v2/sc26_jch_nq4_nm3_c16__no_symbolic.json"
Results: ok=1, unsupported=0, error=0
[DONE] sc26_jch_nq4_nm3_c16__no_symbolic
[RUN] sc26_jch_nq4_nm3_c16__no_symbolic_dense_fock
[GPUContext] Initialized with 1 device(s)
[MultiGPU] Initialized 1 GPU(s)
╔══════════════════════════════════════════════════╗
║          GPU Context Summary                    ║
╠══════════════════════════════════════════════════╣
║ GPU 0: NVIDIA L20                               ║
║   Compute: SM 8.9  |  SMs: 92    |  Warp: 32   ║
║   Memory:  45467 MiB total / 45177 MiB free    ║
║   SharedMem/Block:    48 KB  /SM:   100 KB    ║
╚══════════════════════════════════════════════════╝
CUDA设备检查: device_count=1, error=no error
CVStatePool 初始化完成: 单个qumode截断维度=16, 初始总维度=4096, 容量=128, 设备数=1
创建量子电路: 4 qubits, 3 qumodes, 截断维度=16, 执行GPU=0
构建量子线路...
量子线路构建完成
执行量子线路...
块级编译-执行流水线已启用，块数=16
量子线路执行完成
执行时间: 14.1861 ms
传输时延: 0.088775 ms
计算时延: 5.20619 ms
规划时延: 0.092996 ms
HDD节点管理器已清空
CVStatePool 已重置
CVStatePool 销毁完成
CUDA设备检查: device_count=1, error=no error
CVStatePool 初始化完成: 单个qumode截断维度=16, 初始总维度=4096, 容量=128, 设备数=1
创建量子电路: 4 qubits, 3 qumodes, 截断维度=16, 执行GPU=0
构建量子线路...
量子线路构建完成
执行量子线路...
块级编译-执行流水线已启用，块数=16
量子线路执行完成
执行时间: 12.7872 ms
传输时延: 0.085323 ms
计算时延: 4.13421 ms
规划时延: 0.05511 ms
HDD节点管理器已清空
CVStatePool 已重置
CVStatePool 销毁完成
CUDA设备检查: device_count=1, error=no error
CVStatePool 初始化完成: 单个qumode截断维度=16, 初始总维度=4096, 容量=128, 设备数=1
创建量子电路: 4 qubits, 3 qumodes, 截断维度=16, 执行GPU=0
构建量子线路...
量子线路构建完成
执行量子线路...
块级编译-执行流水线已启用，块数=16
量子线路执行完成
执行时间: 12.6773 ms
传输时延: 0.089371 ms
计算时延: 4.07774 ms
规划时延: 0.047235 ms
HDD节点管理器已清空
CVStatePool 已重置
CVStatePool 销毁完成
CUDA设备检查: device_count=1, error=no error
CVStatePool 初始化完成: 单个qumode截断维度=16, 初始总维度=4096, 容量=128, 设备数=1
创建量子电路: 4 qubits, 3 qumodes, 截断维度=16, 执行GPU=0
构建量子线路...
量子线路构建完成
执行量子线路...
块级编译-执行流水线已启用，块数=16
量子线路执行完成
执行时间: 12.6999 ms
传输时延: 0.086364 ms
计算时延: 4.07132 ms
规划时延: 0.043614 ms
HDD节点管理器已清空
CVStatePool 已重置
CVStatePool 销毁完成
CUDA设备检查: device_count=1, error=no error
CVStatePool 初始化完成: 单个qumode截断维度=16, 初始总维度=4096, 容量=128, 设备数=1
创建量子电路: 4 qubits, 3 qumodes, 截断维度=16, 执行GPU=0
构建量子线路...
量子线路构建完成
执行量子线路...
块级编译-执行流水线已启用，块数=16
量子线路执行完成
执行时间: 12.6815 ms
传输时延: 0.088889 ms
计算时延: 4.08525 ms
规划时延: 0.041876 ms
HDD节点管理器已清空
CVStatePool 已重置
CVStatePool 销毁完成
CUDA设备检查: device_count=1, error=no error
CVStatePool 初始化完成: 单个qumode截断维度=16, 初始总维度=4096, 容量=128, 设备数=1
创建量子电路: 4 qubits, 3 qumodes, 截断维度=16, 执行GPU=0
构建量子线路...
量子线路构建完成
执行量子线路...
块级编译-执行流水线已启用，块数=16
量子线路执行完成
执行时间: 12.684 ms
传输时延: 0.085848 ms
计算时延: 4.0723 ms
规划时延: 0.046282 ms
HDD节点管理器已清空
CVStatePool 已重置
CVStatePool 销毁完成
CUDA设备检查: device_count=1, error=no error
CVStatePool 初始化完成: 单个qumode截断维度=16, 初始总维度=4096, 容量=128, 设备数=1
创建量子电路: 4 qubits, 3 qumodes, 截断维度=16, 执行GPU=0
构建量子线路...
量子线路构建完成
执行量子线路...
块级编译-执行流水线已启用，块数=16
量子线路执行完成
执行时间: 12.6821 ms
传输时延: 0.091393 ms
计算时延: 4.05191 ms
规划时延: 0.044587 ms
HDD节点管理器已清空
CVStatePool 已重置
CVStatePool 销毁完成
CUDA设备检查: device_count=1, error=no error
CVStatePool 初始化完成: 单个qumode截断维度=16, 初始总维度=4096, 容量=128, 设备数=1
创建量子电路: 4 qubits, 3 qumodes, 截断维度=16, 执行GPU=0
构建量子线路...
量子线路构建完成
执行量子线路...
块级编译-执行流水线已启用，块数=16
量子线路执行完成
执行时间: 12.7201 ms
传输时延: 0.085513 ms
计算时延: 4.06099 ms
规划时延: 0.04196 ms
HDD节点管理器已清空
CVStatePool 已重置
CVStatePool 销毁完成
CUDA设备检查: device_count=1, error=no error
CVStatePool 初始化完成: 单个qumode截断维度=16, 初始总维度=4096, 容量=128, 设备数=1
创建量子电路: 4 qubits, 3 qumodes, 截断维度=16, 执行GPU=0
构建量子线路...
量子线路构建完成
执行量子线路...
块级编译-执行流水线已启用，块数=16
量子线路执行完成
执行时间: 12.6641 ms
传输时延: 0.085188 ms
计算时延: 4.05476 ms
规划时延: 0.051987 ms
HDD节点管理器已清空
CVStatePool 已重置
CVStatePool 销毁完成
CUDA设备检查: device_count=1, error=no error
CVStatePool 初始化完成: 单个qumode截断维度=16, 初始总维度=4096, 容量=128, 设备数=1
创建量子电路: 4 qubits, 3 qumodes, 截断维度=16, 执行GPU=0
构建量子线路...
量子线路构建完成
执行量子线路...
块级编译-执行流水线已启用，块数=16
量子线路执行完成
执行时间: 12.7057 ms
传输时延: 0.083571 ms
计算时延: 4.05001 ms
规划时延: 0.043729 ms
HDD节点管理器已清空
CVStatePool 已重置
CVStatePool 销毁完成
CUDA设备检查: device_count=1, error=no error
CVStatePool 初始化完成: 单个qumode截断维度=16, 初始总维度=4096, 容量=128, 设备数=1
创建量子电路: 4 qubits, 3 qumodes, 截断维度=16, 执行GPU=0
构建量子线路...
量子线路构建完成
执行量子线路...
块级编译-执行流水线已启用，块数=16
量子线路执行完成
执行时间: 12.7527 ms
传输时延: 0.08969 ms
计算时延: 4.07938 ms
规划时延: 0.04467 ms
HDD节点管理器已清空
CVStatePool 已重置
CVStatePool 销毁完成
CUDA设备检查: device_count=1, error=no error
CVStatePool 初始化完成: 单个qumode截断维度=16, 初始总维度=4096, 容量=128, 设备数=1
创建量子电路: 4 qubits, 3 qumodes, 截断维度=16, 执行GPU=0
构建量子线路...
量子线路构建完成
执行量子线路...
块级编译-执行流水线已启用，块数=16
量子线路执行完成
执行时间: 12.6854 ms
传输时延: 0.085481 ms
计算时延: 4.05891 ms
规划时延: 0.050673 ms
HDD节点管理器已清空
CVStatePool 已重置
CVStatePool 销毁完成
Wrote experiment report to "experiments/results/ablation_v2/sc26_jch_nq4_nm3_c16__no_symbolic_dense_fock.json"
Results: ok=1, unsupported=0, error=0
[DONE] sc26_jch_nq4_nm3_c16__no_symbolic_dense_fock
[RUN] sc26_jch_nq4_nm4_c16__full
[GPUContext] Initialized with 1 device(s)
[MultiGPU] Initialized 1 GPU(s)
╔══════════════════════════════════════════════════╗
║          GPU Context Summary                    ║
╠══════════════════════════════════════════════════╣
║ GPU 0: NVIDIA L20                               ║
║   Compute: SM 8.9  |  SMs: 92    |  Warp: 32   ║
║   Memory:  45467 MiB total / 45177 MiB free    ║
║   SharedMem/Block:    48 KB  /SM:   100 KB    ║
╚══════════════════════════════════════════════════╝
CUDA设备检查: device_count=1, error=no error
CVStatePool 初始化完成: 单个qumode截断维度=16, 初始总维度=65536, 容量=128, 设备数=1
创建量子电路: 4 qubits, 4 qumodes, 截断维度=16, 执行GPU=0
构建量子线路...
量子线路构建完成
执行量子线路...
块级编译-执行流水线已启用，块数=16
GaussianStatePool initialized: 4 qumodes, 4096 capacity (refcount-enabled).
量子线路执行完成
执行时间: 16.8488 ms
传输时延: 0.038187 ms
计算时延: 0.77622 ms
规划时延: 0.098452 ms
HDD节点管理器已清空
CVStatePool 已重置
CVStatePool 销毁完成
CUDA设备检查: device_count=1, error=no error
CVStatePool 初始化完成: 单个qumode截断维度=16, 初始总维度=65536, 容量=128, 设备数=1
创建量子电路: 4 qubits, 4 qumodes, 截断维度=16, 执行GPU=0
构建量子线路...
量子线路构建完成
执行量子线路...
块级编译-执行流水线已启用，块数=16
GaussianStatePool initialized: 4 qumodes, 4096 capacity (refcount-enabled).
量子线路执行完成
执行时间: 15.5338 ms
传输时延: 0.038547 ms
计算时延: 0.666412 ms
规划时延: 0.057893 ms
HDD节点管理器已清空
CVStatePool 已重置
CVStatePool 销毁完成
CUDA设备检查: device_count=1, error=no error
CVStatePool 初始化完成: 单个qumode截断维度=16, 初始总维度=65536, 容量=128, 设备数=1
创建量子电路: 4 qubits, 4 qumodes, 截断维度=16, 执行GPU=0
构建量子线路...
量子线路构建完成
执行量子线路...
块级编译-执行流水线已启用，块数=16
GaussianStatePool initialized: 4 qumodes, 4096 capacity (refcount-enabled).
量子线路执行完成
执行时间: 15.4515 ms
传输时延: 0.038497 ms
计算时延: 0.668054 ms
规划时延: 0.059573 ms
HDD节点管理器已清空
CVStatePool 已重置
CVStatePool 销毁完成
CUDA设备检查: device_count=1, error=no error
CVStatePool 初始化完成: 单个qumode截断维度=16, 初始总维度=65536, 容量=128, 设备数=1
创建量子电路: 4 qubits, 4 qumodes, 截断维度=16, 执行GPU=0
构建量子线路...
量子线路构建完成
执行量子线路...
块级编译-执行流水线已启用，块数=16
GaussianStatePool initialized: 4 qumodes, 4096 capacity (refcount-enabled).
量子线路执行完成
执行时间: 15.3763 ms
传输时延: 0.038315 ms
计算时延: 0.651592 ms
规划时延: 0.052379 ms
HDD节点管理器已清空
CVStatePool 已重置
CVStatePool 销毁完成
CUDA设备检查: device_count=1, error=no error
CVStatePool 初始化完成: 单个qumode截断维度=16, 初始总维度=65536, 容量=128, 设备数=1
创建量子电路: 4 qubits, 4 qumodes, 截断维度=16, 执行GPU=0
构建量子线路...
量子线路构建完成
执行量子线路...
块级编译-执行流水线已启用，块数=16
GaussianStatePool initialized: 4 qumodes, 4096 capacity (refcount-enabled).
量子线路执行完成
执行时间: 15.4418 ms
传输时延: 0.038261 ms
计算时延: 0.661139 ms
规划时延: 0.052532 ms
HDD节点管理器已清空
CVStatePool 已重置
CVStatePool 销毁完成
CUDA设备检查: device_count=1, error=no error
CVStatePool 初始化完成: 单个qumode截断维度=16, 初始总维度=65536, 容量=128, 设备数=1
创建量子电路: 4 qubits, 4 qumodes, 截断维度=16, 执行GPU=0
构建量子线路...
量子线路构建完成
执行量子线路...
块级编译-执行流水线已启用，块数=16
GaussianStatePool initialized: 4 qumodes, 4096 capacity (refcount-enabled).
量子线路执行完成
执行时间: 15.3829 ms
传输时延: 0.03762 ms
计算时延: 0.65628 ms
规划时延: 0.052654 ms
HDD节点管理器已清空
CVStatePool 已重置
CVStatePool 销毁完成
CUDA设备检查: device_count=1, error=no error
CVStatePool 初始化完成: 单个qumode截断维度=16, 初始总维度=65536, 容量=128, 设备数=1
创建量子电路: 4 qubits, 4 qumodes, 截断维度=16, 执行GPU=0
构建量子线路...
量子线路构建完成
执行量子线路...
块级编译-执行流水线已启用，块数=16
GaussianStatePool initialized: 4 qumodes, 4096 capacity (refcount-enabled).
量子线路执行完成
执行时间: 15.4057 ms
传输时延: 0.037227 ms
计算时延: 0.651974 ms
规划时延: 0.056733 ms
HDD节点管理器已清空
CVStatePool 已重置
CVStatePool 销毁完成
CUDA设备检查: device_count=1, error=no error
CVStatePool 初始化完成: 单个qumode截断维度=16, 初始总维度=65536, 容量=128, 设备数=1
创建量子电路: 4 qubits, 4 qumodes, 截断维度=16, 执行GPU=0
构建量子线路...
量子线路构建完成
执行量子线路...
块级编译-执行流水线已启用，块数=16
GaussianStatePool initialized: 4 qumodes, 4096 capacity (refcount-enabled).
量子线路执行完成
执行时间: 15.4058 ms
传输时延: 0.038308 ms
计算时延: 0.644542 ms
规划时延: 0.055428 ms
HDD节点管理器已清空
CVStatePool 已重置
CVStatePool 销毁完成
CUDA设备检查: device_count=1, error=no error
CVStatePool 初始化完成: 单个qumode截断维度=16, 初始总维度=65536, 容量=128, 设备数=1
创建量子电路: 4 qubits, 4 qumodes, 截断维度=16, 执行GPU=0
构建量子线路...
量子线路构建完成
执行量子线路...
块级编译-执行流水线已启用，块数=16
GaussianStatePool initialized: 4 qumodes, 4096 capacity (refcount-enabled).
量子线路执行完成
执行时间: 15.4067 ms
传输时延: 0.038102 ms
计算时延: 0.668254 ms
规划时延: 0.054243 ms
HDD节点管理器已清空
CVStatePool 已重置
CVStatePool 销毁完成
CUDA设备检查: device_count=1, error=no error
CVStatePool 初始化完成: 单个qumode截断维度=16, 初始总维度=65536, 容量=128, 设备数=1
创建量子电路: 4 qubits, 4 qumodes, 截断维度=16, 执行GPU=0
构建量子线路...
量子线路构建完成
执行量子线路...
块级编译-执行流水线已启用，块数=16
GaussianStatePool initialized: 4 qumodes, 4096 capacity (refcount-enabled).
量子线路执行完成
执行时间: 15.3778 ms
传输时延: 0.037865 ms
计算时延: 0.648039 ms
规划时延: 0.061739 ms
HDD节点管理器已清空
CVStatePool 已重置
CVStatePool 销毁完成
CUDA设备检查: device_count=1, error=no error
CVStatePool 初始化完成: 单个qumode截断维度=16, 初始总维度=65536, 容量=128, 设备数=1
创建量子电路: 4 qubits, 4 qumodes, 截断维度=16, 执行GPU=0
构建量子线路...
量子线路构建完成
执行量子线路...
块级编译-执行流水线已启用，块数=16
GaussianStatePool initialized: 4 qumodes, 4096 capacity (refcount-enabled).
量子线路执行完成
执行时间: 15.4133 ms
传输时延: 0.037925 ms
计算时延: 0.650815 ms
规划时延: 0.053043 ms
HDD节点管理器已清空
CVStatePool 已重置
CVStatePool 销毁完成
CUDA设备检查: device_count=1, error=no error
CVStatePool 初始化完成: 单个qumode截断维度=16, 初始总维度=65536, 容量=128, 设备数=1
创建量子电路: 4 qubits, 4 qumodes, 截断维度=16, 执行GPU=0
构建量子线路...
量子线路构建完成
执行量子线路...
块级编译-执行流水线已启用，块数=16
GaussianStatePool initialized: 4 qumodes, 4096 capacity (refcount-enabled).
量子线路执行完成
执行时间: 15.4358 ms
传输时延: 0.037957 ms
计算时延: 0.667952 ms
规划时延: 0.055109 ms
HDD节点管理器已清空
CVStatePool 已重置
CVStatePool 销毁完成
Wrote experiment report to "experiments/results/ablation_v2/sc26_jch_nq4_nm4_c16__full.json"
Results: ok=1, unsupported=0, error=0
[DONE] sc26_jch_nq4_nm4_c16__full
[RUN] sc26_jch_nq4_nm4_c16__no_symbolic
[GPUContext] Initialized with 1 device(s)
[MultiGPU] Initialized 1 GPU(s)
╔══════════════════════════════════════════════════╗
║          GPU Context Summary                    ║
╠══════════════════════════════════════════════════╣
║ GPU 0: NVIDIA L20                               ║
║   Compute: SM 8.9  |  SMs: 92    |  Warp: 32   ║
║   Memory:  45467 MiB total / 45177 MiB free    ║
║   SharedMem/Block:    48 KB  /SM:   100 KB    ║
╚══════════════════════════════════════════════════╝
CUDA设备检查: device_count=1, error=no error
CVStatePool 初始化完成: 单个qumode截断维度=16, 初始总维度=65536, 容量=128, 设备数=1
创建量子电路: 4 qubits, 4 qumodes, 截断维度=16, 执行GPU=0
构建量子线路...
量子线路构建完成
执行量子线路...
块级编译-执行流水线已启用，块数=16
量子线路执行完成
执行时间: 18.4687 ms
传输时延: 0.176781 ms
计算时延: 1.03957 ms
规划时延: 0.105546 ms
HDD节点管理器已清空
CVStatePool 已重置
CVStatePool 销毁完成
CUDA设备检查: device_count=1, error=no error
CVStatePool 初始化完成: 单个qumode截断维度=16, 初始总维度=65536, 容量=128, 设备数=1
创建量子电路: 4 qubits, 4 qumodes, 截断维度=16, 执行GPU=0
构建量子线路...
量子线路构建完成
执行量子线路...
块级编译-执行流水线已启用，块数=16
量子线路执行完成
执行时间: 17.2839 ms
传输时延: 0.085838 ms
计算时延: 0.180773 ms
规划时延: 0.067622 ms
HDD节点管理器已清空
CVStatePool 已重置
CVStatePool 销毁完成
CUDA设备检查: device_count=1, error=no error
CVStatePool 初始化完成: 单个qumode截断维度=16, 初始总维度=65536, 容量=128, 设备数=1
创建量子电路: 4 qubits, 4 qumodes, 截断维度=16, 执行GPU=0
构建量子线路...
量子线路构建完成
执行量子线路...
块级编译-执行流水线已启用，块数=16
量子线路执行完成
执行时间: 17.2615 ms
传输时延: 0.084262 ms
计算时延: 0.17987 ms
规划时延: 0.065353 ms
HDD节点管理器已清空
CVStatePool 已重置
CVStatePool 销毁完成
CUDA设备检查: device_count=1, error=no error
CVStatePool 初始化完成: 单个qumode截断维度=16, 初始总维度=65536, 容量=128, 设备数=1
创建量子电路: 4 qubits, 4 qumodes, 截断维度=16, 执行GPU=0
构建量子线路...
量子线路构建完成
执行量子线路...
块级编译-执行流水线已启用，块数=16
量子线路执行完成
执行时间: 17.2805 ms
传输时延: 0.085617 ms
计算时延: 0.190536 ms
规划时延: 0.05888 ms
HDD节点管理器已清空
CVStatePool 已重置
CVStatePool 销毁完成
CUDA设备检查: device_count=1, error=no error
CVStatePool 初始化完成: 单个qumode截断维度=16, 初始总维度=65536, 容量=128, 设备数=1
创建量子电路: 4 qubits, 4 qumodes, 截断维度=16, 执行GPU=0
构建量子线路...
量子线路构建完成
执行量子线路...
块级编译-执行流水线已启用，块数=16
量子线路执行完成
执行时间: 17.2535 ms
传输时延: 0.08302 ms
计算时延: 0.186173 ms
规划时延: 0.058027 ms
HDD节点管理器已清空
CVStatePool 已重置
CVStatePool 销毁完成
CUDA设备检查: device_count=1, error=no error
CVStatePool 初始化完成: 单个qumode截断维度=16, 初始总维度=65536, 容量=128, 设备数=1
创建量子电路: 4 qubits, 4 qumodes, 截断维度=16, 执行GPU=0
构建量子线路...
量子线路构建完成
执行量子线路...
块级编译-执行流水线已启用，块数=16
量子线路执行完成
执行时间: 17.2551 ms
传输时延: 0.085006 ms
计算时延: 0.179084 ms
规划时延: 0.05705 ms
HDD节点管理器已清空
CVStatePool 已重置
CVStatePool 销毁完成
CUDA设备检查: device_count=1, error=no error
CVStatePool 初始化完成: 单个qumode截断维度=16, 初始总维度=65536, 容量=128, 设备数=1
创建量子电路: 4 qubits, 4 qumodes, 截断维度=16, 执行GPU=0
构建量子线路...
量子线路构建完成
执行量子线路...
块级编译-执行流水线已启用，块数=16
量子线路执行完成
执行时间: 17.2831 ms
传输时延: 0.083722 ms
计算时延: 0.178629 ms
规划时延: 0.05801 ms
HDD节点管理器已清空
CVStatePool 已重置
CVStatePool 销毁完成
CUDA设备检查: device_count=1, error=no error
CVStatePool 初始化完成: 单个qumode截断维度=16, 初始总维度=65536, 容量=128, 设备数=1
创建量子电路: 4 qubits, 4 qumodes, 截断维度=16, 执行GPU=0
构建量子线路...
量子线路构建完成
执行量子线路...
块级编译-执行流水线已启用，块数=16
量子线路执行完成
执行时间: 17.2591 ms
传输时延: 0.086744 ms
计算时延: 0.177954 ms
规划时延: 0.071282 ms
HDD节点管理器已清空
CVStatePool 已重置
CVStatePool 销毁完成
CUDA设备检查: device_count=1, error=no error
CVStatePool 初始化完成: 单个qumode截断维度=16, 初始总维度=65536, 容量=128, 设备数=1
创建量子电路: 4 qubits, 4 qumodes, 截断维度=16, 执行GPU=0
构建量子线路...
量子线路构建完成
执行量子线路...
块级编译-执行流水线已启用，块数=16
量子线路执行完成
执行时间: 17.2654 ms
传输时延: 0.084286 ms
计算时延: 0.179708 ms
规划时延: 0.05814 ms
HDD节点管理器已清空
CVStatePool 已重置
CVStatePool 销毁完成
CUDA设备检查: device_count=1, error=no error
CVStatePool 初始化完成: 单个qumode截断维度=16, 初始总维度=65536, 容量=128, 设备数=1
创建量子电路: 4 qubits, 4 qumodes, 截断维度=16, 执行GPU=0
构建量子线路...
量子线路构建完成
执行量子线路...
块级编译-执行流水线已启用，块数=16
量子线路执行完成
执行时间: 17.2485 ms
传输时延: 0.089384 ms
计算时延: 0.184757 ms
规划时延: 0.062877 ms
HDD节点管理器已清空
CVStatePool 已重置
CVStatePool 销毁完成
CUDA设备检查: device_count=1, error=no error
CVStatePool 初始化完成: 单个qumode截断维度=16, 初始总维度=65536, 容量=128, 设备数=1
创建量子电路: 4 qubits, 4 qumodes, 截断维度=16, 执行GPU=0
构建量子线路...
量子线路构建完成
执行量子线路...
块级编译-执行流水线已启用，块数=16
量子线路执行完成
执行时间: 17.2255 ms
传输时延: 0.083883 ms
计算时延: 0.178513 ms
规划时延: 0.0587 ms
HDD节点管理器已清空
CVStatePool 已重置
CVStatePool 销毁完成
CUDA设备检查: device_count=1, error=no error
CVStatePool 初始化完成: 单个qumode截断维度=16, 初始总维度=65536, 容量=128, 设备数=1
创建量子电路: 4 qubits, 4 qumodes, 截断维度=16, 执行GPU=0
构建量子线路...
量子线路构建完成
执行量子线路...
块级编译-执行流水线已启用，块数=16
量子线路执行完成
执行时间: 17.2308 ms
传输时延: 0.084865 ms
计算时延: 0.175081 ms
规划时延: 0.058388 ms
HDD节点管理器已清空
CVStatePool 已重置
CVStatePool 销毁完成
Wrote experiment report to "experiments/results/ablation_v2/sc26_jch_nq4_nm4_c16__no_symbolic.json"
Results: ok=1, unsupported=0, error=0
[DONE] sc26_jch_nq4_nm4_c16__no_symbolic
[RUN] sc26_jch_nq4_nm4_c16__no_symbolic_dense_fock
[GPUContext] Initialized with 1 device(s)
[MultiGPU] Initialized 1 GPU(s)
╔══════════════════════════════════════════════════╗
║          GPU Context Summary                    ║
╠══════════════════════════════════════════════════╣
║ GPU 0: NVIDIA L20                               ║
║   Compute: SM 8.9  |  SMs: 92    |  Warp: 32   ║
║   Memory:  45467 MiB total / 45177 MiB free    ║
║   SharedMem/Block:    48 KB  /SM:   100 KB    ║
╚══════════════════════════════════════════════════╝
CUDA设备检查: device_count=1, error=no error
CVStatePool 初始化完成: 单个qumode截断维度=16, 初始总维度=65536, 容量=128, 设备数=1
创建量子电路: 4 qubits, 4 qumodes, 截断维度=16, 执行GPU=0
构建量子线路...
量子线路构建完成
执行量子线路...
块级编译-执行流水线已启用，块数=16
量子线路执行完成
执行时间: 77.9875 ms
传输时延: 0.091154 ms
计算时延: 63.1329 ms
规划时延: 0.085355 ms
HDD节点管理器已清空
CVStatePool 已重置
CVStatePool 销毁完成
CUDA设备检查: device_count=1, error=no error
CVStatePool 初始化完成: 单个qumode截断维度=16, 初始总维度=65536, 容量=128, 设备数=1
创建量子电路: 4 qubits, 4 qumodes, 截断维度=16, 执行GPU=0
构建量子线路...
量子线路构建完成
执行量子线路...
块级编译-执行流水线已启用，块数=16
量子线路执行完成
执行时间: 76.7007 ms
传输时延: 0.087762 ms
计算时延: 62.1882 ms
规划时延: 0.055315 ms
HDD节点管理器已清空
CVStatePool 已重置
CVStatePool 销毁完成
CUDA设备检查: device_count=1, error=no error
CVStatePool 初始化完成: 单个qumode截断维度=16, 初始总维度=65536, 容量=128, 设备数=1
创建量子电路: 4 qubits, 4 qumodes, 截断维度=16, 执行GPU=0
构建量子线路...
量子线路构建完成
执行量子线路...
块级编译-执行流水线已启用，块数=16
量子线路执行完成
执行时间: 76.6859 ms
传输时延: 0.090752 ms
计算时延: 62.1927 ms
规划时延: 0.059108 ms
HDD节点管理器已清空
CVStatePool 已重置
CVStatePool 销毁完成
CUDA设备检查: device_count=1, error=no error
CVStatePool 初始化完成: 单个qumode截断维度=16, 初始总维度=65536, 容量=128, 设备数=1
创建量子电路: 4 qubits, 4 qumodes, 截断维度=16, 执行GPU=0
构建量子线路...
量子线路构建完成
执行量子线路...
块级编译-执行流水线已启用，块数=16
量子线路执行完成
执行时间: 76.6601 ms
传输时延: 0.092307 ms
计算时延: 62.1929 ms
规划时延: 0.06317 ms
HDD节点管理器已清空
CVStatePool 已重置
CVStatePool 销毁完成
CUDA设备检查: device_count=1, error=no error
CVStatePool 初始化完成: 单个qumode截断维度=16, 初始总维度=65536, 容量=128, 设备数=1
创建量子电路: 4 qubits, 4 qumodes, 截断维度=16, 执行GPU=0
构建量子线路...
量子线路构建完成
执行量子线路...
块级编译-执行流水线已启用，块数=16
量子线路执行完成
执行时间: 76.7181 ms
传输时延: 0.088255 ms
计算时延: 62.2065 ms
规划时延: 0.056151 ms
HDD节点管理器已清空
CVStatePool 已重置
CVStatePool 销毁完成
CUDA设备检查: device_count=1, error=no error
CVStatePool 初始化完成: 单个qumode截断维度=16, 初始总维度=65536, 容量=128, 设备数=1
创建量子电路: 4 qubits, 4 qumodes, 截断维度=16, 执行GPU=0
构建量子线路...
量子线路构建完成
执行量子线路...
块级编译-执行流水线已启用，块数=16
量子线路执行完成
执行时间: 76.6975 ms
传输时延: 0.087036 ms
计算时延: 62.2042 ms
规划时延: 0.05464 ms
HDD节点管理器已清空
CVStatePool 已重置
CVStatePool 销毁完成
CUDA设备检查: device_count=1, error=no error
CVStatePool 初始化完成: 单个qumode截断维度=16, 初始总维度=65536, 容量=128, 设备数=1
创建量子电路: 4 qubits, 4 qumodes, 截断维度=16, 执行GPU=0
构建量子线路...
量子线路构建完成
执行量子线路...
块级编译-执行流水线已启用，块数=16
量子线路执行完成
执行时间: 76.729 ms
传输时延: 0.085108 ms
计算时延: 62.1928 ms
规划时延: 0.052737 ms
HDD节点管理器已清空
CVStatePool 已重置
CVStatePool 销毁完成
CUDA设备检查: device_count=1, error=no error
CVStatePool 初始化完成: 单个qumode截断维度=16, 初始总维度=65536, 容量=128, 设备数=1
创建量子电路: 4 qubits, 4 qumodes, 截断维度=16, 执行GPU=0
构建量子线路...
量子线路构建完成
执行量子线路...
块级编译-执行流水线已启用，块数=16
量子线路执行完成
执行时间: 76.7233 ms
传输时延: 0.086818 ms
计算时延: 62.2151 ms
规划时延: 0.052058 ms
HDD节点管理器已清空
CVStatePool 已重置
CVStatePool 销毁完成
CUDA设备检查: device_count=1, error=no error
CVStatePool 初始化完成: 单个qumode截断维度=16, 初始总维度=65536, 容量=128, 设备数=1
创建量子电路: 4 qubits, 4 qumodes, 截断维度=16, 执行GPU=0
构建量子线路...
量子线路构建完成
执行量子线路...
块级编译-执行流水线已启用，块数=16
量子线路执行完成
执行时间: 76.6941 ms
传输时延: 0.088349 ms
计算时延: 62.1899 ms
规划时延: 0.053006 ms
HDD节点管理器已清空
CVStatePool 已重置
CVStatePool 销毁完成
CUDA设备检查: device_count=1, error=no error
CVStatePool 初始化完成: 单个qumode截断维度=16, 初始总维度=65536, 容量=128, 设备数=1
创建量子电路: 4 qubits, 4 qumodes, 截断维度=16, 执行GPU=0
构建量子线路...
量子线路构建完成
执行量子线路...
块级编译-执行流水线已启用，块数=16
量子线路执行完成
执行时间: 76.651 ms
传输时延: 0.087086 ms
计算时延: 62.1797 ms
规划时延: 0.052458 ms
HDD节点管理器已清空
CVStatePool 已重置
CVStatePool 销毁完成
CUDA设备检查: device_count=1, error=no error
CVStatePool 初始化完成: 单个qumode截断维度=16, 初始总维度=65536, 容量=128, 设备数=1
创建量子电路: 4 qubits, 4 qumodes, 截断维度=16, 执行GPU=0
构建量子线路...
量子线路构建完成
执行量子线路...
块级编译-执行流水线已启用，块数=16
量子线路执行完成
执行时间: 76.7463 ms
传输时延: 0.08762 ms
计算时延: 62.1915 ms
规划时延: 0.054842 ms
HDD节点管理器已清空
CVStatePool 已重置
CVStatePool 销毁完成
CUDA设备检查: device_count=1, error=no error
CVStatePool 初始化完成: 单个qumode截断维度=16, 初始总维度=65536, 容量=128, 设备数=1
创建量子电路: 4 qubits, 4 qumodes, 截断维度=16, 执行GPU=0
构建量子线路...
量子线路构建完成
执行量子线路...
块级编译-执行流水线已启用，块数=16
量子线路执行完成
执行时间: 76.6979 ms
传输时延: 0.086654 ms
计算时延: 62.1988 ms
规划时延: 0.054324 ms
HDD节点管理器已清空
CVStatePool 已重置
CVStatePool 销毁完成
Wrote experiment report to "experiments/results/ablation_v2/sc26_jch_nq4_nm4_c16__no_symbolic_dense_fock.json"
Results: ok=1, unsupported=0, error=0
[DONE] sc26_jch_nq4_nm4_c16__no_symbolic_dense_fock
[RUN] sc26_jch_nq4_nm5_c16__full
[GPUContext] Initialized with 1 device(s)
[MultiGPU] Initialized 1 GPU(s)
╔══════════════════════════════════════════════════╗
║          GPU Context Summary                    ║
╠══════════════════════════════════════════════════╣
║ GPU 0: NVIDIA L20                               ║
║   Compute: SM 8.9  |  SMs: 92    |  Warp: 32   ║
║   Memory:  45467 MiB total / 45177 MiB free    ║
║   SharedMem/Block:    48 KB  /SM:   100 KB    ║
╚══════════════════════════════════════════════════╝
CUDA设备检查: device_count=1, error=no error
CVStatePool 初始化完成: 单个qumode截断维度=16, 初始总维度=1048576, 容量=128, 设备数=1
创建量子电路: 4 qubits, 5 qumodes, 截断维度=16, 执行GPU=0
构建量子线路...
量子线路构建完成
执行量子线路...
块级编译-执行流水线已启用，块数=16
GaussianStatePool initialized: 5 qumodes, 4096 capacity (refcount-enabled).
量子线路执行完成
执行时间: 70.7648 ms
传输时延: 0.038842 ms
计算时延: 1.02834 ms
规划时延: 0.10209 ms
HDD节点管理器已清空
CVStatePool 已重置
CVStatePool 销毁完成
CUDA设备检查: device_count=1, error=no error
CVStatePool 初始化完成: 单个qumode截断维度=16, 初始总维度=1048576, 容量=128, 设备数=1
创建量子电路: 4 qubits, 5 qumodes, 截断维度=16, 执行GPU=0
构建量子线路...
量子线路构建完成
执行量子线路...
块级编译-执行流水线已启用，块数=16
GaussianStatePool initialized: 5 qumodes, 4096 capacity (refcount-enabled).
量子线路执行完成
执行时间: 69.4333 ms
传输时延: 0.041721 ms
计算时延: 0.922613 ms
规划时延: 0.07087 ms
HDD节点管理器已清空
CVStatePool 已重置
CVStatePool 销毁完成
CUDA设备检查: device_count=1, error=no error
CVStatePool 初始化完成: 单个qumode截断维度=16, 初始总维度=1048576, 容量=128, 设备数=1
创建量子电路: 4 qubits, 5 qumodes, 截断维度=16, 执行GPU=0
构建量子线路...
量子线路构建完成
执行量子线路...
块级编译-执行流水线已启用，块数=16
GaussianStatePool initialized: 5 qumodes, 4096 capacity (refcount-enabled).
量子线路执行完成
执行时间: 69.4768 ms
传输时延: 0.039895 ms
计算时延: 0.923012 ms
规划时延: 0.064887 ms
HDD节点管理器已清空
CVStatePool 已重置
CVStatePool 销毁完成
CUDA设备检查: device_count=1, error=no error
CVStatePool 初始化完成: 单个qumode截断维度=16, 初始总维度=1048576, 容量=128, 设备数=1
创建量子电路: 4 qubits, 5 qumodes, 截断维度=16, 执行GPU=0
构建量子线路...
量子线路构建完成
执行量子线路...
块级编译-执行流水线已启用，块数=16
GaussianStatePool initialized: 5 qumodes, 4096 capacity (refcount-enabled).
量子线路执行完成
执行时间: 69.4695 ms
传输时延: 0.040106 ms
计算时延: 0.915989 ms
规划时延: 0.062592 ms
HDD节点管理器已清空
CVStatePool 已重置
CVStatePool 销毁完成
CUDA设备检查: device_count=1, error=no error
CVStatePool 初始化完成: 单个qumode截断维度=16, 初始总维度=1048576, 容量=128, 设备数=1
创建量子电路: 4 qubits, 5 qumodes, 截断维度=16, 执行GPU=0
构建量子线路...
量子线路构建完成
执行量子线路...
块级编译-执行流水线已启用，块数=16
GaussianStatePool initialized: 5 qumodes, 4096 capacity (refcount-enabled).
量子线路执行完成
执行时间: 69.4698 ms
传输时延: 0.040804 ms
计算时延: 0.928 ms
规划时延: 0.060026 ms
HDD节点管理器已清空
CVStatePool 已重置
CVStatePool 销毁完成
CUDA设备检查: device_count=1, error=no error
CVStatePool 初始化完成: 单个qumode截断维度=16, 初始总维度=1048576, 容量=128, 设备数=1
创建量子电路: 4 qubits, 5 qumodes, 截断维度=16, 执行GPU=0
构建量子线路...
量子线路构建完成
执行量子线路...
块级编译-执行流水线已启用，块数=16
GaussianStatePool initialized: 5 qumodes, 4096 capacity (refcount-enabled).
量子线路执行完成
执行时间: 69.426 ms
传输时延: 0.040122 ms
计算时延: 0.911313 ms
规划时延: 0.059005 ms
HDD节点管理器已清空
CVStatePool 已重置
CVStatePool 销毁完成
CUDA设备检查: device_count=1, error=no error
CVStatePool 初始化完成: 单个qumode截断维度=16, 初始总维度=1048576, 容量=128, 设备数=1
创建量子电路: 4 qubits, 5 qumodes, 截断维度=16, 执行GPU=0
构建量子线路...
量子线路构建完成
执行量子线路...
块级编译-执行流水线已启用，块数=16
GaussianStatePool initialized: 5 qumodes, 4096 capacity (refcount-enabled).
量子线路执行完成
执行时间: 69.3877 ms
传输时延: 0.040281 ms
计算时延: 0.910605 ms
规划时延: 0.061022 ms
HDD节点管理器已清空
CVStatePool 已重置
CVStatePool 销毁完成
CUDA设备检查: device_count=1, error=no error
CVStatePool 初始化完成: 单个qumode截断维度=16, 初始总维度=1048576, 容量=128, 设备数=1
创建量子电路: 4 qubits, 5 qumodes, 截断维度=16, 执行GPU=0
构建量子线路...
量子线路构建完成
执行量子线路...
块级编译-执行流水线已启用，块数=16
GaussianStatePool initialized: 5 qumodes, 4096 capacity (refcount-enabled).
量子线路执行完成
执行时间: 69.4269 ms
传输时延: 0.043505 ms
计算时延: 0.914583 ms
规划时延: 0.058156 ms
HDD节点管理器已清空
CVStatePool 已重置
CVStatePool 销毁完成
CUDA设备检查: device_count=1, error=no error
CVStatePool 初始化完成: 单个qumode截断维度=16, 初始总维度=1048576, 容量=128, 设备数=1
创建量子电路: 4 qubits, 5 qumodes, 截断维度=16, 执行GPU=0
构建量子线路...
量子线路构建完成
执行量子线路...
块级编译-执行流水线已启用，块数=16
GaussianStatePool initialized: 5 qumodes, 4096 capacity (refcount-enabled).
量子线路执行完成
执行时间: 69.4267 ms
传输时延: 0.041192 ms
计算时延: 0.901147 ms
规划时延: 0.063961 ms
HDD节点管理器已清空
CVStatePool 已重置
CVStatePool 销毁完成
CUDA设备检查: device_count=1, error=no error
CVStatePool 初始化完成: 单个qumode截断维度=16, 初始总维度=1048576, 容量=128, 设备数=1
创建量子电路: 4 qubits, 5 qumodes, 截断维度=16, 执行GPU=0
构建量子线路...
量子线路构建完成
执行量子线路...
块级编译-执行流水线已启用，块数=16
GaussianStatePool initialized: 5 qumodes, 4096 capacity (refcount-enabled).
量子线路执行完成
执行时间: 69.4097 ms
传输时延: 0.039262 ms
计算时延: 0.91745 ms
规划时延: 0.056028 ms
HDD节点管理器已清空
CVStatePool 已重置
CVStatePool 销毁完成
CUDA设备检查: device_count=1, error=no error
CVStatePool 初始化完成: 单个qumode截断维度=16, 初始总维度=1048576, 容量=128, 设备数=1
创建量子电路: 4 qubits, 5 qumodes, 截断维度=16, 执行GPU=0
构建量子线路...
量子线路构建完成
执行量子线路...
块级编译-执行流水线已启用，块数=16
GaussianStatePool initialized: 5 qumodes, 4096 capacity (refcount-enabled).
量子线路执行完成
执行时间: 69.4207 ms
传输时延: 0.040534 ms
计算时延: 0.904225 ms
规划时延: 0.058188 ms
HDD节点管理器已清空
CVStatePool 已重置
CVStatePool 销毁完成
CUDA设备检查: device_count=1, error=no error
CVStatePool 初始化完成: 单个qumode截断维度=16, 初始总维度=1048576, 容量=128, 设备数=1
创建量子电路: 4 qubits, 5 qumodes, 截断维度=16, 执行GPU=0
构建量子线路...
量子线路构建完成
执行量子线路...
块级编译-执行流水线已启用，块数=16
GaussianStatePool initialized: 5 qumodes, 4096 capacity (refcount-enabled).
量子线路执行完成
执行时间: 69.4419 ms
传输时延: 0.039682 ms
计算时延: 0.93595 ms
规划时延: 0.059395 ms
HDD节点管理器已清空
CVStatePool 已重置
CVStatePool 销毁完成
Wrote experiment report to "experiments/results/ablation_v2/sc26_jch_nq4_nm5_c16__full.json"
Results: ok=1, unsupported=0, error=0
[DONE] sc26_jch_nq4_nm5_c16__full
[RUN] sc26_jch_nq4_nm5_c16__no_symbolic
[GPUContext] Initialized with 1 device(s)
[MultiGPU] Initialized 1 GPU(s)
╔══════════════════════════════════════════════════╗
║          GPU Context Summary                    ║
╠══════════════════════════════════════════════════╣
║ GPU 0: NVIDIA L20                               ║
║   Compute: SM 8.9  |  SMs: 92    |  Warp: 32   ║
║   Memory:  45467 MiB total / 45177 MiB free    ║
║   SharedMem/Block:    48 KB  /SM:   100 KB    ║
╚══════════════════════════════════════════════════╝
CUDA设备检查: device_count=1, error=no error
CVStatePool 初始化完成: 单个qumode截断维度=16, 初始总维度=1048576, 容量=128, 设备数=1
创建量子电路: 4 qubits, 5 qumodes, 截断维度=16, 执行GPU=0
构建量子线路...
量子线路构建完成
执行量子线路...
块级编译-执行流水线已启用，块数=16
量子线路执行完成
执行时间: 149.129 ms
传输时延: 2.62938 ms
计算时延: 3.72998 ms
规划时延: 0.104095 ms
HDD节点管理器已清空
CVStatePool 已重置
CVStatePool 销毁完成
CUDA设备检查: device_count=1, error=no error
CVStatePool 初始化完成: 单个qumode截断维度=16, 初始总维度=1048576, 容量=128, 设备数=1
创建量子电路: 4 qubits, 5 qumodes, 截断维度=16, 执行GPU=0
构建量子线路...
量子线路构建完成
执行量子线路...
块级编译-执行流水线已启用，块数=16
量子线路执行完成
执行时间: 148.107 ms
传输时延: 0.09261 ms
计算时延: 0.267239 ms
规划时延: 0.072041 ms
HDD节点管理器已清空
CVStatePool 已重置
CVStatePool 销毁完成
CUDA设备检查: device_count=1, error=no error
CVStatePool 初始化完成: 单个qumode截断维度=16, 初始总维度=1048576, 容量=128, 设备数=1
创建量子电路: 4 qubits, 5 qumodes, 截断维度=16, 执行GPU=0
构建量子线路...
量子线路构建完成
执行量子线路...
块级编译-执行流水线已启用，块数=16
量子线路执行完成
执行时间: 148.018 ms
传输时延: 0.089586 ms
计算时延: 0.268188 ms
规划时延: 0.070618 ms
HDD节点管理器已清空
CVStatePool 已重置
CVStatePool 销毁完成
CUDA设备检查: device_count=1, error=no error
CVStatePool 初始化完成: 单个qumode截断维度=16, 初始总维度=1048576, 容量=128, 设备数=1
创建量子电路: 4 qubits, 5 qumodes, 截断维度=16, 执行GPU=0
构建量子线路...
量子线路构建完成
执行量子线路...
块级编译-执行流水线已启用，块数=16
量子线路执行完成
执行时间: 148.101 ms
传输时延: 0.091935 ms
计算时延: 0.277935 ms
规划时延: 0.062601 ms
HDD节点管理器已清空
CVStatePool 已重置
CVStatePool 销毁完成
CUDA设备检查: device_count=1, error=no error
CVStatePool 初始化完成: 单个qumode截断维度=16, 初始总维度=1048576, 容量=128, 设备数=1
创建量子电路: 4 qubits, 5 qumodes, 截断维度=16, 执行GPU=0
构建量子线路...
量子线路构建完成
执行量子线路...
块级编译-执行流水线已启用，块数=16
量子线路执行完成
执行时间: 148.175 ms
传输时延: 0.097205 ms
计算时延: 0.28276 ms
规划时延: 0.06235 ms
HDD节点管理器已清空
CVStatePool 已重置
CVStatePool 销毁完成
CUDA设备检查: device_count=1, error=no error
CVStatePool 初始化完成: 单个qumode截断维度=16, 初始总维度=1048576, 容量=128, 设备数=1
创建量子电路: 4 qubits, 5 qumodes, 截断维度=16, 执行GPU=0
构建量子线路...
量子线路构建完成
执行量子线路...
块级编译-执行流水线已启用，块数=16
量子线路执行完成
执行时间: 148.149 ms
传输时延: 0.095492 ms
计算时延: 0.296585 ms
规划时延: 0.073252 ms
HDD节点管理器已清空
CVStatePool 已重置
CVStatePool 销毁完成
CUDA设备检查: device_count=1, error=no error
CVStatePool 初始化完成: 单个qumode截断维度=16, 初始总维度=1048576, 容量=128, 设备数=1
创建量子电路: 4 qubits, 5 qumodes, 截断维度=16, 执行GPU=0
构建量子线路...
量子线路构建完成
执行量子线路...
块级编译-执行流水线已启用，块数=16
量子线路执行完成
执行时间: 148.123 ms
传输时延: 0.097059 ms
计算时延: 0.286122 ms
规划时延: 0.074407 ms
HDD节点管理器已清空
CVStatePool 已重置
CVStatePool 销毁完成
CUDA设备检查: device_count=1, error=no error
CVStatePool 初始化完成: 单个qumode截断维度=16, 初始总维度=1048576, 容量=128, 设备数=1
创建量子电路: 4 qubits, 5 qumodes, 截断维度=16, 执行GPU=0
构建量子线路...
量子线路构建完成
执行量子线路...
块级编译-执行流水线已启用，块数=16
量子线路执行完成
执行时间: 148.073 ms
传输时延: 0.092231 ms
计算时延: 0.276033 ms
规划时延: 0.062698 ms
HDD节点管理器已清空
CVStatePool 已重置
CVStatePool 销毁完成
CUDA设备检查: device_count=1, error=no error
CVStatePool 初始化完成: 单个qumode截断维度=16, 初始总维度=1048576, 容量=128, 设备数=1
创建量子电路: 4 qubits, 5 qumodes, 截断维度=16, 执行GPU=0
构建量子线路...
量子线路构建完成
执行量子线路...
块级编译-执行流水线已启用，块数=16
量子线路执行完成
执行时间: 148.124 ms
传输时延: 0.092079 ms
计算时延: 0.277726 ms
规划时延: 0.066875 ms
HDD节点管理器已清空
CVStatePool 已重置
CVStatePool 销毁完成
CUDA设备检查: device_count=1, error=no error
CVStatePool 初始化完成: 单个qumode截断维度=16, 初始总维度=1048576, 容量=128, 设备数=1
创建量子电路: 4 qubits, 5 qumodes, 截断维度=16, 执行GPU=0
构建量子线路...
量子线路构建完成
执行量子线路...
块级编译-执行流水线已启用，块数=16
量子线路执行完成
执行时间: 148.088 ms
传输时延: 0.091738 ms
计算时延: 0.278313 ms
规划时延: 0.064717 ms
HDD节点管理器已清空
CVStatePool 已重置
CVStatePool 销毁完成
CUDA设备检查: device_count=1, error=no error
CVStatePool 初始化完成: 单个qumode截断维度=16, 初始总维度=1048576, 容量=128, 设备数=1
创建量子电路: 4 qubits, 5 qumodes, 截断维度=16, 执行GPU=0
构建量子线路...
量子线路构建完成
执行量子线路...
块级编译-执行流水线已启用，块数=16
量子线路执行完成
执行时间: 148.099 ms
传输时延: 0.09035 ms
计算时延: 0.281182 ms
规划时延: 0.067924 ms
HDD节点管理器已清空
CVStatePool 已重置
CVStatePool 销毁完成
CUDA设备检查: device_count=1, error=no error
CVStatePool 初始化完成: 单个qumode截断维度=16, 初始总维度=1048576, 容量=128, 设备数=1
创建量子电路: 4 qubits, 5 qumodes, 截断维度=16, 执行GPU=0
构建量子线路...
量子线路构建完成
执行量子线路...
块级编译-执行流水线已启用，块数=16
量子线路执行完成
执行时间: 148.155 ms
传输时延: 0.096794 ms
计算时延: 0.285641 ms
规划时延: 0.061754 ms
HDD节点管理器已清空
CVStatePool 已重置
CVStatePool 销毁完成
Wrote experiment report to "experiments/results/ablation_v2/sc26_jch_nq4_nm5_c16__no_symbolic.json"
Results: ok=1, unsupported=0, error=0
[DONE] sc26_jch_nq4_nm5_c16__no_symbolic
[RUN] sc26_jch_nq4_nm5_c16__no_symbolic_dense_fock
[GPUContext] Initialized with 1 device(s)
[MultiGPU] Initialized 1 GPU(s)
╔══════════════════════════════════════════════════╗
║          GPU Context Summary                    ║
╠══════════════════════════════════════════════════╣
║ GPU 0: NVIDIA L20                               ║
║   Compute: SM 8.9  |  SMs: 92    |  Warp: 32   ║
║   Memory:  45467 MiB total / 45177 MiB free    ║
║   SharedMem/Block:    48 KB  /SM:   100 KB    ║
╚══════════════════════════════════════════════════╝
CUDA设备检查: device_count=1, error=no error
CVStatePool 初始化完成: 单个qumode截断维度=16, 初始总维度=1048576, 容量=128, 设备数=1
创建量子电路: 4 qubits, 5 qumodes, 截断维度=16, 执行GPU=0
构建量子线路...
量子线路构建完成
执行量子线路...
块级编译-执行流水线已启用，块数=16
量子线路执行完成
执行时间: 1367.75 ms
传输时延: 0.101915 ms
计算时延: 1292.35 ms
规划时延: 0.110929 ms
HDD节点管理器已清空
CVStatePool 已重置
CVStatePool 销毁完成
CUDA设备检查: device_count=1, error=no error
CVStatePool 初始化完成: 单个qumode截断维度=16, 初始总维度=1048576, 容量=128, 设备数=1
创建量子电路: 4 qubits, 5 qumodes, 截断维度=16, 执行GPU=0
构建量子线路...
量子线路构建完成
执行量子线路...
块级编译-执行流水线已启用，块数=16
量子线路执行完成
执行时间: 1367.02 ms
传输时延: 0.102819 ms
计算时延: 1291.89 ms
规划时延: 0.079811 ms
HDD节点管理器已清空
CVStatePool 已重置
CVStatePool 销毁完成
CUDA设备检查: device_count=1, error=no error
CVStatePool 初始化完成: 单个qumode截断维度=16, 初始总维度=1048576, 容量=128, 设备数=1
创建量子电路: 4 qubits, 5 qumodes, 截断维度=16, 执行GPU=0
构建量子线路...
量子线路构建完成
执行量子线路...
块级编译-执行流水线已启用，块数=16
量子线路执行完成
执行时间: 1367.01 ms
传输时延: 0.103243 ms
计算时延: 1291.88 ms
规划时延: 0.067007 ms
HDD节点管理器已清空
CVStatePool 已重置
CVStatePool 销毁完成
CUDA设备检查: device_count=1, error=no error
CVStatePool 初始化完成: 单个qumode截断维度=16, 初始总维度=1048576, 容量=128, 设备数=1
创建量子电路: 4 qubits, 5 qumodes, 截断维度=16, 执行GPU=0
构建量子线路...
量子线路构建完成
执行量子线路...
块级编译-执行流水线已启用，块数=16
量子线路执行完成
执行时间: 1367 ms
传输时延: 0.101808 ms
计算时延: 1291.79 ms
规划时延: 0.069778 ms
HDD节点管理器已清空
CVStatePool 已重置
CVStatePool 销毁完成
CUDA设备检查: device_count=1, error=no error
CVStatePool 初始化完成: 单个qumode截断维度=16, 初始总维度=1048576, 容量=128, 设备数=1
创建量子电路: 4 qubits, 5 qumodes, 截断维度=16, 执行GPU=0
构建量子线路...
量子线路构建完成
执行量子线路...
块级编译-执行流水线已启用，块数=16
量子线路执行完成
执行时间: 1366.98 ms
传输时延: 0.103865 ms
计算时延: 1291.82 ms
规划时延: 0.072897 ms
HDD节点管理器已清空
CVStatePool 已重置
CVStatePool 销毁完成
CUDA设备检查: device_count=1, error=no error
CVStatePool 初始化完成: 单个qumode截断维度=16, 初始总维度=1048576, 容量=128, 设备数=1
创建量子电路: 4 qubits, 5 qumodes, 截断维度=16, 执行GPU=0
构建量子线路...
量子线路构建完成
执行量子线路...
块级编译-执行流水线已启用，块数=16
量子线路执行完成
执行时间: 1367.09 ms
传输时延: 0.104221 ms
计算时延: 1291.85 ms
规划时延: 0.076457 ms
HDD节点管理器已清空
CVStatePool 已重置
CVStatePool 销毁完成
CUDA设备检查: device_count=1, error=no error
CVStatePool 初始化完成: 单个qumode截断维度=16, 初始总维度=1048576, 容量=128, 设备数=1
创建量子电路: 4 qubits, 5 qumodes, 截断维度=16, 执行GPU=0
构建量子线路...
量子线路构建完成
执行量子线路...
块级编译-执行流水线已启用，块数=16
量子线路执行完成
执行时间: 1366.95 ms
传输时延: 0.100469 ms
计算时延: 1291.84 ms
规划时延: 0.069055 ms
HDD节点管理器已清空
CVStatePool 已重置
CVStatePool 销毁完成
CUDA设备检查: device_count=1, error=no error
CVStatePool 初始化完成: 单个qumode截断维度=16, 初始总维度=1048576, 容量=128, 设备数=1
创建量子电路: 4 qubits, 5 qumodes, 截断维度=16, 执行GPU=0
构建量子线路...
量子线路构建完成
执行量子线路...
块级编译-执行流水线已启用，块数=16
量子线路执行完成
执行时间: 1366.95 ms
传输时延: 0.100329 ms
计算时延: 1291.82 ms
规划时延: 0.069437 ms
HDD节点管理器已清空
CVStatePool 已重置
CVStatePool 销毁完成
CUDA设备检查: device_count=1, error=no error
CVStatePool 初始化完成: 单个qumode截断维度=16, 初始总维度=1048576, 容量=128, 设备数=1
创建量子电路: 4 qubits, 5 qumodes, 截断维度=16, 执行GPU=0
构建量子线路...
量子线路构建完成
执行量子线路...
块级编译-执行流水线已启用，块数=16
量子线路执行完成
执行时间: 1367.05 ms
传输时延: 0.103946 ms
计算时延: 1291.87 ms
规划时延: 0.072935 ms
HDD节点管理器已清空
CVStatePool 已重置
CVStatePool 销毁完成
CUDA设备检查: device_count=1, error=no error
CVStatePool 初始化完成: 单个qumode截断维度=16, 初始总维度=1048576, 容量=128, 设备数=1
创建量子电路: 4 qubits, 5 qumodes, 截断维度=16, 执行GPU=0
构建量子线路...
量子线路构建完成
执行量子线路...
块级编译-执行流水线已启用，块数=16
量子线路执行完成
执行时间: 1366.93 ms
传输时延: 0.102462 ms
计算时延: 1291.85 ms
规划时延: 0.075465 ms
HDD节点管理器已清空
CVStatePool 已重置
CVStatePool 销毁完成
CUDA设备检查: device_count=1, error=no error
CVStatePool 初始化完成: 单个qumode截断维度=16, 初始总维度=1048576, 容量=128, 设备数=1
创建量子电路: 4 qubits, 5 qumodes, 截断维度=16, 执行GPU=0
构建量子线路...
量子线路构建完成
执行量子线路...
块级编译-执行流水线已启用，块数=16
量子线路执行完成
执行时间: 1367.01 ms
传输时延: 0.102748 ms
计算时延: 1291.83 ms
规划时延: 0.07079 ms
HDD节点管理器已清空
CVStatePool 已重置
CVStatePool 销毁完成
CUDA设备检查: device_count=1, error=no error
CVStatePool 初始化完成: 单个qumode截断维度=16, 初始总维度=1048576, 容量=128, 设备数=1
创建量子电路: 4 qubits, 5 qumodes, 截断维度=16, 执行GPU=0
构建量子线路...
量子线路构建完成
执行量子线路...
块级编译-执行流水线已启用，块数=16
量子线路执行完成
执行时间: 1366.93 ms
传输时延: 0.106674 ms
计算时延: 1291.84 ms
规划时延: 0.070994 ms
HDD节点管理器已清空
CVStatePool 已重置
CVStatePool 销毁完成
Wrote experiment report to "experiments/results/ablation_v2/sc26_jch_nq4_nm5_c16__no_symbolic_dense_fock.json"
Results: ok=1, unsupported=0, error=0
[DONE] sc26_jch_nq4_nm5_c16__no_symbolic_dense_fock
=== Complete (Wed Apr  8 01:23:07 AM UTC 2026) ===
